BALANCE_log,PURCHASES_log,ONEOFF_PURCHASES_log,INSTALLMENTS_PURCHASES_log,CASH_ADVANCE_log,CREDIT_LIMIT_log,PAYMENTS_log
3.735303702663308,4.5685062016165,0.0,4.5685062016165,0.0,6.90875477931522,5.312230547798351
8.07198906965229,0.0,0.0,0.0,8.77089628414314,8.853808274977197,8.319725329557853
7.82250436793527,6.651791487715673,6.651791487715673,0.0,0.0,8.922791623969637,6.434653643065494
7.419183046623112,7.313220387090301,7.313220387090301,0.0,5.331694196081131,8.922791623969637,0.0
6.70773522569534,2.833213344056216,2.833213344056216,0.0,0.0,7.0909098220799835,6.521114029626576
7.5015398929484585,7.1961470995031585,0.0,7.1961470995031585,0.0,7.496097345175956,7.244982780319138
6.442955376434953,8.866724077232586,8.764620296057728,6.535792642927974,0.0,9.510519035757246,8.757046643926731
7.509144970103254,6.080390756302384,0.0,6.080390756302384,0.0,7.741099090035366,6.522188502413885
6.92355625642517,6.759823554635403,6.496005463406834,5.303304908059076,0.0,8.853808274977197,6.535645496995635
5.031913792542936,7.156644546714762,7.156644546714762,0.0,0.0,9.305741456739435,7.06113759883932
7.16559002295018,6.8255903209275,0.0,6.8255903209275,0.0,7.0909098220799835,6.988690825187471
6.448564569245062,7.308663352897687,7.308663352897687,0.0,0.0,7.601402334583733,6.560491096026781
7.325101934452095,8.076822924739153,7.824537889863976,6.577527505058253,0.0,8.006700845440367,6.412251160861846
6.827296968040859,7.668060982974215,6.042537817291983,7.44948055322358,0.0,8.922791623969637,7.412698496269839
7.927963670337596,0.0,0.0,0.0,5.851660350090109,8.006700845440367,6.692887357486858
8.83742181644191,7.38566507198647,0.0,7.38566507198647,7.741746975288393,8.987321812850125,7.598118225657629
7.636787979616954,0.0,0.0,0.0,7.932101784121888,8.006700845440367,5.973744882038962
3.739798042057795,6.253828811575473,0.0,6.253828811575473,0.0,7.824445930877619,5.543577188189688
7.59592621253726,6.225251258520672,5.117993812416755,5.827032023149767,0.0,9.472781556562168,7.451147239761315
8.182830589190715,5.990564141864818,0.0,5.990564141864818,0.0,8.294299608857235,6.96127752820317
7.609705937961825,5.179984179586172,0.0,5.179984179586172,0.0,7.601402334583733,5.411952254970081
8.75943815450699,8.757933016248602,8.684577067845966,6.111267763047603,5.438202105731185,9.328212292571072,7.639622591175338
4.892919056208852,6.705516688347823,0.0,6.705516688347823,0.0,7.496097345175956,7.766683793755752
8.24305929376845,8.354521309045298,8.147739807003912,6.67807792881693,8.984119042407901,9.105090961257085,9.156944219921918
8.588503336828897,0.0,0.0,0.0,6.684549054454003,8.699681400989514,7.261033154311494
5.140386009793119,5.992963423231718,0.0,5.992963423231718,0.0,8.006700845440367,5.3766947283025095
7.388307599631616,4.634728988229636,4.634728988229636,0.0,5.504682890648139,7.438971592395862,6.792545131234186
4.841781178834473,5.456516981221582,0.0,5.456516981221582,0.0,6.90875477931522,5.341250962068848
8.87540796129427,5.961134197300148,5.325689313343887,5.212214667494625,7.7129558941159795,9.259225769705994,7.379287955514028
3.1382508477086843,4.61512051684126,0.0,4.61512051684126,0.0,8.839421607620602,5.086161806788292
9.40403204003681,8.019287083467484,6.921855403360919,7.613724899561967,8.066076727735902,9.472781556562168,8.350270105136044
7.05899314124371,7.206903859042666,5.993961427306569,6.855103167083238,5.175108258224256,8.699681400989514,6.472343665440258
8.81489832435355,5.786743995370548,5.786743995370548,0.0,7.08215701747797,9.259225769705994,7.45072986762036
4.841509907585915,6.458009075556836,6.458009075556836,0.0,0.0,7.0909098220799835,6.050793496962728
8.16567680947387,6.30678610536318,0.0,6.30678610536318,0.0,9.305741456739435,9.07527727374647
7.412975691461382,0.0,0.0,0.0,4.6078103676392335,7.496097345175956,5.865051186791171
8.913022280658046,0.0,0.0,0.0,9.090923194512087,9.105090961257085,7.400841445464237
8.306096985533877,7.775506815191631,7.404382581948235,6.605811997178087,7.43759551434736,8.517393171418904,7.389498735985844
8.743598321036485,5.3230099791384085,5.3230099791384085,0.0,7.981630740265749,9.105090961257085,7.121342643846067
7.253188835622875,6.871340226280088,6.871340226280088,0.0,8.728212804225999,8.922791623969637,9.907084846508704
6.4989563348130215,0.0,0.0,0.0,8.050085822835518,7.496097345175956,8.028800011722797
6.666816530684591,7.331446609113647,6.668609370190421,6.608391911756496,7.691391768051934,8.006700845440367,7.141490275195939
8.320134161099263,5.322131544647291,5.322131544647291,0.0,0.0,8.412054873292933,6.767659847255586
7.216520318304293,0.0,0.0,0.0,7.3015438765324925,7.313886831633462,5.938312228436658
8.578654280990072,7.330693505801399,6.154433375386121,6.962849341291709,0.0,9.04793908261736,7.266367396088755
7.715708484295577,6.082218910376446,4.584967478670572,5.831882477283517,5.223856135082514,7.783640596221253,0.0
6.1642557275430345,4.707185111394821,0.0,4.707185111394821,6.92230841846234,7.438971592395862,5.1762232044509755
8.271576816437468,0.0,0.0,0.0,7.591797737565931,8.343077871169383,0.0
5.441842562471876,7.77971787700675,7.24703072579297,6.896360605568251,0.0,8.101980731853192,7.841867680880996
6.762509636519377,6.2314652154886145,6.2314652154886145,0.0,6.545489246856135,8.294299608857235,6.37819941940262
8.50356714851695,6.805080043618763,6.4724544803023925,5.546543698229709,9.051537894261187,9.392745258631441,9.001382889138817
6.98461313423923,8.042008161870061,7.706495948059624,6.787968988149286,0.0,7.824445930877619,7.244819012063394
7.356714711115268,0.0,0.0,0.0,5.775666250117309,8.160803920954665,6.540777844746521
6.143486153494597,7.590963228627309,7.590963228627309,0.0,7.591995663032507,8.006700845440367,8.042716450145122
2.0360794749475026,5.739792912179234,0.0,5.739792912179234,0.0,6.90875477931522,6.035521534591471
7.180066815653793,7.158436173289435,7.158436173289435,0.0,0.0,8.699681400989514,0.0
8.195945551115749,5.750252489041052,5.750252489041052,0.0,6.506484476961441,8.294299608857235,0.0
7.777931129105488,8.55998827810926,8.474304479372497,6.06269158764624,0.0,8.922791623969637,8.644658907237051
8.287059960355426,0.0,0.0,0.0,5.418654989798585,8.294299608857235,6.64110217698512
8.611576407176658,5.438079308923196,0.0,5.438079308923196,6.878935275721404,8.699681400989514,7.655180879929307
7.539087709835567,4.736198448394496,4.736198448394496,0.0,0.0,8.77971129020447,8.16356689875695
7.350383665303308,4.207673247529104,4.207673247529104,0.0,0.0,7.3783837129967145,5.826246864544016
6.6977537147139135,0.0,0.0,0.0,8.248181724327607,8.33110454805304,8.383238543060216
2.098306965231871,6.734591659972948,6.734591659972948,0.0,0.0,7.3783837129967145,0.0
7.562622442395542,7.54361227231452,0.0,7.54361227231452,7.382092859951851,7.523481312573497,8.213123166480717
7.472534847055442,6.024246305382325,5.787541345756266,4.478699521934143,0.0,7.496097345175956,6.657306880160869
6.698079941478827,0.0,0.0,0.0,6.812811001027565,7.313886831633462,4.990941090122055
7.363472991848201,0.0,0.0,0.0,5.950404365369237,7.824445930877619,6.293460359333536
8.291928286371425,5.577841251298354,5.25540986553676,4.302712827954156,0.0,8.699681400989514,8.836059376373083
7.438639665474121,7.21868257559943,7.21868257559943,0.0,0.0,7.438971592395862,7.393150071761594
8.610443746922588,6.040492778175336,0.0,6.040492778175336,6.439988164471771,8.740496729931813,7.1617887144105605
8.00350420079196,8.417211517152742,7.417634455007731,7.9586398388963815,10.214549880228592,8.853808274977197,10.248271382681262
6.487703820419449,0.0,0.0,0.0,7.296650461658413,8.853808274977197,6.815045498706368
7.501066886022223,6.572142672772806,6.2227349856338,5.355736857415523,0.0,7.719129840906732,6.791241033321197
6.2791488389323,6.675747556729456,6.24928001995347,5.621487231929371,0.0,8.699681400989514,7.174860061724275
8.676149498383959,6.333048695615371,5.523458920524919,5.74738460102608,0.0,8.699681400989514,7.596414904511969
7.45508935392666,6.408709993751677,6.408709993751677,0.0,0.0,9.305741456739435,7.993255493563906
6.362699910035696,5.771441123130016,0.0,5.771441123130016,0.0,7.313886831633462,7.272336285780348
7.095658461149205,0.0,0.0,0.0,3.6718808174590887,7.0909098220799835,3.410443537249367
8.794039869027245,5.965274564017741,5.965274564017741,0.0,8.438784972903889,8.853808274977197,7.393621869780999
2.910041642177587,5.504721593857949,3.718680945350726,5.326127067187304,0.0,8.517393171418904,5.882770932843391
4.413824566542096,0.0,0.0,0.0,8.001790443916308,9.15915233520675,4.767025675958524
1.5657597596409527,4.898212864681969,3.374168709274236,4.662022997580874,0.0,9.392745258631441,5.352111333645686
3.7719429024452684,5.983936280687191,0.0,5.983936280687191,0.0,7.0909098220799835,6.588384644386054
7.568566484814462,8.500372513685894,8.41545721030093,5.9946095962520545,5.686449089071931,9.105090961257085,8.501483822284888
4.912045891513179,7.129938369201223,7.129938369201223,0.0,0.0,9.711176264112805,7.151665256518504
8.863750175033168,7.380741954517848,7.2766532168425835,5.072921280180533,8.635332438466254,9.305741456739435,8.431825676435697
9.00972259112514,7.7226819431957,7.185220335023318,6.846124526185636,8.566407824343202,9.510519035757246,8.01386467597063
8.30358049140179,3.828641396489095,3.828641396489095,0.0,4.656225059955752,8.412054873292933,6.979931637127268
8.717889111578424,0.0,0.0,0.0,7.9077450108774645,8.77971129020447,7.315355194100754
9.146575428243775,8.537205600628221,7.046499312159118,8.282290774835944,5.918187144935499,9.105090961257085,8.765691979834259
7.589845096604949,6.940261190538396,5.4289069362516384,6.692257424693476,8.374919519497766,8.294299608857235,8.025328328911934
7.187261076612361,3.8426729272933526,3.8426729272933526,0.0,6.207901527566484,7.496097345175956,6.0909488191647725
7.176803189581028,6.007829901194246,6.007829901194246,0.0,0.0,7.783640596221253,0.0
7.753832008950124,5.367563539284851,5.367563539284851,0.0,0.0,7.783640596221253,0.0
7.0394700442879845,0.0,0.0,0.0,4.800843148105448,7.0909098220799835,5.029284648786022
7.39077119748822,6.607244604091484,6.607244604091484,0.0,0.0,8.699681400989514,6.035788878081494
8.162422522052372,0.0,0.0,0.0,7.447159207954665,8.294299608857235,0.0
1.7418758824899843,4.382026634673881,0.0,4.382026634673881,0.0,8.853808274977197,5.388250378901539
0.0,0.0,0.0,0.0,4.509198831656053,8.006700845440367,4.934628079522907
1.770856686983286,3.044522437723423,3.044522437723423,0.0,0.0,7.313886831633462,3.3137465990571076
3.1943540486844593,7.205843024147799,0.0,7.205843024147799,0.0,7.601402334583733,6.5696905892803015
8.172108509287602,7.946192844614177,7.340452860931516,7.158039176448519,0.0,8.648396877031582,9.124105606000684
0.4850400140718488,5.9686052529619,0.0,5.9686052529619,0.0,8.412054873292933,0.0
6.76049855778668,0.0,0.0,0.0,6.825796358628536,8.294299608857235,7.7132888505828285
7.800794984990287,6.695798917058491,6.695798917058491,0.0,6.867825868282063,8.294299608857235,6.279912012197073
6.01531867412121,6.848684449405085,0.0,6.848684449405085,0.0,7.824445930877619,7.001964325488924
8.514670172078025,0.0,0.0,0.0,8.60162028523746,8.987321812850125,7.1249113603194285
7.128996668733569,6.0513830373192254,5.185372607531902,5.509631222108668,6.0244133685803405,7.601402334583733,6.359661015394023
8.801650316962302,8.407322520280525,7.909338912111957,7.472023086617956,8.882741562496024,9.105090961257085,9.292744278439896
5.057625445563613,7.2121912183324675,6.374394297410881,6.64668917154408,0.0,8.612685172875459,6.756905274926475
8.129867927770311,0.0,0.0,0.0,6.917060522603349,8.343077871169383,0.0
8.579979070198084,7.942077904433863,6.754743949848305,7.57869774955389,7.828576911207202,9.04793908261736,7.320145179939207
8.773316806553245,0.0,0.0,0.0,8.120061898600733,8.853808274977197,7.153652221372497
5.172423312210039,7.319798702450424,7.133583224085232,5.551175047845637,0.0,8.517393171418904,7.5418039297171715
6.523848839250635,6.9532734292811496,6.505709318919628,5.936533063581764,0.0,8.006700845440367,6.316139441145971
5.415049254386517,7.745340408858405,0.0,7.745340408858405,0.0,8.77971129020447,7.0965656378910005
7.48808473175405,0.0,0.0,0.0,6.358199883664646,7.496097345175956,6.5347937616074345
4.0241586758043235,6.206575926724928,0.0,6.206575926724928,0.0,8.853808274977197,7.586217950962711
7.887445077562162,0.0,0.0,0.0,6.234457393256876,8.006700845440367,6.838854033654524
9.048512527506483,8.813625865432732,8.319005632639001,7.872904744103383,7.431062548109857,9.741027444837728,7.544203454804669
7.289832088712203,7.069355286400314,7.069355286400314,0.0,0.0,9.105090961257085,0.0
7.65688511608913,8.62727554164635,0.0,8.62727554164635,0.0,9.04793908261736,8.179193565649877
7.96464115176426,0.0,0.0,0.0,6.907603937530597,8.071218539969863,6.972068998291171
9.56276437214264,0.0,0.0,0.0,8.437159754349729,9.852246888342531,8.028655428376947
7.780686523789863,9.430554837704511,9.430554837704511,0.0,0.0,7.937731775260109,9.361318788635828
4.068226451174745,0.0,0.0,0.0,5.612081215523314,7.0909098220799835,5.958047035162719
8.353934009646402,7.579832028922791,6.983141005888027,6.78105762593618,0.0,8.517393171418904,6.91309573333649
9.3208287801909,5.021509290648134,5.021509290648134,0.0,9.031590938027875,9.741027444837728,7.865978194264746
4.254272024266805,0.0,0.0,0.0,7.937629997142655,9.472781556562168,0.0
4.767749380169914,6.811244378601294,6.811244378601294,0.0,5.615162652083958,8.517393171418904,0.0
8.442221369574867,7.148440079073007,5.865164090991807,6.825003906185169,0.0,8.517393171418904,7.553303408815301
3.2302101480570484,5.527840524826286,0.0,5.527840524826286,0.0,8.006700845440367,5.7707022302782205
9.143672700472454,6.6812686457916675,6.6812686457916675,0.0,9.528755652173672,9.472781556562168,9.274784388023289
5.447207067376491,6.089044875446846,0.0,6.089044875446846,0.0,8.294299608857235,6.319178077288133
7.354767458198983,7.194151525113461,7.065297344411869,5.0875346049320465,0.0,7.601402334583733,6.929305052658237
7.822392067445646,8.611191602136667,7.238137580965946,8.319300633354263,0.0,9.741027444837728,6.923935621365515
6.561218610044431,6.801127293757346,6.573009551086625,5.216781878565518,6.3754829193138045,7.0909098220799835,6.880751998052674
9.85451464607034,9.999293972829136,9.15377742786776,9.438419722169272,0.0,9.798182590890704,10.044100255954937
7.712490045640144,6.581470968748414,6.581470968748414,0.0,6.585217715861589,7.824445930877619,6.968184560309096
6.8544924779680025,5.288570015093157,5.008366054652212,3.899950424193877,0.0,6.90875477931522,6.2009156208437615
6.6399309381906155,0.0,0.0,0.0,7.176332905092683,8.922791623969637,7.357433040903001
8.584630235337578,0.0,0.0,0.0,8.2948876348863,8.853808274977197,0.0
9.268559068462217,7.642754323564643,7.171257357432184,6.665683717782408,0.0,9.975854724662028,8.077329611532875
7.6800272492886,8.662221243463897,8.142508469209472,7.759541622469525,0.0,8.77971129020447,8.393309437162038
8.025647363195684,6.933423025730715,6.933423025730715,0.0,0.0,8.922791623969637,6.5508718776033765
3.013304916281776,6.537705576094927,0.0,6.537705576094927,0.0,9.210440366976517,6.616989825793948
5.582787768352519,3.3894621254437345,3.3894621254437345,0.0,5.953923051279789,9.105090961257085,7.120145272694927
7.011414625471869,6.852200284859817,5.111746795464668,6.660575149839686,0.0,7.313886831633462,7.578758559634902
6.810774801406825,6.947168281338972,4.394449154672439,6.86714159609684,4.645372061874524,9.510519035757246,7.526305740971286
8.946456729037584,8.309167290404027,0.0,8.309167290404027,6.321612096422758,8.853808274977197,8.21246278376101
7.329691627028077,8.312962165492662,8.108707526014568,6.625511724279939,0.0,8.77971129020447,7.72102055349329
3.916139640447012,6.769917484247027,0.0,6.769917484247027,0.0,8.987321812850125,6.729632835956811
9.523257320454745,9.189446609608584,8.284203828786502,8.671358728275987,7.801982691223736,9.90353755128617,9.368907678987979
4.677081228801684,7.8095900247662415,6.672703606593555,7.4233236381772,0.0,8.294299608857235,7.853497142835582
4.7938125907331095,7.528514545701073,0.0,7.528514545701073,0.0,9.90353755128617,8.0408577578998
8.6721616144575,8.157510872713022,8.0904789102689,5.426006727688926,8.102935229220144,8.974744612722734,0.0
7.459056599618273,0.0,0.0,0.0,4.208801346105614,7.496097345175956,5.898456466688306
7.925428003838115,8.893477998975387,8.5347010308369,7.69484807238461,0.0,9.305741456739435,9.573203631730232
6.954037930539315,5.69035945432406,5.69035945432406,0.0,4.54944401775926,7.0909098220799835,6.087699485554833
7.915117283903547,0.0,0.0,0.0,6.065391276409639,8.006700845440367,6.659073373570259
8.29799638320509,0.0,0.0,0.0,6.897054441699461,9.04793908261736,6.917888796025987
6.7714417076852875,6.475771642313164,4.7535901911063645,6.280807739136395,0.0,7.0909098220799835,7.013813333802946
7.384635338172859,6.324699406215847,6.266517203159621,3.4827773686545784,0.0,8.294299608857235,6.049053620423047
4.750082468648672,6.154815630269835,0.0,6.154815630269835,0.0,6.90875477931522,5.908379937538513
8.665886838229138,0.0,0.0,0.0,5.91606942308344,8.77971129020447,7.205906545673996
6.714296645742944,4.887638691386985,0.0,4.887638691386985,0.0,8.987321812850125,7.978335502991533
6.3913765033026975,8.53289723490255,8.373676107313367,6.6182181536498765,7.2622376423719475,9.61587214452889,8.467510047198775
7.029197888444581,6.830442175879467,0.0,6.830442175879467,0.0,6.90875477931522,7.0931652134909795
5.859192652411413,7.589032286971595,7.240291207067544,6.368015645051504,0.0,8.294299608857235,7.493324054518274
6.7355472983299745,0.0,0.0,0.0,8.208703451280343,8.294299608857235,8.194855207520632
6.884427293065106,9.232331778616834,8.873801333123751,8.032999761450917,7.39122135089961,9.259225769705994,9.277484481555506
3.182671817678435,5.707110264748875,0.0,5.707110264748875,0.0,9.433563920090563,5.679997965781477
7.691077780768833,0.0,0.0,0.0,8.27035263483017,8.006700845440367,7.261778732926054
9.390410315791087,8.651024539049757,8.452449849304282,6.937760583468464,7.394709043337698,9.546884034617925,8.442580359996366
7.3836489167711195,0.0,0.0,0.0,5.33144825217024,7.496097345175956,6.156059037138984
7.535791121042633,6.6432817916672375,6.6432817916672375,0.0,6.925713636068793,7.741099090035366,0.0
7.984203917171097,0.0,0.0,0.0,7.6214077443284225,8.006700845440367,7.796707102953051
5.822453755705818,8.170977642512034,7.387523578282785,7.561173617313085,0.0,9.90353755128617,7.942799678230597
3.617284414207216,5.549504008886889,0.0,5.549504008886889,0.0,8.575650760987806,6.7242834472755835
6.807158741980813,7.90044393050631,5.020585624949423,7.843056167367685,0.0,7.824445930877619,7.430823462258471
0.0,3.1780538303479458,0.0,3.1780538303479458,0.0,8.517393171418904,0.0
7.966327762279173,4.770684624465665,0.0,4.770684624465665,9.77919873598071,8.412054873292933,9.75862548847227
1.8665575246481103,5.2873069740279846,5.159055299214529,3.21124679770371,0.0,9.392745258631441,0.0
4.774429164239715,6.484222936911355,6.202535517187923,5.085928278131687,0.0,9.210440366976517,6.092639633313114
5.132986894247648,7.605914876365619,0.0,7.605914876365619,0.0,7.0909098220799835,7.868545266803646
7.44250114630905,5.002468704763196,0.0,5.002468704763196,7.4134217871681,8.699681400989514,7.079237270212571
6.774890232299837,6.249086816838434,5.075611219558606,5.8818449745297725,0.0,6.803505257608338,6.364319180087175
6.7592566708947315,6.877873224500216,6.877873224500216,0.0,6.103080152091123,7.783640596221253,0.0
6.874458794561167,5.74444445637509,5.74444445637509,0.0,6.863761331007297,7.313886831633462,5.629498627037297
3.67922409075358,5.639777144680289,5.639777144680289,0.0,0.0,8.724369949208368,5.542803472586815
5.250638395774485,4.206779991551889,4.206779991551889,0.0,0.0,8.699681400989514,0.0
3.7236975814391235,4.384523514872469,4.384523514872469,0.0,7.397914644129752,8.294299608857235,7.407852017337999
8.605917562859421,7.282293716409806,0.0,7.282293716409806,0.0,9.711176264112805,7.2322049092625935
8.29027344549524,6.630076341269903,6.630076341269903,0.0,0.0,8.294299608857235,7.013799407823217
8.628707065234325,8.162901120465012,6.404815149490137,7.974050966173704,0.0,9.350189267092581,7.253892977738177
5.642511065801451,8.059810383493707,4.056988775678332,8.041699318325815,0.0,8.987321812850125,7.7931378869535815
4.877115619498315,7.203546880139052,6.988219436294835,5.566051801190121,0.0,9.61587214452889,6.95135034338752
7.588229983832199,6.773080375655535,6.773080375655535,0.0,0.0,8.987321812850125,6.296598198541751
8.648140727055551,3.882594194737334,0.0,3.882594194737334,7.6209638964814115,8.699681400989514,7.9988661240435235
3.7865481912430408,5.916202062607435,5.916202062607435,0.0,0.0,10.043292972227004,7.100896606213867
6.341321887913956,6.008198746099147,5.751778672924456,4.532599493153256,6.952395527962205,7.601402334583733,7.1315667208078155
3.2397466265609642,5.570784273193337,0.0,5.570784273193337,0.0,8.294299608857235,5.934255113142999
9.030154002207151,7.596030611338315,6.737915499690239,7.045323512588911,6.796553182241942,9.546884034617925,8.459966627418826
8.425248772558437,9.291874274957445,9.012986392348266,7.8791022166043705,0.0,8.922791623969637,9.151090825653702
1.302132556603058,3.793014218845944,0.0,3.793014218845944,0.0,8.294299608857235,4.876015568499814
7.359901882595709,6.471294737171453,6.471294737171453,0.0,7.418379889346287,7.496097345175956,7.860335897175532
8.882216369576012,6.895783907200917,6.760530559225612,4.836281906951478,8.60696453359556,9.259225769705994,7.571752270176924
8.77475904080485,7.289706080025233,6.887256609504791,6.1870930063815495,8.281184194026196,9.350189267092581,7.414309900388584
4.175631249678002,6.833031732786201,6.398594934535208,5.793013608384144,0.0,8.517393171418904,7.139790256152999
8.637082572324662,5.977923276541315,5.041617031704984,5.484381909620826,8.688532552215587,9.210440366976517,7.5604087788292835
8.20835720020507,6.8736812986483855,6.77665521399799,4.503912353913864,0.0,8.922791623969637,6.943057173586496
7.807663042711101,0.0,0.0,0.0,4.637404861196769,8.922791623969637,8.421702653548374
6.645097388210662,5.82129880808404,5.82129880808404,0.0,0.0,8.699681400989514,6.85508855134046
4.3392167150183,6.293419278846481,0.0,6.293419278846481,0.0,8.294299608857235,6.309858787366061
1.2335084995043977,3.6109179126442243,0.0,3.6109179126442243,0.0,8.922791623969637,0.0
7.023519296459023,6.7793763041123505,4.645351975620923,6.654693610880642,5.291534973028383,7.313886831633462,6.298649416984988
2.1480448372919594,4.978525240178022,4.220683484265119,4.359013860364809,0.0,9.350189267092581,4.9105263867944045
7.627759361538312,6.204254686342701,6.092101423929395,3.979681653901961,7.4612574338319035,7.601402334583733,7.935966409993665
7.792890452934648,8.40998430190079,8.148228754344768,6.942581736134183,5.245882478685282,9.04793908261736,8.659502655838965
9.110367747087448,9.322741841837487,8.716070279325612,8.535123478742092,0.0,9.210440366976517,9.392280035024669
8.0268934532667,7.512180529481278,7.492035804554969,3.624340932976365,0.0,8.853808274977197,6.879596637597729
3.7528488054926266,4.343675543289958,4.343675543289958,0.0,0.0,7.901377353792616,4.250826579511947
8.600177347493362,7.5094229334065705,7.3774838704084384,5.423186348593906,0.0,9.581972891547895,7.319213361292909
8.790647128149205,9.14058506705357,9.14058506705357,0.0,0.0,9.04793908261736,9.309074381960672
3.3830887048214366,4.61512051684126,4.61512051684126,0.0,0.0,8.294299608857235,4.84236786575048
8.337976860015717,7.267448662844132,6.067707738058715,6.909952862525624,0.0,8.294299608857235,7.777181650036638
8.013018562997104,7.723743791530812,7.213274813763555,6.808023337583127,0.0,9.04793908261736,7.691168416344912
0.7156833232982356,0.0,0.0,0.0,6.147707098160471,7.0909098220799835,6.975022497586247
7.909992200301714,9.25066528297089,7.056037343552568,9.13266527596354,0.0,9.87822102528824,9.179535836934631
6.977280824839569,6.899420642192079,6.180016653652572,6.233822317345996,0.0,7.244941546337007,6.227163603158133
5.636961157922299,8.018269787707208,0.0,8.018269787707208,0.0,7.972810784121404,7.982726938739294
7.136405099732352,6.9467932831374535,6.9467932831374535,0.0,6.997262018629718,8.648396877031582,7.103695593905895
7.710141224210775,3.8426729272933526,3.8426729272933526,0.0,0.0,7.824445930877619,6.298482777782041
7.768317242491953,7.879662347417126,7.23511469108668,7.136228601797236,5.579294799300362,8.006700845440367,7.518025551480983
8.297889325316826,7.082145465449812,7.082145465449812,0.0,0.0,8.987321812850125,0.0
8.939085943456153,5.707110264748875,0.0,5.707110264748875,7.937991771090537,9.392745258631441,7.589322764410592
8.138147571404915,4.84960545143659,3.7814586354070294,4.440413460373609,5.045624914943258,9.259225769705994,7.830598789629679
3.909993166698711,5.51379158355734,0.0,5.51379158355734,5.211438720749233,8.612685172875459,6.017606820627139
7.5367458862531445,5.710758088392627,4.430816798843313,5.3895282466014205,0.0,7.576097340623111,6.37668280746867
8.07605252066019,7.014994029651736,7.014994029651736,0.0,8.938146399284822,8.881975184248867,0.0
5.473259252093657,7.787825911355723,7.421476705860154,6.607420159962591,0.0,8.294299608857235,8.236083461725778
7.149859760719979,8.58507424506273,8.473103363339211,6.341857299337655,0.0,8.987321812850125,8.67018928181872
6.327001884346925,6.447353404992669,6.447353404992669,0.0,0.0,8.612685172875459,6.057000764911925
7.942791294869862,8.070355937482336,7.640613437111507,7.019493414320629,0.0,8.006700845440367,8.181854880498207
2.2039808135961816,4.897839799950911,0.0,4.897839799950911,0.0,8.006700845440367,4.879863670755229
6.0796176807952955,7.4068078717858965,6.9318818777583715,6.435733614873086,0.0,9.392745258631441,6.963034256621132
2.0001795604101122,4.390242789445222,0.0,4.390242789445222,0.0,7.313886831633462,4.3424576048653964
9.170894005845183,5.771191870885455,0.0,5.771191870885455,9.506033053652759,9.392745258631441,9.305186090298607
8.97961302801449,8.210265776356316,8.173217272454913,4.903718011750178,0.0,9.433563920090563,7.8856514604920545
7.760244622129858,6.949501646138336,6.949501646138336,0.0,8.29529110391683,8.294299608857235,8.017856476001969
6.9052343240437555,6.517612186971758,0.0,6.517612186971758,0.0,6.90875477931522,7.524346638233309
3.0208173457073983,5.26857954828408,0.0,5.26857954828408,0.0,7.601402334583733,5.4002590095152945
5.229183304737058,7.440868674806571,7.440868674806571,0.0,0.0,9.350189267092581,7.27934601711416
8.582288356036575,0.0,0.0,0.0,6.15264479296852,8.699681400989514,7.20883613991247
3.1436902322901004,5.460266133534054,0.0,5.460266133534054,0.0,7.313886831633462,6.175681180027004
1.9274215694487498,3.4236109764990554,3.4236109764990554,0.0,0.0,9.210440366976517,4.355985282943653
6.957018160926723,7.188163460717337,7.000981470608958,5.424773790500596,6.653199019353997,9.305741456739435,6.688834586336287
8.625363977422673,7.3832935637263475,0.0,7.3832935637263475,0.0,9.510519035757246,7.367968441383273
7.420334462962329,0.0,0.0,0.0,7.448881896487702,7.496097345175956,7.681551673868654
7.70777775304444,8.065893546964274,8.065893546964274,0.0,0.0,9.105090961257085,8.249142815051423
7.9741133425247535,8.011431391492179,7.201424393278041,7.4235027704609,4.650241032539061,8.412054873292933,7.208874383307896
7.621920057286192,8.898963788664737,8.50631018575711,7.774645660561165,5.259221667580157,8.006700845440367,8.240937608340191
8.956312085410897,9.051876738052623,8.312321684889476,8.403303068532649,8.928150834566102,9.210440366976517,8.467836787623405
6.4220500608428726,6.015986413414719,4.328098292648326,5.814518516250867,0.0,9.105090961257085,7.678859831490602
8.999413731005795,8.294279613656082,5.303304908059076,8.242998421674885,0.0,8.922791623969637,8.634989442807514
6.987795158959368,8.000168392407426,6.490389639615586,7.750907414859494,0.0,8.699681400989514,7.019268024503801
7.914129508048533,6.331021307405378,6.331021307405378,0.0,0.0,8.922791623969637,6.577580878891232
4.40316178063534,6.347214062970213,6.347214062970213,0.0,0.0,9.15915233520675,6.453625085506861
7.846013050591611,8.730330042288545,8.716057164829504,4.485147143388361,7.549446338741136,9.301186055275759,9.323662461725721
6.285899804762384,8.423280235040481,8.012343012400601,7.336174904702486,6.085567448444841,9.04793908261736,8.370591897264092
8.270362798548106,5.02256386496153,5.02256386496153,0.0,7.414692940408272,8.922791623969637,6.899243564903447
5.058017095559775,7.234249327219307,6.913836749298005,5.942799375126701,0.0,9.546884034617925,7.155765922103359
8.543312996594786,10.39024935098359,10.186725891211637,8.698405800221266,0.0,9.350189267092581,10.190669912152245
8.56917135669617,6.019176985674518,3.822317092343653,5.90408037336555,9.645621697735391,9.711176264112805,9.39318740734875
1.270916337352555,3.8907993689765195,3.8907993689765195,0.0,0.0,7.313886831633462,5.688694210466711
7.535875593583587,4.848665233550198,4.848665233550198,0.0,5.204772207178313,7.650168700845001,6.183236029044996
3.5002882541177067,5.945132609023493,5.945132609023493,0.0,0.0,8.648396877031582,0.0
7.296071385931861,6.028278520230698,0.0,6.028278520230698,0.0,9.259225769705994,8.676747588827824
7.317097561127698,7.606387389772652,6.447305862541213,7.2305631534092925,7.081954576015644,9.04793908261736,6.7578969773711846
8.9419520950347,8.45407233158851,8.374165422028653,5.890262041598819,0.0,9.510519035757246,8.473794688881352
7.030271610454305,6.214528095222021,0.0,6.214528095222021,4.294005953053106,6.90875477931522,6.722034534690774
6.507213064026695,5.4169888962655355,5.004751350937281,4.344843843546165,0.0,9.15915233520675,6.344472517158552
7.742047951327724,7.957726892306804,6.82853889647457,7.567723060844264,0.0,7.824445930877619,7.977769106596789
5.612074697733346,0.0,0.0,0.0,6.526723312243623,8.006700845440367,7.921853889539441
8.354069426100974,0.0,0.0,0.0,9.134690546484972,8.853808274977197,8.701433848225868
7.792250296210655,0.0,0.0,0.0,6.342532950227627,8.006700845440367,6.7716071181756075
7.984914066851975,6.017692565724863,5.866099717149853,4.073461351305676,7.537558511018451,8.517393171418904,6.364989368657238
4.432580516388246,6.738555257078154,6.738555257078154,0.0,0.0,8.77971129020447,6.93270892286673
8.60718951603046,0.0,0.0,0.0,6.241819878658179,8.699681400989514,7.218152496464916
5.638860295931469,7.71310998086528,6.632686654803008,7.299101178529418,0.0,9.210440366976517,7.594802927158296
8.664220956438573,6.143133578763503,5.99248902215417,4.191168746857641,7.831111821915084,8.699681400989514,7.324222528293345
8.19055240024497,7.484368643286131,7.484368643286131,0.0,0.0,8.517393171418904,6.753505920953012
8.292363690938096,0.0,0.0,0.0,5.857459788177591,8.294299608857235,6.964776483575994
3.757314996988812,6.125470826955716,0.0,6.125470826955716,0.0,8.699681400989514,5.918883577338619
6.4553407450557225,8.65864240520025,7.720182152425859,8.162613194400157,0.0,7.972810784121404,8.980243981849947
7.327890979103387,5.509307361689676,5.509307361689676,0.0,7.935113559576784,8.699681400989514,7.7242360719841265
8.62120947073309,0.0,0.0,0.0,8.101665070101488,9.392745258631441,7.48837343138406
7.825687547996671,6.599734435534826,6.599734435534826,0.0,0.0,8.006700845440367,7.390917747817354
5.259840074189026,7.403712920041581,7.403712920041581,0.0,5.94534820022599,6.2166061010848646,7.368288461655572
8.194975446276537,6.515793587974207,6.515793587974207,0.0,7.430088877863155,8.294299608857235,7.038834939190458
7.924245829233684,7.902291412034025,7.3312632970570935,7.070860036848959,0.0,9.305741456739435,8.935609846839048
8.375539038198774,0.0,0.0,0.0,7.505805258206233,8.987321812850125,8.989793534031676
5.965823407370435,7.365275058223669,7.288483606857887,4.768988271217486,0.0,7.901377353792616,6.11500886355736
9.133708830637033,0.0,0.0,0.0,9.05998782951795,9.305741456739435,7.567559669660985
5.342964890391165,7.678964745936854,6.114787763139981,7.444763137008347,0.0,8.412054873292933,7.6308880968901525
5.136317349450755,7.30195045260979,6.102715181905712,6.944202919953183,0.0,8.699681400989514,7.162839441544462
4.904619422999216,7.277282280284672,6.3016111420437655,6.805279487392901,0.0,8.160803920954665,7.218998374750285
7.386687101777634,0.0,0.0,0.0,7.382325142717989,8.412054873292933,5.747586772884619
6.341960425128575,5.986602747691075,5.719327685991663,4.547117254539474,0.0,7.650168700845001,0.0
3.9928362838280953,6.212946719095526,6.131269966798858,3.6926224403927708,0.0,9.61587214452889,6.417722737927813
7.19366143267329,7.6059497007635954,7.1683333337418595,6.570098340879166,7.475789579024899,7.824445930877619,7.907273338854651
6.247858691203431,8.58672298540117,7.783548963534977,7.993025625112294,0.0,8.699681400989514,0.0
6.833076948358789,0.0,0.0,0.0,6.00135092542118,6.90875477931522,6.580603414039392
7.535706469519202,0.0,0.0,0.0,8.130209078515541,8.612685172875459,7.049880848397472
5.227875116648032,0.0,0.0,0.0,6.7375088348848475,6.90875477931522,4.775273773111644
8.48152932771156,0.0,0.0,0.0,8.776830811349415,8.853808274977197,6.762293643170942
6.9028490400509535,4.845760650906022,4.845760650906022,0.0,0.0,7.576097340623111,5.753533979763926
3.715745824331571,5.420534999272286,0.0,5.420534999272286,0.0,7.313886831633462,5.788670354732417
0.39117279112823455,6.601189357028564,5.075173815233827,6.357790272088822,0.0,8.699681400989514,7.0562917118052
8.462393449251362,2.7694588292308535,0.0,2.7694588292308535,7.684487838998511,8.648396877031582,7.162617680865488
9.127807500149173,6.775343259625531,5.860786223465865,6.265263189201137,8.445631278838771,9.433563920090563,7.628566691032854
8.812899459477475,0.0,0.0,0.0,7.801498686049672,8.922791623969637,7.309272064713953
7.711582121873132,6.100767281998432,6.100767281998432,0.0,0.0,8.987321812850125,6.950806884311888
7.532971437307903,0.0,0.0,0.0,8.091190628744455,8.412054873292933,6.167856703449735
4.074868563576975,6.537184229851293,0.0,6.537184229851293,0.0,7.313886831633462,6.119951013904704
8.341656684423011,7.604829737679972,6.044056997227153,7.369770838380688,0.0,9.952325334619427,9.889139980613528
7.80826711180905,6.520621127558696,6.520621127558696,0.0,6.833302892139869,7.824445930877619,7.563884953145374
6.747152294066262,0.04879016416943201,0.04879016416943201,0.0,7.439344589255394,6.90875477931522,6.989594335638922
5.869856685810343,8.034854598338791,8.017627271922874,3.9837853716550367,0.0,9.04793908261736,7.897863481704309
7.8898939136294555,0.0,0.0,0.0,4.963832428939399,8.006700845440367,6.467352487599292
4.537327470675015,6.985641817639208,6.985641817639208,0.0,0.0,8.699681400989514,6.982917172066037
6.561986349114145,7.909180961792513,7.790865578421966,5.719491768361381,0.0,8.77971129020447,8.507930555952381
5.892526049412027,8.0381762641649,7.233137678616743,7.446234979529944,0.0,9.546884034617925,8.295244640304785
7.751512415827948,0.0,0.0,0.0,7.378857103740377,7.741099090035366,7.672706952115451
7.980532671126924,4.27763786893635,0.0,4.27763786893635,8.187621450516518,9.15915233520675,9.129970647971968
4.598797312297384,4.189654742026425,0.0,4.189654742026425,0.0,7.0909098220799835,6.5789655156472255
6.213024076521657,8.47378660972625,8.389050681218821,5.966069813088038,0.0,9.105090961257085,8.244509992702694
2.8866643383459376,5.167183098523235,0.0,5.167183098523235,0.0,7.824445930877619,5.852450667364191
8.118693098775825,5.496676301039615,0.0,5.496676301039615,0.0,9.510519035757246,8.713600919129368
6.81232531070346,5.38421979554874,5.38421979554874,0.0,6.920669474631619,8.071218539969863,5.407275622569648
7.032965048496167,7.717484774621947,7.717484774621947,0.0,9.550311609234416,8.699681400989514,10.37504036243162
7.135423856903657,5.893658755854265,5.893658755854265,0.0,5.296749858649195,7.313886831633462,6.285265640109882
4.398596542358045,5.802118375377063,5.802118375377063,0.0,0.0,7.496097345175956,5.8473937293483225
5.567729371858164,7.9568656502445645,7.4949639991285775,6.963331886870878,0.0,9.15915233520675,7.7990697752987295
2.9100088486161044,5.968707559985366,4.51085950651685,5.707110264748875,0.0,7.601402334583733,5.71523059745021
7.548909986575619,6.047797620448143,6.047797620448143,0.0,0.0,8.612685172875459,7.9938334085827805
6.940455891051774,6.914254115721967,6.143112096717122,6.295302901127848,0.0,8.006700845440367,7.532230268417401
8.171204156948441,7.6657206290743956,6.867037445703578,7.068878735259911,8.583171208232583,9.305741456739435,9.018228681352031
3.1170762504157894,5.6550123102867715,0.0,5.6550123102867715,0.0,8.517393171418904,5.844012180076935
8.345820982568885,0.0,0.0,0.0,6.123767317159801,9.259225769705994,7.161844816748947
7.4580219327837085,8.084919934548237,7.816759528805319,6.638973466030836,0.0,9.350189267092581,8.643858591945488
9.098342449052009,7.820507758618014,6.809226926410273,7.368970402194793,8.577525954175373,9.15915233520675,8.283498546819743
3.626149988980694,7.002437989241342,7.002437989241342,0.0,0.0,8.476579508530941,0.0
3.7554809552192774,6.457005106658288,6.457005106658288,0.0,0.0,9.04793908261736,6.823736740072337
7.569538810699342,8.012988931292336,7.440510677825181,7.183347057492172,0.0,8.517393171418904,8.271506851009242
4.6146756852450865,7.1098549529679795,5.317972924206478,6.928537818164665,0.0,9.87822102528824,7.041479807579707
8.544147555147337,4.711150509525323,0.0,4.711150509525323,8.787677508076312,8.699681400989514,7.448915185198029
5.3747993207181075,0.0,0.0,0.0,7.08423959971436,8.006700845440367,7.740621877969632
7.342318197007068,0.0,0.0,0.0,3.6238563355780102,7.496097345175956,6.309171437592283
6.401785131622231,6.892408111368056,6.404848220460442,5.942799375126701,0.0,7.783640596221253,5.967200442757339
7.140498469961577,0.0,0.0,0.0,6.164219327461536,7.313886831633462,6.766036193350948
4.457656037258005,6.0502993328288746,5.662960480135946,4.921731217990249,0.0,9.305741456739435,5.693788534518829
7.552073815407306,8.712842208421055,8.45967000517257,7.215975002651466,9.232906719813284,8.895766604056085,9.828408064228762
6.702044766617612,6.087637990556639,6.087637990556639,0.0,6.591204912939498,7.0909098220799835,5.476448777763796
7.154869341844259,7.096928310725193,0.0,7.096928310725193,0.0,7.0909098220799835,7.157506384020914
5.475078962029993,5.561181506057179,5.561181506057179,0.0,0.0,7.741099090035366,7.89418218100818
8.656739656490874,7.395531289694516,0.0,7.395531289694516,0.0,8.612685172875459,7.827521861881094
8.956987651889207,0.0,0.0,0.0,8.138589834493423,8.987321812850125,7.953673571685472
8.762350020736784,0.0,0.0,0.0,8.234749820441312,8.987321812850125,9.303297359740101
6.057656297783198,8.657122076377446,8.60171079486912,5.739792912179234,0.0,9.392745258631441,8.650419151851098
9.083400536257901,7.30783256547787,0.019802627296179712,7.3078191600231905,7.94238492611631,9.105090961257085,7.658068172577614
5.648743130471965,0.0,0.0,0.0,7.755403383169677,8.006700845440367,0.0
7.029290720659899,8.53107242766607,8.169302410644011,7.3395376954076745,0.0,8.412054873292933,8.270158523396749
7.623906529297271,6.973805157443636,0.0,6.973805157443636,0.0,7.601402334583733,7.612226003047621
2.2534255206017972,4.176231721694285,4.176231721694285,0.0,0.0,8.853808274977197,5.179536899247055
9.330782307844576,8.832965512584344,7.92440524090863,8.317197157207882,0.0,9.825580063659602,8.490662067353906
4.97289072610442,7.397561535524052,0.0,7.397561535524052,0.0,7.824445930877619,7.8445540724124605
5.489862732091052,5.203512059274125,5.203512059274125,0.0,0.0,7.244941546337007,6.689423353209147
7.332742949681826,0.0,0.0,0.0,5.158659347272685,7.3783837129967145,5.870940682872681
9.431540399070142,4.926383741648665,0.0,4.926383741648665,6.246392784651699,9.546884034617925,8.16621878535034
6.340618714522306,0.0,0.0,0.0,5.239481779391823,7.601402334583733,7.072134816923993
6.983424954256767,5.8412519362316475,5.8412519362316475,0.0,7.384548650669452,7.313886831633462,6.836611600810715
1.0431291766084978,2.8622008809294686,2.8622008809294686,0.0,0.0,8.699681400989514,4.070650785212677
6.230765556821927,8.649830684631702,8.430715490178185,7.025004839032377,0.0,8.294299608857235,8.628904903698126
6.706647802589526,3.768152635008444,3.768152635008444,0.0,8.286196377046835,8.699681400989514,5.893999783353774
7.331392218040413,3.864302269216734,3.864302269216734,0.0,0.0,7.496097345175956,5.827218668468033
8.981935154593481,0.0,0.0,0.0,8.499220138204224,9.105090961257085,6.519360894918311
4.384397933421364,6.551251748922635,0.0,6.551251748922635,0.0,7.824445930877619,6.549618700232631
6.212421764134231,5.506915646420211,0.0,5.506915646420211,0.0,8.294299608857235,5.7984762675634505
6.526435194540501,4.59511985013459,4.59511985013459,0.0,0.0,8.294299608857235,5.264605364148135
7.337098525647704,6.755023591908293,6.755023591908293,0.0,0.0,8.787372988731876,8.08352295996069
7.319542868018864,7.918672320511086,7.129393698153042,7.313886831633462,5.5095746876845935,8.517393171418904,8.46197097734294
9.324594589560306,9.319044989885999,7.0373790467756425,9.211432775086577,7.9119019036420495,9.305741456739435,8.978884118188178
5.310000848092839,6.398594934535208,0.0,6.398594934535208,0.0,6.90875477931522,5.521726114694458
7.8253509226883935,0.0,0.0,0.0,7.77059149513252,9.210440366976517,6.295835914654011
8.42173666582389,5.545646084650602,1.791759469228055,5.525930912533698,0.0,9.04793908261736,7.440928598021261
6.823658451291642,7.10867776092523,7.074116816197362,3.750209709265542,6.9845201138340345,7.0909098220799835,7.259844368143911
8.530651072724726,0.0,0.0,0.0,7.58857866457005,9.472781556562168,7.198195781215954
7.723311148792632,6.661394276491743,5.301562096712925,6.366453265453239,7.113594355776498,8.160803920954665,6.499115389584854
6.0840206492833415,7.335047108316409,5.4116460518550396,7.177858749159625,0.0,8.517393171418904,7.51500080458313
7.613899074963236,6.658434576194791,0.0,6.658434576194791,0.0,7.601402334583733,7.252995872387006
8.235244104884485,6.872190275571931,5.564520407322694,6.558282905573905,8.545058889126036,8.699681400989514,6.339863819443657
4.953928940414656,7.4194585175315915,6.969922240193208,6.405211928968617,0.0,9.472781556562168,7.42073496149689
8.61703842068459,0.0,0.0,0.0,8.315852183389252,8.987321812850125,0.0
8.101584554627406,6.993776999756896,6.252655046059094,6.348159490846717,0.0,9.105090961257085,8.83397581574055
5.021901867233251,6.476418363306402,5.802118375377063,5.767195362506262,0.0,7.824445930877619,0.0
7.5368136474035925,0.0,0.0,0.0,4.797261554042203,7.650168700845001,6.099832306721617
8.014874300581514,0.0,0.0,0.0,7.683467757269778,8.412054873292933,8.349384675750645
5.047556615673788,7.5490405824894085,4.594311442653216,7.496097345175956,0.0,9.510519035757246,8.624151105673308
7.187700427729337,0.0,0.0,0.0,4.3471879543751335,8.732465848349879,6.68840267294615
4.147682101549774,7.142265978771425,5.638319081511895,6.891930728635166,0.0,9.15915233520675,7.213345073501231
2.866849203576117,5.303304908059076,0.0,5.303304908059076,0.0,7.0909098220799835,0.0
8.447848104908857,5.831882477283517,5.831882477283517,0.0,8.163689139168296,8.699681400989514,7.679316906472131
5.765298745893938,7.153505366101731,0.0,7.153505366101731,0.0,8.853808274977197,6.316685716463661
6.525931662937986,8.323181166608276,5.673323267171493,8.250160446532302,0.0,8.699681400989514,8.425645588274197
9.141666824856921,5.425962720383707,5.425962720383707,0.0,0.0,9.61587214452889,7.542340698470868
8.764983447847575,8.286974671430064,7.7266536648476425,7.441203080784407,0.0,8.922791623969637,8.263655510912052
4.900861305229758,7.206303104744224,6.9363427358340495,5.768008446955473,0.0,8.987321812850125,7.2228852736943265
7.247506214790089,6.958286783281285,4.232656178019613,6.891554756310429,8.314958299636633,8.517393171418904,8.449881975082887
6.15460080826735,7.219634719459723,4.18950321539533,7.170888478512505,5.65513317306517,7.601402334583733,7.522997121898311
7.281686693961525,0.0,0.0,0.0,4.752889212719792,7.313886831633462,5.807152859316373
8.226352994133817,0.0,0.0,0.0,8.012406077761623,8.412054873292933,0.0
8.705122394431482,8.929896043747707,7.880248634741178,8.499222684761596,0.0,9.510519035757246,8.59013470041626
7.434703524179959,6.3476693805620945,0.0,6.3476693805620945,7.943801233805542,9.105090961257085,8.720185503476179
8.170540348880989,6.340853008995741,6.068448736124344,4.914638211761729,8.266101815628703,8.294299608857235,7.169983908867058
6.485511866549244,0.0,0.0,0.0,7.944706974192116,8.987321812850125,6.04944756295356
7.40836169445466,0.0,0.0,0.0,3.704920259721053,7.496097345175956,5.882866674638639
8.828183148359935,4.929714423172439,4.929714423172439,0.0,8.479722424006367,9.210440366976517,7.536873085567094
9.06509002453735,0.0,0.0,0.0,8.538221403846634,9.210440366976517,7.62731724103087
8.52844620252184,0.0,0.0,0.0,8.142277991426354,9.105090961257085,8.842065870537343
8.353862225011602,5.810601925550271,0.0,5.810601925550271,8.80247920491005,8.517393171418904,8.667679109514255
6.296953823498766,7.228910811491457,7.228910811491457,0.0,0.0,7.824445930877619,5.210456425144372
8.48804051087811,0.0,0.0,0.0,7.542992778218433,8.699681400989514,8.005612407922232
6.89024629645058,0.0,0.0,0.0,7.288465524895797,7.313886831633462,7.605875943740387
8.862010347569155,5.890815138958052,5.890815138958052,0.0,8.782405981441393,8.987321812850125,8.54649833469295
8.3582694997693,5.410037616158444,0.0,5.410037616158444,5.52265303900339,8.412054873292933,6.925832747478607
8.412807935815461,7.399850580327524,7.227662498728654,5.559681130681944,4.5626505116412455,9.472781556562168,6.998824967872717
6.877599578011986,0.0,0.0,0.0,5.8326139955825065,7.0909098220799835,6.384947861021203
8.407404116817501,6.633515782226845,6.633515782226845,0.0,7.82168791473175,8.699681400989514,6.903245620741696
3.65723245385374,5.498642547781566,5.498642547781566,0.0,0.0,7.496097345175956,6.305211348903831
8.90757234065447,0.0,0.0,0.0,9.279388204619408,9.259225769705994,8.931628316759825
7.1442537565554725,0.0,0.0,0.0,7.945034008951601,7.824445930877619,7.223467469327854
6.39657585930442,6.253828811575473,0.0,6.253828811575473,0.0,8.412054873292933,6.433351202755637
8.053546565699435,8.025146795634955,8.025146795634955,0.0,0.0,8.412054873292933,7.69589152734092
8.627218266163238,7.8125400706700905,6.12846180168817,7.607714206824335,7.410878653435004,9.15915233520675,8.114037796066741
6.358943838064837,7.422134580947425,6.175867270105761,7.083891076689006,0.0,7.496097345175956,6.930404064868711
3.9668592740635704,6.807227511208115,6.807227511208115,0.0,0.0,9.61587214452889,6.291275062988711
6.94466171529988,0.0,0.0,0.0,5.271655768903227,7.0909098220799835,5.619144772814835
3.096898455278453,5.440250862436703,4.007333185232471,5.173320876373351,0.0,8.055475141757274,6.050220690287262
7.336916955175114,7.297896913391455,7.297896913391455,0.0,0.0,7.824445930877619,7.309827963322249
8.516202364709537,7.827197041141826,7.827197041141826,0.0,0.0,9.04793908261736,7.115760336136773
8.455553207218843,7.852050207265889,6.201441801890433,7.639421003155099,4.832813852577784,8.412054873292933,8.089776384539158
9.169734116474258,5.47788513514537,0.0,5.47788513514537,8.478477217260794,9.61587214452889,7.086328788949036
7.097456372393404,7.202929217192214,6.945975491801835,5.721622392784532,7.46112846694432,8.294299608857235,5.669477482988859
4.482356716388302,6.668634773144786,5.232818384315341,6.398594934535208,0.0,8.922791623969637,6.782514658160132
4.823454663098984,7.280476785421319,0.0,7.280476785421319,0.0,8.699681400989514,7.36797490811598
5.981548025533274,7.123237557549498,6.624437004631857,6.190684190302818,0.0,7.313886831633462,5.9969918608262365
7.448018887011862,4.582413198865475,3.573749146860305,4.144720769547168,3.0027688089699063,7.496097345175956,6.116389820596819
7.308569580837581,8.320484636299106,7.897095708949789,7.257489189586535,6.600980738451417,9.392745258631441,9.17773175503108
6.457820414163972,7.61252465936987,7.546118870630657,4.875197323201151,0.0,8.699681400989514,6.846206195420091
5.4150886683520625,8.20387325976924,5.678156927017229,8.12078791877799,0.0,7.824445930877619,8.102384945210067
7.02429610074355,6.785282513714348,6.128221980462842,6.057041591293764,0.0,8.006700845440367,6.450569063408508
6.692246352113753,6.680277347800373,5.126342101808226,6.444353807450878,6.039021806324258,7.438971592395862,7.4983519233026765
6.768494871417367,0.0,0.0,0.0,5.63332882961603,7.0909098220799835,6.295453834351446
8.402692174813357,0.0,0.0,0.0,7.940213393603685,8.922791623969637,6.993708475713134
7.635820268370158,7.232422394260728,6.9835582423976374,5.722996693580005,0.0,7.783640596221253,7.365864385532953
3.9746157410022076,6.339477080468061,0.0,6.339477080468061,4.626318760032606,9.04793908261736,7.926528879857684
8.768362679549384,8.403769141562181,7.9435910488300125,7.406953566507148,8.43394747454779,9.375939552625749,7.49222713820358
5.33559805002164,7.454528958904262,7.454528958904262,0.0,0.0,8.699681400989514,8.47749208846225
8.667636798360196,5.384495062789089,5.384495062789089,0.0,9.423705095625712,9.105090961257085,9.252381729331317
8.261940997531415,0.0,0.0,0.0,7.303124968739118,8.294299608857235,6.973922592604247
7.862651252722896,7.467216769300009,6.2527513082002315,7.115817679268242,0.0,8.77971129020447,7.823441078321496
7.301439578400993,0.0,0.0,0.0,5.013035012467554,7.496097345175956,6.375750721544702
7.035741049278737,3.950859029213344,0.0,3.950859029213344,0.0,7.0909098220799835,5.773286587437049
8.140893079474493,5.937641740410475,0.0,5.937641740410475,0.0,9.332646496360152,8.370301294034393
8.319619676180388,7.30257728299182,6.990431439150706,5.988785962902221,7.597755383689606,8.517393171418904,7.214034185877528
5.023567741672812,8.765407040086508,8.22317911406742,7.8948175662134625,0.0,9.581972891547895,8.156346436132415
8.06197182591583,0.0,0.0,0.0,7.0579866701359215,8.160803920954665,6.306711761022412
6.8159490015358974,4.2626798770413155,4.2626798770413155,0.0,0.0,9.04793908261736,6.340875498518622
3.844881376476701,6.111378643773319,0.0,6.111378643773319,0.0,8.853808274977197,6.931676046459619
6.126101776194918,8.118603394099729,7.743412795534094,6.957497370876951,0.0,8.77971129020447,7.644379365224745
5.293483220871255,0.0,0.0,0.0,9.573091967910855,9.210440366976517,9.580693916639605
6.162978836024762,0.0,0.0,0.0,6.708236067418977,8.006700845440367,4.96484314239302
5.658830696947115,8.077475090573872,7.986977455258093,5.633717600207914,0.0,9.61587214452889,6.718728760084299
5.324615426303534,8.788677282024238,8.788677282024238,0.0,0.0,8.853808274977197,8.678241389548655
8.21370083218876,0.0,0.0,0.0,7.1926664748486235,8.294299608857235,6.915087277071059
5.79437237386847,8.36777628956149,7.974777136380669,7.2444703432611846,0.0,9.15915233520675,8.301784899941328
8.833032004943137,5.572534188046247,5.572534188046247,0.0,8.024462024107864,9.472781556562168,7.3964821425272085
5.053977240469145,7.3950031185056435,6.721244961566728,6.683335914163876,0.0,9.472781556562168,7.562733917023092
8.357965014155027,8.167229959179643,7.301822342137932,7.621474398685141,7.818770227955695,8.699681400989514,7.0618676106455425
9.235102424106794,0.0,0.0,0.0,7.79948964377408,9.798182590890704,7.887345793448976
6.702187987514946,9.011285592440586,8.893060576525455,6.818683599207404,0.0,8.699681400989514,8.863729478308338
6.816619769801798,7.381377353750584,7.33191128553379,4.363098624788363,7.172435794253031,8.412054873292933,5.259399932201089
8.178705262251086,6.566531772935438,6.414933279655721,4.61512051684126,6.65963295707576,8.853808274977197,6.7185010812692125
9.431816362483396,5.1647859739235145,5.1647859739235145,0.0,8.092673335506294,9.546884034617925,8.087084098100371
7.631567140365698,0.0,0.0,0.0,6.31917571381767,8.412054873292933,6.3166482862875
7.350757734177624,0.0,0.0,0.0,6.48621823089183,7.438971592395862,6.982605042012394
4.845815775172815,6.81783057145415,0.0,6.81783057145415,0.0,8.922791623969637,7.449781789428811
7.831122260640955,6.409549686572249,6.396846318410398,2.1598687907924505,0.0,7.919719760924575,6.951405737464149
7.09086170185478,7.277945478999163,5.7278570100973765,7.040273658682281,3.9301146207582356,7.783640596221253,6.467269632504066
9.508983764801535,10.622580219049325,10.612140396554025,6.057579949314842,0.0,9.741027444837728,10.493154412097292
4.39522284295278,6.590671858558904,6.590671858558904,0.0,0.0,9.90353755128617,6.7140834496617865
6.7344702578358735,7.534164187392008,6.704549149800443,6.9620256375133796,0.0,8.294299608857235,6.907990637283199
4.861169676649224,5.214609617474552,0.0,5.214609617474552,0.0,8.517393171418904,7.238963471947687
3.884380446020005,5.9409078234908295,0.0,5.9409078234908295,0.0,7.824445930877619,6.466057050098865
7.333157949073237,6.775297595439944,0.0,6.775297595439944,0.0,7.313886831633462,6.575411994693223
7.880178076803609,10.181247689981575,10.010474295169784,8.329899292995725,0.0,9.711176264112805,10.107663413992865
7.981308742195463,0.0,0.0,0.0,5.642065374010358,8.006700845440367,6.520104698208447
8.524738758090878,7.469169448858939,7.355743334170192,5.241694103606946,6.978541613385925,9.239996256883693,7.306932374913732
3.497792311579085,5.994983348857101,0.0,6.195200992896963,0.0,8.412054873292933,5.870906518154242
7.8438989459066235,9.530438568401978,8.412789995159711,9.134465300960992,0.0,9.581972891547895,9.730765241011614
8.221373215602528,7.067899390831388,7.067899390831388,0.0,9.24704341846484,9.15915233520675,8.480911483552733
8.500113289796179,7.411314566756082,5.870990393640108,7.170888478512505,7.27475376511212,8.517393171418904,8.134835062274897
7.083877788826112,8.35226901869755,7.705888405057271,7.610555716570221,0.0,9.259225769705994,8.168976260852473
4.599362232431104,6.811651784586988,6.811651784586988,0.0,0.0,9.210440366976517,6.8133429097252804
7.3368663409049155,0.0,0.0,0.0,7.8692588491615885,8.006700845440367,5.723535430784148
6.5163663435756565,0.0,0.0,0.0,8.78336254503345,9.433563920090563,0.0
3.7938514443055174,6.346232674226486,0.0,6.346232674226486,0.0,9.711176264112805,6.632557427999824
7.536684759469263,5.726130878319963,0.0,5.726130878319963,0.0,7.313886831633462,6.253362320092931
9.632939576159895,6.273442884143084,6.273442884143084,0.0,8.319203507029966,9.852246888342531,7.626641582885591
8.411435697195069,7.601996860466867,5.353893974436778,7.490953655994216,0.0,8.412054873292933,8.02609452639736
6.8948212113904175,0.0,0.0,0.0,7.991602545208931,8.006700845440367,6.726107198951786
5.55681717747042,6.928998045250788,5.225746673713202,6.729190656065888,0.0,8.77971129020447,7.003208693982357
8.413771525640323,8.467019270296603,8.199060158868418,7.020003023139844,0.0,9.15915233520675,7.563063973472657
7.019865260363955,0.0,0.0,0.0,4.587015146074106,7.0909098220799835,5.733632454566139
8.533931778547744,5.807992328556631,5.807992328556631,0.0,9.248197093777598,8.987321812850125,8.401713088797791
8.202635740305904,7.307202314764738,7.307202314764738,0.0,9.085422723112703,9.433563920090563,6.353164730354646
4.362535536347513,6.32665024220373,5.604035801485916,5.66559589327096,0.0,8.987321812850125,6.4014968695961425
7.217750267229581,7.298742756798462,6.803505257608338,6.360334824746592,6.115822337175922,7.313886831633462,6.328108163685669
5.247659344016795,6.958543445814242,0.0,6.958543445814242,0.0,8.006700845440367,7.171776521441516
7.77303208081131,7.715685443986129,7.109846782799715,6.927851980681259,5.435751214055649,7.955425088912672,7.637414947704703
7.014877436437476,5.194289296123989,4.0943445622221,4.797772052189602,0.0,8.294299608857235,5.386999190896618
7.851808975526968,6.8810518961475875,5.099561503290658,6.697898071993661,7.238042107490065,8.612685172875459,6.694620994903125
7.967247711517392,8.438439985311405,8.366700479725024,5.771191870885455,0.0,8.922791623969637,8.776064182271206
4.277305678343271,6.932252750582524,6.932252750582524,0.0,0.0,9.90353755128617,8.6782732641359
8.1217927629697,8.755469660354638,8.398364609366666,7.553024379297619,0.0,9.392745258631441,7.9696696937002605
8.880592163047075,7.346403680880534,7.346403680880534,0.0,8.092576099501503,9.770013301136158,7.454966141278507
4.234682020115849,6.600020147878862,6.600020147878862,0.0,0.0,8.517393171418904,7.338438054660707
8.530595231725632,7.729827634817266,7.157618654995728,6.9000859446772305,7.957020223584922,8.517393171418904,8.551643898851623
7.806130483905686,7.4004311886379766,0.0,7.4004311886379766,6.189934136457897,8.006700845440367,7.274817976209705
4.179449450794834,6.442587936027852,6.180078763524957,4.983606621708336,0.0,8.699681400989514,7.322975419005886
7.159006591937979,4.034240638152395,0.0,4.034240638152395,8.595534640092067,8.006700845440367,8.141410334822647
4.355882972945733,5.627621113690637,5.627621113690637,0.0,0.0,9.04793908261736,6.703930387380491
6.858106447513435,8.92011506825162,8.92011506825162,0.0,0.0,9.61587214452889,8.925617394148949
8.552401922900005,8.278578070221634,7.866116505675597,7.1945644705842495,0.0,9.15915233520675,7.130497284087458
6.277499549509287,8.748527109914146,8.748527109914146,0.0,0.0,9.711176264112805,8.502270664683406
5.578594086939105,7.52706214387286,0.0,7.52706214387286,0.0,7.496097345175956,7.373097776386276
6.200651447896945,8.50216279887217,8.50216279887217,0.0,0.0,9.259225769705994,8.14078128503677
6.942794788071945,7.1771027959927185,7.1771027959927185,0.0,5.462147518767444,7.313886831633462,5.471280919320311
9.354312570077271,10.800403193707307,10.615511686990757,9.021516118402948,6.3264479724280225,10.021315031649332,10.756446464036406
9.104811902659375,8.435054288259272,8.299367972666817,6.372278291775017,7.52592771962292,9.105090961257085,8.343527626714978
9.121553922294966,5.432848259505643,5.432848259505643,0.0,8.627828604010995,9.15915233520675,8.811638160294532
7.168519894693501,7.752975267802946,7.752975267802946,0.0,7.535975534985668,8.699681400989514,7.750792350658784
7.473057488533105,7.090076835776092,7.090076835776092,0.0,9.054143804280173,8.81744592104187,9.361806348066404
5.275527652547191,7.069670025998429,0.0,7.069670025998429,0.0,8.412054873292933,7.155626562660256
8.100276629984121,0.0,0.0,0.0,7.843021400399377,8.294299608857235,6.989389862640817
8.595117285704813,6.152732694704104,5.659482215759621,5.214935757608986,8.987974653071895,8.853808274977197,7.8926266431443395
8.60991830116791,0.0,0.0,0.0,7.123042436697594,8.699681400989514,7.630956501268229
5.206547916953728,4.900746020558973,4.900746020558973,0.0,5.394281237195394,7.824445930877619,5.132415002036888
7.1798657780767305,9.278151345296576,7.977161869726701,8.960465193192938,0.0,8.699681400989514,9.195664586213717
6.297510848886822,0.0,0.0,0.0,6.980765887609829,7.313886831633462,7.192825294982801
6.937412156025841,3.914021008090819,0.0,3.914021008090819,0.0,6.90875477931522,4.109635950733557
7.093384399750598,9.333864230861483,9.223720458053329,7.074176086244415,0.0,8.699681400989514,9.279777087349862
6.999768599203313,0.0,0.0,0.0,5.648605318005857,7.0909098220799835,6.070850453750321
8.422391586185938,8.168024292222826,0.0,8.168024292222826,0.0,9.61587214452889,9.5528634147772
3.3990015392304858,5.559681130681944,5.559681130681944,0.0,0.0,9.392745258631441,6.221556708814884
8.148470589009584,7.803680024903419,0.0,7.803680024903419,0.0,7.438971592395862,5.431599547496909
3.190091132126569,5.686941457460175,5.278063637520769,4.605170185988092,0.0,9.433563920090563,5.665722824541622
9.165424921623329,6.565264970035361,6.565264970035361,0.0,6.64990613818529,9.259225769705994,7.803119475924474
7.675627374169083,7.395764578826755,7.395764578826755,0.0,0.0,8.517393171418904,6.485407067467408
7.874048710084071,0.0,0.0,0.0,8.076264310344738,8.055475141757274,5.979608964089031
7.897514408697388,0.0,0.0,0.0,7.707820668365731,8.853808274977197,6.698120841060621
2.556518688260544,5.111987788356544,5.111987788356544,0.0,0.0,9.61587214452889,0.0
8.147154695647348,9.365859258239135,9.365859258239135,0.0,0.0,9.259225769705994,9.005369931310874
6.974508609367955,4.60487014097909,0.0,4.60487014097909,0.0,7.824445930877619,8.187574576900108
8.895207656338505,0.0,0.0,0.0,6.582322004796082,8.922791623969637,7.59355102131498
8.984216312105918,7.041542888780236,6.9262335002279105,4.832305758571839,7.883490010553801,9.105090961257085,7.640373704290472
7.532414063643064,7.310215878070003,7.310215878070003,0.0,0.0,9.04793908261736,7.617065767640467
5.562477191109168,6.472717168531608,6.472717168531608,0.0,0.0,9.210440366976517,6.293459163448492
7.169497503099561,0.0,0.0,0.0,7.6274643264265976,8.160803920954665,8.010003212012062
5.750627297081111,8.191429809777203,7.661879960265902,7.303257589492757,0.0,9.61587214452889,7.791792145275889
8.86635017848305,0.0,0.0,0.0,8.045283893456759,8.922791623969637,8.420798165819448
8.402690028392213,0.0,0.0,0.0,7.954033182392808,8.517393171418904,6.894180457601773
7.8979549642928175,9.430777063047538,9.19082416365817,7.886261836624218,0.0,9.472781556562168,9.136877049468143
9.632055966120832,8.96504578801927,8.931394692532955,5.560412363997187,7.8717115325666915,9.852246888342531,9.316896998208462
0.2830707064278705,3.2441536320524693,3.2441536320524693,0.0,0.0,7.496097345175956,3.8424608147669272
7.8215333696155005,10.238482984932876,10.044725361805499,8.502223705652332,0.0,9.105090961257085,10.213029235243319
3.880008382726552,5.921578419643816,5.6153154933338705,4.599152113662528,0.0,8.294299608857235,6.49737990221231
8.32256982719867,7.518943750843647,7.284779759458451,5.955008010097367,8.295367265152752,8.922791623969637,8.95948163986429
7.804264169248088,7.425995347691501,6.715637899398029,6.750937712839404,0.0,8.77971129020447,6.527855668243214
9.080554148983385,9.3652598990218,9.14867345716107,7.729594662150938,0.0,9.680406499268875,9.247478263715935
7.40429429503713,7.647490200156314,7.647490200156314,0.0,0.0,8.412054873292933,6.359054690670204
7.916018534879276,0.0,0.0,0.0,7.996751120145163,8.006700845440367,8.137123310470422
7.574274582509904,6.021945254361569,6.021945254361569,0.0,4.605950691314548,7.824445930877619,7.247270479659958
2.3944981454534395,4.607068383271171,0.0,4.607068383271171,0.0,8.294299608857235,5.347177275904264
5.9795667456393256,6.26530121273771,6.26530121273771,0.0,7.603313476204128,7.824445930877619,8.22907569191319
8.688945389303687,7.579198626098296,7.4833231531314865,5.19251230765106,0.0,9.350189267092581,7.348682389362752
5.589451567292411,7.468233552013193,7.324133950255876,5.4640436469922955,5.481423502978879,8.160803920954665,7.651715945890163
6.822995379332332,2.9657883971809187,0.0,2.9657883971809187,0.0,6.90875477931522,7.250132612577438
8.066059827736849,5.9587347224850635,5.9587347224850635,0.0,8.220576280846629,8.294299608857235,8.398901859724308
7.636625121256484,0.0,0.0,0.0,5.299391654294262,7.650168700845001,6.317172610903613
8.851030737715627,0.0,0.0,0.0,9.354450390362016,9.581972891547895,7.312779275148065
6.5865324104642,6.440084925530074,5.295312857527738,6.059263372672417,0.0,8.922791623969637,6.582137352818215
7.812242889265929,6.871226140290243,6.871226140290243,0.0,0.0,8.853808274977197,6.341893012356714
5.314143701803915,7.607287034697277,7.607287034697277,0.0,0.0,7.650168700845001,8.053742140501635
8.823009113646862,4.61015772749913,0.0,4.61015772749913,8.952542185360677,8.987321812850125,7.482197512806241
4.684888782681799,6.989418211843212,0.0,6.989418211843212,0.0,8.987321812850125,7.324245469563922
8.280933218962875,5.337538079701318,0.0,5.337538079701318,7.344543203417521,9.04793908261736,7.309949659420647
7.128811697749724,7.4721993917742004,6.811299443164508,6.746905543839314,0.0,8.517393171418904,7.135190519011707
8.87575238027003,8.252860390651936,7.528965974157331,7.590048770784,9.60323940193181,9.15915233520675,9.783630576877155
7.672729861349572,4.775503503469979,4.775503503469979,0.0,6.930720273269763,8.987321812850125,8.602063038667076
3.5149053105234205,7.110214374303505,6.646922840669663,6.12029741895095,0.0,8.699681400989514,7.109342610659466
8.590777577508412,7.444973532904065,6.707253458148752,6.795616285710839,7.737965387199544,8.699681400989514,7.361369611298418
8.137589283857878,2.4898941912990393,2.4898941912990393,0.0,7.1407285827911275,8.294299608857235,6.61604507248076
9.093940716270863,0.0,0.0,0.0,8.486877015351531,9.392745258631441,7.7964133776275855
6.7321518072356605,9.020895101679574,7.974494990695282,8.588450962746705,0.0,8.853808274977197,8.972669454996353
7.656383636968197,6.431218354162873,0.0,6.431218354162873,7.580530438401991,8.294299608857235,6.27444161963634
2.8548423877897924,5.25227342804663,0.0,5.25227342804663,0.0,8.294299608857235,5.778006650534199
8.23617250524988,8.946515441254949,8.52753354521047,7.874780949392222,0.0,9.350189267092581,7.836008304077862
6.993044427370432,9.183547630658449,8.23137870726859,8.696112299775097,0.0,9.04793908261736,9.056366631544225
1.1555441398076307,0.0,0.0,0.0,4.924807245787907,8.006700845440367,5.633831687371518
8.56586761955518,9.036483290222936,8.918743981902525,6.839979523651582,8.052646864132791,9.472781556562168,9.047465252815106
2.359092450498361,4.784152841516532,4.2626798770413155,3.903990833730882,0.0,8.101980731853192,4.777273732939387
8.046978175990018,9.323944912088892,9.299315070388376,5.611520976229896,0.0,8.922791623969637,9.026196750189536
7.421733207211542,6.678995988882291,6.678995988882291,0.0,0.0,7.467942332285852,6.988990362262481
6.288581945295806,7.4414494136517355,5.020585624949423,7.349050744091129,0.0,7.313886831633462,6.523398498313771
7.498291182927613,6.952183563016483,6.687544921645369,5.497496040408414,4.6460684527995415,8.517393171418904,6.975232521283221
7.78119127922513,8.203191783978363,7.343290385509654,7.653400028499837,7.792311140988034,8.412054873292933,8.843086441505989
6.30239865294082,8.776259716621574,8.102465316028887,8.063692634269517,0.0,8.922791623969637,8.761273806467075
5.668066370779437,6.933452265069323,0.0,6.933452265069323,0.0,7.937731775260109,7.047003579030876
7.268987854820082,0.0,0.0,0.0,7.532539005466141,7.783640596221253,7.76765728647058
4.388932807071805,6.160595320114315,6.160595320114315,0.0,0.0,9.680406499268875,6.336525124906966
7.666462381996685,6.598985754199871,4.377014092850337,6.485779618746983,8.651225574823918,8.006700845440367,8.825109170796825
8.502384481933156,8.023460645076424,6.897846347272012,7.631712905335394,9.296728896450118,9.350189267092581,9.967489816632341
4.148226029399048,6.400838671712862,6.150602768446279,4.9004483350615,0.0,8.853808274977197,6.558304622638743
6.969557694456648,0.0,0.0,0.0,6.210125727590956,7.0909098220799835,6.581116970399943
8.58454845106858,0.0,0.0,0.0,9.17702520734201,9.259225769705994,8.083422381858679
2.2571549974660976,0.0,0.0,0.0,4.338766683772382,8.517393171418904,4.320402316452469
5.109875770459441,7.476393102823272,7.047812829834717,6.424090763278519,0.0,9.210440366976517,7.478431753092379
5.706330206429655,7.763531382990301,7.036763959545671,7.103733162223577,0.0,8.77971129020447,7.890687243246257
8.223261452284426,0.0,0.0,0.0,6.248099089562762,8.294299608857235,7.108468517993844
5.729701158078681,8.263293996932026,7.6891697142537145,7.435609096625506,0.0,9.433563920090563,8.19986067245437
9.575882940655276,8.692686488616612,8.059105484734442,7.936556504392821,0.0,9.61587214452889,8.96708980570457
7.473620008974655,8.694557481240874,8.231173736050357,7.703048313707953,7.483257119030287,9.711176264112805,8.89206155749634
7.301981155554735,9.589178781688577,7.814775169098112,9.403432055512013,0.0,9.648659816955295,9.579392540270357
8.702145751749669,6.074495094432114,6.074495094432114,0.0,7.797696778418683,8.853808274977197,7.33677927758578
8.634114883422663,7.934427500302114,7.843946672562629,5.491042946640714,0.0,9.546884034617925,7.483966352827612
5.902968659686884,6.349698275510708,0.0,6.349698275510708,8.509565228741305,8.294299608857235,8.577250842935385
7.455344390933851,0.0,0.0,0.0,7.4168738772087055,7.496097345175956,4.959379297258757
6.951054038665756,5.642793203029772,0.0,5.642793203029772,7.21689127635212,7.0909098220799835,6.4551459990655635
7.85279898015215,7.440087959032559,6.143971018822751,7.121252453244542,6.993991976234889,8.006700845440367,6.566968776886699
8.956934166024437,9.57038403540253,9.26766260573025,8.228163544727346,0.0,9.680406499268875,8.870316295714003
4.137471849511937,6.19766537769188,0.0,6.19766537769188,0.0,9.798182590890704,7.088698422033555
0.0,0.0,0.0,0.0,5.742646646692149,9.105090961257085,0.0
7.453100641306918,9.032670778004977,8.341362523152645,8.33792058185519,6.867918662359247,8.24301946898925,9.167827664005088
6.3279189192839125,8.423638270243778,7.118826249062078,8.107551372984561,0.0,8.517393171418904,8.612020313476044
2.8171374040268398,5.313205979041787,5.313205979041787,0.0,0.0,7.601402334583733,5.304148934852806
8.245141252982037,8.704724487255753,7.964117470543417,8.057203257352741,8.893007063000274,8.853808274977197,9.746006026929305
3.380808194373293,5.940960414934214,0.0,5.940960414934214,0.0,7.824445930877619,6.283795112928834
7.830810630736271,7.538090447130212,6.832923968359133,6.8578715170525975,0.0,9.04793908261736,8.412738805099192
6.013883921752169,8.205756532956224,8.205756532956224,0.0,0.0,8.922791623969637,8.405601038264129
6.883632504353271,7.733052899089674,7.733052899089674,0.0,4.6011276760440225,9.90353755128617,7.6349112430015635
6.78013883962259,3.8426729272933526,3.8426729272933526,0.0,7.1286754387923175,7.0909098220799835,7.372105471376485
7.754644557339642,7.560424155953332,7.179231747086985,6.41306543712555,0.0,8.699681400989514,8.813807797684037
3.3395740738248056,6.530994239002328,5.3981627015177525,6.144357293211124,0.0,9.472781556562168,6.683420920188048
7.257887311482901,5.894760896874546,0.0,5.894760896874546,0.0,7.0909098220799835,6.208820047929317
1.0918951122005631,4.394449154672439,4.394449154672439,0.0,0.0,7.313886831633462,0.0
5.806899233974393,8.217265783267834,7.411544203145999,7.625780420807986,0.0,8.922791623969637,8.080296137402796
9.245751405776936,9.44549154241467,9.44549154241467,0.0,7.931170562766869,9.259225769705994,8.931614107488732
7.671117502140235,5.435249221043181,5.435249221043181,0.0,7.55468168236899,8.294299608857235,7.832697285231538
7.982103170104391,0.0,0.0,0.0,8.29125137711346,8.294299608857235,6.761330349376544
6.485776134181247,7.585910641722846,6.3429485413496325,7.246204132237515,0.0,9.392745258631441,7.60727281467477
7.059420488585714,6.281069769121611,0.0,6.281069769121611,3.010242637180756,7.0909098220799835,6.450829239278196
8.31762794891575,0.0,0.0,0.0,7.389765274980012,8.922791623969637,6.976907253011608
5.631724112922962,7.551155337634618,5.908082938168931,7.336897850444658,0.0,8.412054873292933,7.393411948299986
8.68994365507731,0.0,0.0,0.0,6.613569642798128,8.853808274977197,7.471835371635173
6.8919704200144745,8.630975345319385,8.03100164194192,7.835468524842625,3.6199702487697327,8.922791623969637,8.47815148540822
6.710595859546636,5.097179895496441,0.0,5.097179895496441,0.0,6.90875477931522,5.378446052063834
8.85748061110516,4.209457369322605,4.209457369322605,0.0,9.074994255564617,9.105090961257085,9.16415218663191
0.8803542836138489,3.039749158970765,0.0,3.039749158970765,0.0,8.77971129020447,3.9244051888107236
8.640661334139226,5.895394078357248,5.895394078357248,0.0,8.887574420761638,8.987321812850125,6.5285739515189105
7.903445556052869,6.708108503579325,5.79002133110644,6.20050917404269,7.922626215388137,8.006700845440367,8.308036654159803
5.465077909670562,7.160224595678174,7.160224595678174,0.0,0.0,8.294299608857235,7.14947291108135
8.153006378763221,7.496097345175956,0.0,7.496097345175956,7.879990148227548,8.699681400989514,7.703173927350536
7.970097284122387,0.0,0.0,0.0,4.87046630989081,8.006700845440367,6.504223318140167
4.99025047495929,7.031811927644116,0.0,7.031811927644116,0.0,9.798182590890704,7.184287457500057
7.572910446235471,4.434974808991977,0.0,4.434974808991977,0.0,8.294299608857235,5.674536043488399
7.659425063784363,5.83793450797677,5.602377090108358,4.290459441148391,0.0,8.006700845440367,8.162337110913498
5.457009821169714,7.613818684808629,7.613818684808629,0.0,5.957462447274056,8.699681400989514,7.79211991482057
5.765774625292435,8.174601468876572,7.989685865197781,6.397379553996511,0.0,9.90353755128617,8.271282655998496
6.107446381575012,7.431471461347677,7.431471461347677,0.0,0.0,9.350189267092581,7.289610656604742
6.812735174301955,5.448244855530987,0.0,5.448244855530987,6.85137899754982,6.90875477931522,5.093599023735913
6.305990872418446,7.794930230466074,7.370444724683158,6.734496530596925,0.0,8.517393171418904,7.466630097610451
6.638995769559374,6.363510745670701,5.707110264748875,5.635789103502333,6.591022573548939,7.0909098220799835,6.456567757641127
7.311085823195568,6.042704090050949,5.77153457670702,4.61512051684126,0.0,8.79497643168877,7.158424734201517
8.854772224740518,5.798850200828595,5.798850200828595,0.0,9.158909860280032,9.210440366976517,6.493087498379625
8.392978923497893,6.0417773609815715,0.0,6.0417773609815715,0.0,8.343077871169383,6.148905918095809
5.545382614836935,8.091942635864319,7.272447002499676,7.511502778277468,0.0,8.699681400989514,7.952562483815248
7.063087148929596,5.687415937235904,4.189654742026425,5.4386443666393145,0.0,7.313886831633462,6.532881957364697
8.027482229930405,0.0,0.0,0.0,8.17504358386077,8.612685172875459,6.631392254388315
7.34421256479448,0.0,0.0,0.0,7.694897173591507,8.006700845440367,5.516274423221346
6.908147836921186,0.0,0.0,0.0,7.770328018842824,7.313886831633462,7.453085637172514
8.1279928450257,5.152829059799431,5.152829059799431,0.0,0.0,8.412054873292933,6.812198907475122
6.871684485857742,7.701638800163275,7.46296135842886,6.154157211512974,0.0,9.15915233520675,7.98879823417592
6.121573336489997,7.1152327556572095,7.1152327556572095,0.0,0.0,7.901377353792616,7.026868967593729
7.85302535398169,4.174387269895637,4.174387269895637,0.0,5.5202232002056695,7.937731775260109,5.925413132791103
7.862343193840684,0.0,0.0,0.0,7.439015199910648,8.006700845440367,7.49299491016828
9.529846173474542,9.17697384956061,8.810173204961316,7.996573091317798,7.548136994674723,9.770013301136158,10.094112502216888
7.529420761171884,8.915590716225573,8.760606711785845,6.975600825877204,7.943794747034656,9.210440366976517,9.237559664941513
8.598488599302355,0.0,0.0,0.0,9.207660269808725,9.546884034617925,7.416193902328036
6.7329452221034165,5.9311039529331815,5.9311039529331815,0.0,4.611028144596137,8.699681400989514,6.659367460569184
6.104201856693971,8.562044178634132,7.757239319364043,7.9696759203787515,0.0,8.006700845440367,8.485648419042834
4.497849550550026,5.67897735573723,0.0,5.67897735573723,0.0,8.987321812850125,5.835916783062891
6.712854769044599,7.235186770951201,7.235186770951201,0.0,0.0,7.313886831633462,5.477918605797723
8.22027921255064,7.176376848695176,7.176376848695176,0.0,8.353930544017087,8.517393171418904,7.333526980838106
8.963446267737769,0.0,0.0,0.0,8.759842741409257,9.680406499268875,7.750640028619213
6.933190937396792,4.369321262176328,4.369321262176328,0.0,0.0,7.0909098220799835,6.321188583614474
7.778183022683957,6.7601713242763,5.208447362118994,6.523532937142623,6.1283947207645655,8.699681400989514,8.7847266855957
2.8029005782437935,4.189654742026425,4.189654742026425,0.0,0.0,8.006700845440367,3.0067331909616546
7.880379534879276,6.68378638716814,5.627621113690637,6.258318716848325,8.073343676704962,8.412054873292933,6.591751750912978
8.493478681462488,0.0,0.0,0.0,5.415891678200858,9.04793908261736,7.113193341108041
7.526293196147514,3.503152104185149,3.503152104185149,0.0,3.656953836924328,7.601402334583733,5.859602175178931
9.530664464877109,6.0044794841854765,0.0,6.0044794841854765,8.12280882500609,9.581972891547895,8.061130616039831
5.530030529624723,0.0,0.0,0.0,6.990084475569528,7.0909098220799835,8.188172479617355
7.212427588695502,9.084966473481455,7.844103507631271,8.74385375080067,0.0,8.77971129020447,8.191552769462799
8.812032299726395,8.934729152757178,8.909852656143453,5.233832177321627,7.376238891712868,9.210440366976517,7.7602242320508905
7.78291672746098,0.0,0.0,0.0,6.583909094435547,8.699681400989514,6.605721028989645
7.2688207950373505,7.386929231984287,6.686946499964646,6.701800648088608,0.0,7.313886831633462,7.217212020476947
4.965685521175214,7.103108223874784,6.354943789215722,6.463668878032435,0.0,9.305741456739435,6.848978823877981
6.494355397155146,6.656585126007334,6.551066049227077,4.368181227851829,0.0,7.313886831633462,6.190917830916102
8.483757779425398,0.0,0.0,0.0,4.056077512853589,8.612685172875459,6.774641883556041
7.852549754583368,0.0,0.0,0.0,5.563029806507629,7.919719760924575,6.622117731064962
6.20236667499966,8.383163388891848,7.9252153558156495,7.382534984595664,0.0,9.90353755128617,8.189863702690346
7.920499775064096,7.408245677832743,6.428993408062502,6.938265085186709,7.672065823804452,8.77971129020447,7.264538250485682
8.951136783545568,0.0,0.0,0.0,8.729717684862003,9.350189267092581,7.483246556678983
0.22770114966666485,3.2188758248682006,0.0,3.2188758248682006,0.0,7.313886831633462,2.3545429015431467
4.573327083217551,7.0251649115989485,7.0251649115989485,0.0,0.0,7.313886831633462,8.08533181245324
7.272636601001721,6.3507286363154325,6.3507286363154325,0.0,0.0,7.650168700845001,7.853432969207307
8.631243996646164,0.0,0.0,0.0,7.9760770442193705,8.922791623969637,8.721951290469587
0.9902257176380227,0.0,0.0,0.0,7.047360996111289,7.313886831633462,1.5041896127020538
4.434136817192452,6.9857435700940735,0.0,6.9857435700940735,0.0,9.105090961257085,6.971980495107318
7.05459504393697,0.0,0.0,0.0,7.131444475804757,8.006700845440367,5.581797437946068
7.353423370222533,6.620832917876598,5.350767491548956,6.293049524728755,8.318231854900628,8.699681400989514,6.427242671348753
7.36296808505884,0.0,0.0,0.0,7.590263451465183,7.824445930877619,5.567747134531928
7.343413207717181,6.7812732667021995,0.0,6.833516529046604,0.0,7.313886831633462,7.08213123879215
7.208812473118937,6.466657811870248,6.466657811870248,0.0,0.0,9.105090961257085,5.782849836064942
7.140839927047475,6.79256886917302,6.79256886917302,0.0,0.0,8.006700845440367,5.713975835381158
7.151369437581465,7.495119632501133,4.982647257556087,7.411181595266183,6.629671661621122,7.313886831633462,7.201338254807467
7.407145149465118,7.909004615683427,7.856005811887126,4.952229043207861,0.0,8.517393171418904,7.937876944301295
8.046314882789998,8.328586323372264,8.328586323372264,0.0,8.191021469633554,9.105090961257085,7.3785537303980275
8.13372649076062,7.039660349862076,0.0,7.039660349862076,0.0,8.202756381655638,7.84078381775736
8.295849558526555,5.137444140959952,0.0,5.137444140959952,7.961974824337743,8.699681400989514,7.348688635854927
6.820479600158763,0.0,0.0,0.0,7.806061036835064,7.0909098220799835,7.418196215765578
8.341477697739695,5.218732887205194,5.218732887205194,0.0,7.369420936880475,9.259225769705994,6.938375131702709
9.249378365552644,0.0,0.0,0.0,8.305637286011166,9.472781556562168,8.078120442022708
7.948514021085048,7.2540081007916974,0.0,7.2540081007916974,7.623688300275929,8.517393171418904,8.845241201530152
8.612666224322913,0.0,0.0,0.0,6.186763994345133,8.699681400989514,7.276760042425337
6.704938255694346,7.568900826016282,7.294404472832661,6.14412125437091,5.452295127139911,7.601402334583733,7.4731344773715405
6.629418695757827,7.818872652082295,7.6274226693514775,6.073850660705929,0.0,8.294299608857235,6.855506116319084
8.570243882447306,0.0,0.0,0.0,7.693848482382884,8.77971129020447,7.299799759322866
3.189515230182241,6.681557066938699,0.0,6.681557066938699,0.0,8.294299608857235,6.817259632788524
8.637721680464107,6.576720234007968,5.991839476813055,5.765285142250143,8.257896869436781,8.853808274977197,7.287322755656264
8.57732947754562,0.0,0.0,0.0,8.508275230144164,9.15915233520675,7.1972478035759595
4.146452644579761,6.664255947410854,6.664255947410854,0.0,0.0,8.006700845440367,7.986946996221429
7.627216006488745,0.0,0.0,0.0,5.304631331453073,7.601402334583733,6.273260374560692
4.055608359674597,5.564520407322694,5.564520407322694,0.0,0.0,8.612685172875459,5.634700677786934
7.022928728628872,0.0,0.0,0.0,4.051109954829403,7.0909098220799835,5.468450107282541
9.156009308235877,3.9158158036668422,0.0,3.9158158036668422,8.313681610190036,9.392745258631441,7.7106341458979575
7.778840982360994,8.2996066711644,7.742662404579914,7.449317651714636,7.638574544863118,8.517393171418904,7.955791858543801
7.5787485156163,6.223468726854389,6.223468726854389,0.0,0.0,9.259225769705994,6.531839523556307
6.072850849446126,8.396418936520854,8.196897014035505,6.687731855004171,0.0,9.04793908261736,8.366974985800102
7.615247526804938,6.840011626895618,6.840011626895618,0.0,7.057281000157246,8.006700845440367,5.9774097495439245
7.1337612017995875,7.060416278357665,6.857545607789159,5.370172803648464,0.0,8.517393171418904,0.0
7.5084757131452005,5.18307485103576,4.26633516017769,4.681853410759049,0.0,7.824445930877619,7.036447587979579
7.351639554091277,5.651084685655752,5.324326185729087,4.386143150185721,0.0,8.517393171418904,6.0540396349400405
8.263607042273192,9.189860075113842,9.162963608485253,5.564520407322694,7.580706636384541,9.852246888342531,9.446905866267286
6.564573302719649,7.654732284214963,7.45911421560384,5.929589143389895,5.905385166583781,8.77971129020447,8.432106408189142
7.919213915085382,0.0,0.0,0.0,6.076080069662417,8.006700845440367,6.696888022161241
8.376674582090832,7.190902082632157,7.190902082632157,0.0,7.02486927132339,8.412054873292933,7.225982980921637
9.064984341234677,0.0,0.0,0.0,9.230645112408148,9.210440366976517,9.323115761386095
4.515743144538151,0.0,0.0,0.0,6.593490588070248,8.160803920954665,4.385054196978452
9.123226235379693,8.13408333224471,7.637793538125831,7.196334448921611,7.632817976238577,9.15915233520675,0.0
5.702422386822591,7.498365731019783,6.431588697700988,7.07743898009447,5.794475383981616,8.922791623969637,7.422404315580954
4.491356330204924,6.632410126157487,0.0,6.632410126157487,0.0,8.699681400989514,6.219424500911674
2.7556967274401374,4.808111029984782,0.0,4.808111029984782,0.0,8.294299608857235,4.928329895689916
8.558762916172551,0.0,0.0,0.0,7.748117705608832,8.612685172875459,6.918245383933033
6.728637087929172,4.51513606328411,4.51513606328411,0.0,7.057432785355566,7.313886831633462,5.543464368627641
7.742176234609019,0.0,0.0,0.0,6.759921195058511,7.8636512654486515,0.0
7.486612062018096,0.0,0.0,0.0,9.682736632844668,9.210440366976517,9.67560072088294
7.798450805631714,6.620473126551683,5.977619140285929,5.8771754007058545,0.0,9.04793908261736,7.824895664997961
2.406587476808195,5.225316473663546,0.0,5.225316473663546,0.0,8.294299608857235,5.2267638175373135
7.330018096951312,4.2626798770413155,0.0,4.2626798770413155,6.464139525433969,7.313886831633462,6.88151142388701
7.506882505388558,5.394808666736798,5.394808666736798,0.0,6.88645644052007,7.824445930877619,6.253731635700205
1.724121572205594,3.8188106237059674,3.8188106237059674,0.0,0.0,8.699681400989514,5.591538757358487
6.470072659199709,5.597236070925805,0.0,5.597236070925805,0.0,7.0909098220799835,7.351600657426848
4.998433278034918,0.0,0.0,0.0,7.519923875698027,7.8636512654486515,0.0
5.291068139277842,7.537856157824447,0.0,7.537856157824447,0.0,8.517393171418904,7.447872180664541
7.448696224472905,6.124158088833448,3.6109179126442243,6.042062599871073,0.0,7.438971592395862,6.7826747320169885
3.320710961673979,6.256709274440827,0.0,6.256709274440827,0.0,8.294299608857235,6.314218642029668
8.586902235830125,0.0,0.0,0.0,7.0164918778522205,8.699681400989514,6.460129829604608
6.650986314586612,9.050173967238447,8.987722932241002,6.247675302126387,5.472550726889886,9.770013301136158,8.670771250527542
4.436479935353279,0.0,0.0,0.0,7.884522351373716,8.006700845440367,9.46522970167571
7.884507595194604,0.0,0.0,0.0,8.152101383708175,8.294299608857235,8.07903917601294
4.415970976267395,6.656777936738491,6.258548425884557,5.547440506821194,0.0,8.922791623969637,6.626468092921915
7.225683361426156,0.0,0.0,0.0,7.91595614067241,8.101980731853192,0.0
7.481243419915133,8.41299866239838,8.002245751291024,7.32553755174494,0.0,9.04793908261736,5.633733223968594
5.429667989271472,7.771071303686203,7.4283510193438795,6.5352122430161526,0.0,8.343077871169383,7.575256934787594
5.055763721011459,6.2502454760133235,6.134633721747373,4.053001598687718,0.0,8.006700845440367,5.915482866042184
8.469817378929754,6.693323668269949,6.1779441140506,5.786897381366708,7.442330604791696,8.987321812850125,6.781282802625139
7.8539360145552575,6.362441724757473,6.362441724757473,0.0,8.762750567293526,9.15915233520675,8.077273388504521
8.133295458109204,2.2407096892759584,2.2407096892759584,0.0,0.0,9.259225769705994,6.924315666679689
8.165807504946029,5.163012974517138,5.163012974517138,0.0,8.046866386754953,8.517393171418904,8.535484935157376
7.4671117110020075,4.330470147759479,4.330470147759479,0.0,5.380048199305522,7.496097345175956,6.479186446918745
1.7053390085220943,4.114800570789483,0.0,4.114800570789483,0.0,8.294299608857235,6.157471279643186
7.907988418406403,7.313886831633462,7.313886831633462,0.0,6.165675587821987,8.434028950155469,6.857085704777548
7.5188025446430675,7.732623464403156,0.0,7.732623464403156,0.0,7.496097345175956,7.809587577236341
7.244748759732023,0.0,0.0,0.0,7.585170431583482,8.006700845440367,6.570607138589425
6.515922463987037,7.050842122524809,0.0,7.050842122524809,0.0,8.853808274977197,0.0
7.786372902552613,0.0,0.0,0.0,4.561285245016266,7.783640596221253,5.753438016659154
5.65706962836718,0.0,0.0,0.0,7.880690474624304,8.006700845440367,5.520431632329588
6.919793210468111,5.2316966792061415,4.128907006571212,4.836281906951478,0.0,8.006700845440367,6.454967981726779
7.215159565938253,4.509760001183433,3.367295829986474,4.141546163706395,0.0,8.853808274977197,5.781805827882193
7.2397698822447545,5.4054213614622375,5.4054213614622375,0.0,0.0,7.438971592395862,5.914437050363729
6.19151338675788,8.469948532338313,8.469948532338313,0.0,0.0,7.824445930877619,7.59146472641325
7.546150359851669,4.473921899378137,4.473921899378137,0.0,4.537276003578337,7.601402334583733,6.282440240256379
8.283600032378404,7.059299708344384,6.9301721332661375,4.955545327778296,8.24518707016136,8.922791623969637,7.2984393998680765
6.82651098327409,6.885898142626828,6.424852816318616,5.892720979969123,0.0,8.11701408773731,6.310638958474112
5.4327685928708025,7.312433410839042,6.53896437519334,6.694871416605542,0.0,8.160803920954665,5.840046800248418
8.359638018774392,5.8971538676367405,5.8971538676367405,0.0,8.57703122498853,8.612685172875459,7.132253915753195
8.322816663678296,0.0,0.0,0.0,6.293884712105265,9.04793908261736,6.9149906196618725
7.227550090813446,0.0,0.0,0.0,4.733387879636761,7.313886831633462,5.728822714622052
7.1713447664035,0.0,0.0,0.0,6.243516063672564,8.006700845440367,5.960128849948296
7.271631127464108,5.860786223465865,0.0,5.860786223465865,0.0,8.294299608857235,0.0
7.1742318570547,7.306397161742176,6.896370720115499,6.218839134950008,6.756369926443841,7.601402334583733,6.419465340057386
7.225281658060838,6.900982394694708,6.4806578707468585,5.834372044359803,6.505513294027461,8.412054873292933,7.972514640654436
6.845004791426019,7.161947783846654,0.0,7.161947783846654,0.0,7.313886831633462,6.927103069522427
4.8704080101331595,7.006441571480835,0.0,7.006441571480835,0.0,8.294299608857235,7.025108284410997
5.088823119461836,6.287263587661711,4.6443908991413725,6.074610128194651,0.0,6.90875477931522,5.6412922898003295
6.717776934057948,0.0,0.0,0.0,6.8084433901097485,7.824445930877619,6.261335149169291
5.443974740146037,7.679769091293983,7.232819837621248,6.660575149839686,0.0,8.294299608857235,0.0
8.193674964737651,0.0,0.0,0.0,8.506896716586155,8.612685172875459,6.2742460161944935
9.014537146184342,8.55607153827656,8.294651958671773,7.0874149628002785,9.8446956065617,9.472781556562168,9.464008568082035
8.398301839704455,6.384924548088715,4.7019338544204,6.181423531031148,6.337472299067496,9.741027444837728,8.622201897016161
7.701383321481022,7.49088668049606,7.214798704912538,6.0712918469675365,7.415576931340523,9.259225769705994,9.089735256069595
7.74759840863984,0.0,0.0,0.0,8.087650631302624,8.006700845440367,7.811549084944684
7.136307968892993,5.955837369464831,5.955837369464831,0.0,0.0,8.517393171418904,0.0
4.152551927571856,6.16541785423142,0.0,6.16541785423142,0.0,7.313886831633462,6.014037932795636
8.571993759153827,0.0,0.0,0.0,7.488759911136489,8.699681400989514,7.40810683228331
5.14695842037017,7.220593271315036,7.220593271315036,0.0,0.0,7.601402334583733,8.147320782207839
7.148512399037486,4.355939299910563,4.355939299910563,0.0,0.0,7.313886831633462,5.5533858700182055
9.313287264988915,7.662796863079672,7.6146574247744185,4.61512051684126,7.39216677402381,9.61587214452889,7.822057382444881
6.9013345773225225,4.61512051684126,4.61512051684126,0.0,6.387185270871207,7.0909098220799835,0.0
9.223454065405022,0.0,0.0,0.0,8.111125750542108,9.581972891547895,8.308431772632314
8.39396351118463,9.43771097669867,9.296723551691215,7.409566393876943,9.608951411865633,9.741027444837728,10.364053632252627
7.684609949995984,5.303304908059076,5.303304908059076,0.0,5.310269331408444,8.987321812850125,6.208526013987536
9.200561268931697,7.692546837588771,6.725621704518397,7.214842841057841,7.557133476914872,9.350189267092581,7.99741029916405
7.74988672483219,7.971448256854101,7.700842812621869,6.533556252747972,5.236605093140498,9.510519035757246,7.202062034187167
6.814622492335874,2.94706710157271,0.0,2.94706710157271,3.0016565403799556,6.90875477931522,5.459103300025276
7.2265442091879075,7.596799052069332,0.0,7.596799052069332,0.0,8.517393171418904,0.0
0.0,5.30270771484933,0.0,5.30270771484933,0.0,8.294299608857235,0.0
5.596544801944688,8.500754818664175,8.102011025244693,7.389180927892847,0.0,9.510519035757246,8.17559478629511
7.511087333537173,7.19012576992759,7.058465762399368,5.103579039738994,0.0,8.294299608857235,6.503347526176782
6.937963132680129,7.279036036810174,7.114769448366463,5.39630577487624,6.976502492697689,7.0909098220799835,8.009455849328852
6.902273832265,6.748384330564994,0.0,6.748384330564994,7.3242579741908775,7.313886831633462,7.4153211296562445
8.05569088617557,0.0,0.0,0.0,5.90486291979585,8.160803920954665,6.709604881676568
9.363538162520046,6.139884552226255,4.31748811353631,5.966146739123692,8.038450021960015,9.433563920090563,8.014867827856989
7.135663576841177,6.646831975831048,6.646831975831048,0.0,7.712345750305702,8.853808274977197,0.0
7.684792653829677,5.9351587108968875,5.18526064425574,5.300714491147758,5.965760936506304,7.8636512654486515,0.0
6.981962026828808,0.0,0.0,0.0,4.103829768419915,7.0909098220799835,5.482337055698757
7.276117270352932,6.660754391137361,4.2612704335380815,6.567009925587747,8.181578797262938,9.105090961257085,8.71998895076621
7.926077290472798,8.15514383114005,7.9259814676909945,6.570826938361307,0.0,9.433563920090563,8.309787080170734
7.232235135750898,0.0,0.0,0.0,5.250304480469707,7.313886831633462,5.945668104155035
6.575100569722026,0.0,0.0,0.0,8.28017209562795,9.392745258631441,5.4516258175144054
7.54507120733928,7.821911734908837,5.883322388488279,7.667003821307792,0.0,8.006700845440367,6.821418882868926
7.5752945146003405,5.784747833479305,5.784747833479305,0.0,7.292394056788956,8.517393171418904,0.0
3.826695482687165,6.10022926189937,0.0,6.10022926189937,0.0,8.006700845440367,6.058845152258437
6.688696347986694,5.017279836814924,0.0,5.017279836814924,8.220136955801468,8.699681400989514,0.0
8.70960727390369,5.526727027534746,5.526727027534746,0.0,8.400352934504278,8.853808274977197,0.0
6.742896195812355,0.0,0.0,0.0,7.056561198419003,7.0909098220799835,4.631470666241796
7.519859780563851,4.507116245512703,4.507116245512703,0.0,4.845419012365541,7.601402334583733,5.931921673584582
3.121549966948993,5.703915799101436,0.0,5.703915799101436,0.0,8.922791623969637,5.7733602368390144
8.177427578941373,6.944270412275957,6.944270412275957,0.0,8.093018960242157,8.895766604056085,7.388707798522889
9.587574656635182,0.0,0.0,0.0,10.028655629301491,9.825580063659602,9.949527534132207
6.805832431101142,8.533430647505899,8.45002936050002,6.010384431960492,0.0,8.987321812850125,5.1867147371491
6.98662720247835,6.320498473679624,5.573673789309181,5.681707267004343,6.860060665777534,7.650168700845001,7.549518697904599
9.133042763459608,8.547582716473181,8.117694250286577,7.496652438168283,0.0,9.350189267092581,8.491632910550594
5.437687423450461,7.870490569098893,7.79458836349842,5.259680482933119,0.0,7.496097345175956,7.481735012592958
7.304550280773214,6.576441713507059,5.384770254278235,6.216446407695832,5.615067039310764,7.3783837129967145,7.2985473053514625
5.823984602688512,8.341627164559126,8.031713625235513,7.020101338813675,0.0,8.006700845440367,8.213897829852021
7.880196544733604,6.874033021577105,6.605013712770567,5.433940320332751,0.0,8.366602832783736,6.649372722085579
8.296054916939841,8.935652178899844,8.819116869068127,6.729585093310658,0.0,8.77971129020447,0.0
4.8627168103950895,0.0,0.0,0.0,7.548846650830151,9.15915233520675,0.0
7.974112733872871,5.889708638153595,4.732771530581813,5.516207140913698,8.16127721339,9.350189267092581,8.011367111079313
5.458285188235684,7.480738466655285,7.210486049635436,6.042632833682381,0.0,7.0909098220799835,6.640942120043239
5.0207500998715275,7.523648775590222,7.5045622494386395,3.58351893845611,0.0,9.546884034617925,7.527159638635605
8.028735793139852,4.450269224770129,0.0,4.450269224770129,0.0,8.987321812850125,6.828671039414592
2.51428258741439,5.413875707182309,5.173320876373351,3.8918202981106265,0.0,9.770013301136158,5.2668577103277325
8.758897089068006,6.013372799156862,5.732693818150621,4.615714399863762,9.604293278919844,9.433563920090563,8.65234417459564
3.995242311596815,5.757260048434348,0.0,5.757260048434348,0.0,6.90875477931522,5.2714582123253475
7.559144367644359,0.0,0.0,0.0,4.447798832019929,7.601402334583733,6.151918207780517
5.893269536678283,5.748405237098477,5.748405237098477,0.0,5.917580349530247,8.922791623969637,6.766915788860874
8.679254771735819,7.115647111887622,6.90875477931522,5.442763970913065,8.44817692765569,8.77971129020447,7.838533064903729
8.87412338663559,0.0,0.0,0.0,8.006667644955881,9.472781556562168,9.075002007188928
6.329622538831019,0.0,0.0,0.0,7.230264651222555,8.006700845440367,7.583667304885453
4.389813004564357,6.554559988307654,6.554559988307654,0.0,0.0,8.699681400989514,0.0
7.439678761458066,5.713732805509369,0.0,5.713732805509369,6.681570455183496,7.601402334583733,6.666795602594039
6.9024029869877275,5.857590238551654,5.857590238551654,0.0,0.0,7.0909098220799835,5.818965006004464
6.846042125930485,8.12983810248039,8.121358561033485,4.3651347670036635,0.0,9.105090961257085,7.926538185193491
8.91312058956219,5.332187251055652,4.709530201312334,4.573576314396913,8.215607666216115,9.15915233520675,7.785401511787785
7.918600877483423,0.0,0.0,0.0,8.364160151097202,8.77971129020447,7.609956745007054
3.2511557370637005,5.3471075307174685,0.0,5.3471075307174685,0.0,7.313886831633462,5.632132895100654
3.4874471548163077,6.958942567751291,6.59741851596555,5.769320496126856,0.0,8.434028950155469,8.591448685488066
6.931787764468255,5.538789899984021,5.285080139766016,4.060443010546419,0.0,7.0909098220799835,6.141943822713992
1.3755536354870488,5.316746502016404,0.0,5.316746502016404,0.0,8.412054873292933,3.484195502412343
6.974884875383048,3.332204510175204,0.0,3.332204510175204,0.0,7.0909098220799835,5.396769736316932
8.813752233825925,8.754105516616272,6.816867306788398,8.598686538710849,0.0,9.305741456739435,8.07243126792309
6.246369721215751,7.807298551777213,7.149524294419511,7.078324716009074,0.0,8.853808274977197,7.958290277775545
0.6246156312189963,3.318540147981146,0.0,3.318540147981146,0.0,8.412054873292933,2.9620102747232497
6.2972037942924555,8.496561820807164,6.582662055132182,8.337214487996754,6.868988549082863,7.824445930877619,8.58296254058662
3.708657399732977,3.0487989944906833,3.0487989944906833,0.0,0.0,8.071218539969863,0.0
7.54703228469022,6.520621127558696,6.520621127558696,0.0,0.0,7.601402334583733,6.901303931720024
8.696440439027405,0.0,0.0,0.0,9.393418375092462,9.305741456739435,9.1837804967405
5.180218061508764,7.443230587587848,6.002750619124949,7.173743737348662,0.0,8.101980731853192,0.0
8.348734809297886,0.0,0.0,0.0,8.103752919159234,8.412054873292933,0.0
4.038511187776649,6.871454299255806,5.707110264748875,6.4988091190373165,0.0,9.546884034617925,6.969135478807013
5.194570697938236,7.840667111872528,7.119449536559439,7.175589173100305,0.0,8.517393171418904,7.815995599476556
6.454923696951465,7.299364840799861,7.20374028647148,4.911992901967256,0.0,7.0909098220799835,7.224752448739108
8.700117599458856,0.0,0.0,0.0,7.060014643113179,8.77971129020447,7.313185818492815
7.008469687781479,3.8426729272933526,3.8426729272933526,0.0,0.0,7.0909098220799835,5.686604830076322
6.747912961806532,0.0,0.0,0.0,7.6197422631781695,8.006700845440367,8.517117308137175
6.819166891528545,6.335745501891148,5.994310493557901,5.10138965736472,4.923649444053538,6.803505257608338,0.0
8.046604392271988,6.882745115977969,6.5699020892839926,5.572154032177765,5.24917148061712,8.006700845440367,7.327623026674337
6.471617577737567,0.0,0.0,0.0,8.776574517960144,9.210440366976517,0.0
7.498259782767486,6.333297389971291,4.168214410788556,6.213427401674029,0.0,7.496097345175956,7.6066805541552975
5.802944049520073,4.00369019395397,4.00369019395397,0.0,0.0,7.824445930877619,6.064047718414961
7.063938590470425,7.01580218306527,6.687345487538983,5.745915609256517,0.0,8.77971129020447,8.352479873419941
8.432632187916933,0.0,0.0,0.0,5.978233960117466,8.566173813637858,6.971587213045847
5.9717208084278335,8.904410143411617,8.84880506415328,5.989763100468225,0.0,8.412054873292933,9.38365894576626
9.422165820118993,6.045360701115509,0.0,6.045360701115509,8.646670938183767,9.741027444837728,8.326636754316501
4.5710513934759485,6.341117393729944,6.141607205537701,4.640826863196126,0.0,9.105090961257085,4.316088401062364
7.636972842535231,9.764812094722803,9.329382170613481,8.72372594412514,0.0,9.87822102528824,9.879100675203969
8.075989104907679,0.0,0.0,0.0,6.445894377165356,8.160803920954665,7.196566359114828
7.799241156006994,7.072116510399099,7.072116510399099,0.0,7.993713921881686,8.006700845440367,7.190059870917796
6.134336012943578,6.918141158534555,6.756327555209528,5.023617328319425,0.0,8.294299608857235,7.165031231457569
7.547868254859731,5.303304908059076,5.303304908059076,0.0,6.203104759996787,7.601402334583733,6.760024528073598
3.9543538003364214,6.603564348814605,6.603564348814605,0.0,0.0,8.412054873292933,7.418715817646704
3.721650397726458,5.071228542871542,0.0,5.071228542871542,0.0,8.006700845440367,7.732496419806014
0.8567767930209749,0.009950330853168083,0.009950330853168083,0.0,0.0,8.77971129020447,0.0
7.288435855008796,6.248042874508429,0.0,6.248042874508429,0.0,7.313886831633462,6.624553066290665
5.824906474183379,5.531173596716039,5.531173596716039,0.0,0.0,8.699681400989514,0.0
7.326343203058954,7.655381175084345,7.467359638280825,5.8944028342648505,0.0,7.438971592395862,6.499629113900366
7.33925802578429,8.25670336908392,7.894687123247601,7.065937819922766,0.0,8.699681400989514,8.127970171164804
6.989604279556747,5.602118820879701,5.602118820879701,0.0,0.0,7.0909098220799835,5.919347170864492
8.271063721405735,7.122156729239503,7.0564338713535,4.379774099620588,7.495717773980794,8.699681400989514,7.0461632399206
2.865273754812837,5.733858942238671,5.733858942238671,0.0,0.0,7.824445930877619,5.679216476299909
5.497212125968898,0.0,0.0,0.0,7.109198042232326,9.392745258631441,5.287923693983454
6.140038505892023,7.505954214231566,7.505954214231566,0.0,0.0,8.699681400989514,0.0
5.262883009692001,6.90875477931522,6.90875477931522,0.0,0.0,7.313886831633462,7.029469553184332
7.309507031109986,0.0,0.0,0.0,4.36091223638221,7.3783837129967145,6.124404899164935
6.75034010314798,8.074069828880177,7.935995173630922,6.028278520230698,6.8012981222332165,9.210440366976517,7.952556738156939
7.167382407061065,6.788262031747253,6.788262031747253,0.0,7.1786849416209995,7.496097345175956,7.995405013832223
8.495248325993606,0.0,0.0,0.0,9.106107833468425,8.922791623969637,8.8952848571622
7.552815253314812,6.1240705116560035,0.0,6.1240705116560035,0.0,8.006700845440367,6.358382219494074
4.24872787213174,6.621272487105839,0.0,6.621272487105839,0.0,7.313886831633462,6.5544857756570325
7.963403936671229,6.320768294250582,0.0,6.320768294250582,0.0,8.006700845440367,7.242817419742458
7.799236590544164,6.998445713266548,6.545766240219636,5.990564141864818,6.713806941974728,7.972810784121404,6.322948780369835
5.08646333560595,7.471226482385692,7.471226482385692,0.0,0.0,7.824445930877619,7.398816942636363
7.938577193587665,6.7216064073537956,0.0,6.7216064073537956,6.16820680812012,8.006700845440367,7.240337753850844
8.437953337902366,6.296519827617108,6.296519827617108,0.0,8.18360772542035,9.04793908261736,0.0
8.04218303472083,10.18803998276265,9.626409062868538,9.343510199243829,0.0,10.239995502805316,10.187089960963858
8.280817778102698,7.319560247636481,7.319560247636481,0.0,0.0,9.04793908261736,0.0
6.330458629772171,4.605170185988092,4.605170185988092,0.0,6.813564537373008,6.90875477931522,6.013273721216471
7.601917407308301,7.336923892789512,7.262334027437439,4.713127327493184,7.250070875587601,8.294299608857235,6.767210027800723
7.104878224433113,4.3476939555933765,4.3476939555933765,0.0,0.0,7.0909098220799835,6.280556790426289
5.84344650789059,8.275916218905884,0.0,8.275916218905884,0.0,8.612685172875459,8.196432240386654
6.789736447153021,7.3047243981690375,5.197114861038874,7.175918083987543,0.0,7.496097345175956,0.0
8.625894500842987,6.077963292724599,6.077963292724599,0.0,8.278106504800741,8.853808274977197,7.370803420433294
3.48093736659671,5.639599445879288,5.639599445879288,0.0,6.804112635824941,8.294299608857235,0.0
7.2897412159819375,5.910634029193433,5.510197725583535,4.810068296960951,0.0,7.313886831633462,6.580563790479737
4.748303222443904,5.209486152841421,0.0,5.209486152841421,0.0,7.313886831633462,5.139955127207817
7.212524638174461,7.428368844179223,7.233267675367008,5.701513235212158,0.0,9.472781556562168,8.848847225404917
5.8822833530561445,8.029905041780289,7.531075311571835,7.096174871571158,0.0,9.825580063659602,8.300059314032824
7.2220465496148325,3.5553480614894135,0.0,3.5553480614894135,4.913966077219259,7.3783837129967145,7.557339654095392
7.96244430736717,6.196871734931894,6.196871734931894,0.0,9.281367341282753,8.699681400989514,8.692343649231772
7.936743495926904,7.695398671801051,7.005571407182428,6.999832967183045,7.509786339610066,8.294299608857235,0.0
6.962747191540984,5.14166355650266,0.0,5.14166355650266,0.0,7.0909098220799835,5.439387166348183
8.138140523463905,3.6109179126442243,0.0,3.6109179126442243,2.9978508777264445,8.160803920954665,6.0063369673524125
5.116200966707955,7.499959947894104,4.896420883316898,7.423663962085254,0.0,8.160803920954665,7.375558348145581
8.578999910891616,0.0,0.0,0.0,8.671577599584042,8.77971129020447,8.057017066629331
7.335163579258277,7.8682925349758515,7.227299324582662,7.120929299258856,0.0,8.77971129020447,7.207357406699693
7.3182189063188625,7.0815236950647,5.1960631325092805,6.917923407897764,4.191236913974452,8.77971129020447,7.942420899066728
5.2822106774501,0.0,0.0,0.0,6.170402755578432,7.576097340623111,6.313232418573361
7.953726147405392,6.601352393861664,6.4830156041292755,4.420646205638937,0.0,9.259225769705994,8.700762732820015
7.146261953246389,7.335816494605821,0.0,7.335816494605821,7.738489149509369,7.0909098220799835,8.120967908643648
7.132013899575458,6.09805181000363,6.09805181000363,0.0,0.0,8.160803920954665,5.616129604681209
2.3517530905373625,4.5810823904590015,0.0,4.5810823904590015,0.0,8.412054873292933,6.9920344080294905
7.734588909957024,0.0,0.0,0.0,7.068436764312834,7.824445930877619,5.947178395254754
7.982674660679318,5.087102386099101,0.0,5.087102386099101,5.771229150509644,8.006700845440367,7.042152599208114
7.286998634260691,6.8447728797918685,4.61512051684126,6.732163029526149,0.0,7.313886831633462,7.0799083961472675
7.6125688097657065,3.1570004211501135,0.0,3.1570004211501135,0.0,9.210440366976517,7.632156505114289
7.409819103041912,6.580888759386122,6.172806457538428,5.491620075851225,0.0,8.517393171418904,0.0
4.350059564130725,4.248495242049359,4.248495242049359,0.0,0.0,8.412054873292933,6.138215640971719
8.234053521548532,4.186923743515194,3.5824072096034194,3.4294608469350147,5.700806868595005,8.33110454805304,6.928390653565674
6.988483862158517,0.0,0.0,0.0,4.531558133922595,7.0909098220799835,5.737540167651385
5.525944949548909,7.884949182109525,7.884949182109525,0.0,0.0,8.188966863648876,8.05734374392783
3.741153091558164,6.716594773520978,0.0,6.716594773520978,0.0,7.824445930877619,6.7897348177675365
8.1140952980431,7.486932768835008,7.245362585453479,5.950590467898009,9.1664375230565,8.987321812850125,8.728235372255861
4.591577046456771,6.997221141256739,6.513393302343635,6.041396915856191,0.0,9.798182590890704,7.244458716731452
5.5378975178118415,0.0,0.0,0.0,8.11742748810073,8.517393171418904,0.0
7.123583705491761,8.27260892186718,7.880048200971577,7.148463661475819,0.0,9.15915233520675,8.289315244516855
8.255178393458213,6.671450497390104,6.6004825567653524,4.008968211484625,4.261192419211546,8.343077871169383,7.63668716338983
9.423379725784358,6.7228102839814685,5.303304908059076,6.44754355219887,9.235122834188493,9.305741456739435,9.549798599656953
7.580356537210578,0.0,0.0,0.0,3.7003531537544174,7.650168700845001,6.004060595259535
6.0227879153731845,6.945840732587469,6.945840732587469,0.0,0.0,8.77971129020447,7.287845745354252
7.345860063157962,6.5856887796685255,6.5856887796685255,0.0,0.0,9.04793908261736,0.0
7.663478914116584,0.0,0.0,0.0,3.0128710127114355,7.650168700845001,4.940979181284823
6.954433938350629,0.0,0.0,0.0,7.975702200428107,8.006700845440367,4.48727970831002
6.463958589885511,7.823073538157959,7.516737935509323,6.49225498642084,0.0,8.006700845440367,7.0446498552590215
5.60247349598243,8.026908484435163,7.557086403957647,7.046647277848756,0.0,8.699681400989514,8.187312154077713
7.3681011891034665,3.8426729272933526,3.8426729272933526,0.0,0.0,7.438971592395862,5.7649127192121465
5.943808776271066,7.080867896690782,7.080867896690782,0.0,0.0,9.105090961257085,7.808859410790655
6.101235782723397,5.730456862070388,5.101633158918245,4.975491591960675,0.0,7.313886831633462,6.150270308070182
4.778698982851731,7.222478423744958,6.993226303571236,5.640665165340723,0.0,8.412054873292933,6.123648744234525
7.866777374458686,5.340801978154192,5.340801978154192,0.0,5.2516151695572235,8.006700845440367,7.126762538825164
3.902403364690974,6.2460486242565105,6.2460486242565105,0.0,0.0,8.612685172875459,5.944409461443888
6.982464739990878,3.8426729272933526,3.8426729272933526,0.0,3.9066253040130325,7.0909098220799835,5.706412180613273
7.738551711322507,3.410817625039146,0.0,3.410817625039146,4.929113881454989,7.650168700845001,5.013057245469461
3.279819943875266,3.8426729272933526,3.8426729272933526,0.0,0.0,7.313886831633462,6.199404082924143
8.527231133678939,0.0,0.0,0.0,8.197771099287486,9.04793908261736,9.056669434354228
8.615626027197052,0.0,0.0,0.0,7.987151939336449,8.699681400989514,7.2754722744617695
5.7097052967322695,7.860165767162652,7.754460106417198,5.564520407322694,0.0,9.210440366976517,8.097908432504141
7.033586070185912,4.464988155388229,0.0,4.464988155388229,6.313690802391304,7.0909098220799835,0.0
8.673039252415172,6.11719370631515,5.491125414066127,5.356869253497652,6.669017149351435,8.922791623969637,8.396716672688939
2.1950503264760783,0.0,0.0,0.0,4.57309030509668,9.15915233520675,5.293377540673588
8.450677877390424,4.836281906951478,0.0,4.836281906951478,7.786231956278783,8.517393171418904,6.992892662726108
6.999674224135769,4.787491742782046,4.787491742782046,0.0,4.0206964612345,7.0909098220799835,5.902778268252995
8.769302886588585,0.0,0.0,0.0,8.0864294336018,8.853808274977197,7.346601257790723
5.796795991876145,7.3502977793304165,6.932350325837517,6.27807104133283,0.0,8.160803920954665,6.959660494907509
6.108777979184529,3.507956918233689,3.507956918233689,0.0,6.303795402531094,8.517393171418904,0.0
5.347956341803963,3.5553480614894135,2.995732273553991,2.772588722239781,0.0,8.699681400989514,6.456627879431349
7.289134212129454,0.0,0.0,0.0,6.3750746311939634,9.741027444837728,9.752410418856385
8.857268810763232,4.8782461060505105,0.0,4.8782461060505105,7.558795559154563,9.23024103368252,0.0
4.244065775000081,6.600373773909423,4.0943445622221,6.516740263586657,0.0,9.259225769705994,6.731635816577446
7.146098187804356,0.0,0.0,0.0,7.194561832028632,7.313886831633462,6.216528824646024
3.3786072007459627,5.682184236214804,5.682184236214804,0.0,0.0,8.517393171418904,0.0
4.951234386569316,6.950354892600954,6.950354892600954,0.0,0.0,8.699681400989514,8.075161727261968
7.517035311008628,7.894784025361634,7.876031065922243,3.928880122494569,5.243693479256866,8.412054873292933,7.5454230186144295
7.432208076415558,5.638354669333745,5.638354669333745,0.0,3.914376314223596,7.496097345175956,6.3080668508466164
6.955656639711358,0.0,0.0,0.0,5.071088274516482,7.0909098220799835,5.915921570442997
8.48954273384216,7.172708496907904,7.172708496907904,0.0,7.155106651833547,8.699681400989514,7.45265308918487
6.31949012342162,4.51085950651685,4.51085950651685,0.0,0.0,8.853808274977197,6.028561523554973
4.199382815959131,6.602167179550216,4.460144413937834,6.478801458305066,0.0,8.006700845440367,7.173022227352849
7.237489578747394,8.709305000244829,8.129434397226888,7.888765765570066,8.165917286401422,8.294299608857235,8.784136142757362
5.443116250036031,6.621472227444063,5.081714875777208,6.3818160174060985,0.0,9.546884034617925,7.096739257474003
4.052420780401517,6.216446407695832,0.0,6.216446407695832,0.0,8.006700845440367,6.2096997963916225
3.698240007121941,5.551019720103791,0.0,5.551019720103791,0.0,7.0909098220799835,5.108201533144634
3.971986702999909,5.443066850434234,5.443066850434234,0.0,0.0,7.3783837129967145,0.0
5.420258779711246,7.57957667282733,4.6709579265260945,7.524021415206125,0.0,9.210440366976517,7.554719040633108
9.085262768596897,8.221478947267192,7.738130760173391,7.263203470768047,10.284766149254766,9.648659816955295,10.24537292203893
6.914067866609811,0.0,0.0,0.0,3.020611502876718,7.0909098220799835,5.853485389252703
5.0866827143041515,8.456589319384523,7.609971213801959,7.896835399775395,0.0,8.412054873292933,8.383328669253087
7.374959899655605,4.110873864173311,4.110873864173311,0.0,4.593647716572461,7.496097345175956,6.049180804907386
8.693306022902652,5.771690313263376,4.174848701881061,5.549270618501514,8.05051745985121,8.853808274977197,7.547368143835743
6.76385685389639,4.215086179918229,4.215086179918229,0.0,4.3340796430595425,6.90875477931522,6.02626958077087
7.895341460201682,4.875197323201151,4.875197323201151,0.0,0.0,8.412054873292933,6.415793966614626
2.0687324030048178,4.282206299391671,0.0,4.282206299391671,0.0,7.601402334583733,3.11584636795838
7.466295912002741,5.657564000854586,5.657564000854586,0.0,7.265772302329278,8.006700845440367,6.04467897880394
8.311527337430038,5.563907192525002,5.358989046080769,3.8985324152456466,7.457585285388266,8.922791623969637,7.008530210702154
6.40087099791071,3.6054978451748854,3.6054978451748854,0.0,0.0,6.621405651764134,5.547136769841135
6.958378799621318,5.017279836814924,0.0,5.017279836814924,4.748948382839941,6.90875477931522,5.479051802031013
4.15317268502558,6.417238690214011,0.0,6.417238690214011,0.0,7.313886831633462,6.245462177934678
6.703518615674131,0.0,0.0,0.0,7.070179292775559,7.0909098220799835,5.55368611938114
6.935248324745382,5.043167019098741,5.043167019098741,0.0,0.0,9.04793908261736,7.424816020339263
3.7641179708897594,6.120055631480957,6.120055631480957,0.0,0.0,8.77971129020447,6.677456814715859
5.909702696304339,0.0,0.0,0.0,6.984019267974598,7.0909098220799835,5.617512840689005
8.134505907079355,0.0,0.0,0.0,8.403070365487025,8.699681400989514,7.698049883760639
2.7860383072190786,4.897839799950911,4.897839799950911,0.0,0.0,7.0909098220799835,6.660738853468965
5.33419377740501,7.374629015218945,6.98933526597456,6.236369590203704,0.0,8.412054873292933,7.38188413339928
8.266992695054167,6.83624853608082,6.118097198041348,6.1695898117705275,6.327458292484802,8.77971129020447,6.859338984164848
3.695707390610964,6.069559204717347,6.069559204717347,0.0,0.0,7.313886831633462,6.615755159837639
6.028249196909208,6.894457250838148,6.795482036499351,4.54318839363221,0.0,8.006700845440367,6.789968570319008
7.34639729176164,0.0,0.0,0.0,5.206477971595537,8.517393171418904,6.677541677408764
2.2660246302348614,0.0,0.0,0.0,7.929558676218765,8.699681400989514,9.329783786662306
4.463582773455671,6.83838376439036,5.669984365905978,6.467621083338679,0.0,8.922791623969637,6.775849818670123
3.895038684971715,6.47580244803687,5.659482215759621,5.8950637728216275,0.0,7.601402334583733,6.626347068634924
8.339480715989001,0.0,0.0,0.0,8.231824066038907,8.517393171418904,0.0
8.305873151347942,7.47218233134331,5.496717303971331,7.323533688365366,3.029036770361215,8.412054873292933,7.451651092458198
7.328982976832155,0.0,0.0,0.0,7.54140891004087,8.517393171418904,7.013534693689504
7.609390930814859,7.225168468925424,6.432570249435962,6.6237995882711695,8.24479598686313,8.612685172875459,8.184086974947618
4.293904336294073,6.502040139618764,5.43372200355424,6.083359811812238,0.0,8.294299608857235,7.275675246287967
8.582558216405381,6.524985668606155,6.524985668606155,0.0,8.303659993367384,9.04793908261736,7.149698726005595
2.1432964698459633,4.200954297280359,0.0,4.200954297280359,0.0,8.294299608857235,5.24140961423104
7.141948097691561,5.749456678147376,5.354224998486333,4.639764830752591,7.231730685192057,7.313886831633462,7.581474605519626
7.523756544817886,0.0,0.0,0.0,5.392404698979185,7.601402334583733,6.213481109608797
8.013283780747944,7.055554401737669,0.0,7.055554401737669,6.290166307901797,8.922791623969637,6.691854711318209
7.232184221823369,4.736461571669267,0.0,4.736461571669267,8.213325958514211,8.006700845440367,7.930900732711823
1.993164031707559,5.147494476813453,5.147494476813453,0.0,0.0,8.294299608857235,6.208204758731734
8.20987160649233,7.721392937876705,7.104809442669746,6.946293066687217,4.6770163629246575,8.160803920954665,7.628560042504281
6.113851411087036,3.5040547671018634,0.0,3.5040547671018634,0.0,7.496097345175956,0.0
8.675895933725556,6.799256510823807,6.799256510823807,0.0,8.348301797770514,8.853808274977197,8.281385704143107
3.5994568633926063,6.143133578763503,4.897839799950911,5.806669934831629,0.0,8.006700845440367,6.117044500978365
5.0380085122770115,7.089409946788388,0.0,7.089409946788388,0.0,8.853808274977197,7.011533705396512
8.05251881102428,7.582117114638667,7.010573565913147,6.751674404193212,0.0,8.699681400989514,8.587156995369007
7.714649752756283,4.51085950651685,4.51085950651685,0.0,6.8745402467704455,8.160803920954665,6.252162701307348
6.236826970912095,6.081625126815939,6.081625126815939,0.0,0.0,8.160803920954665,6.184737041654277
6.529376519118608,5.68697535633982,4.983606621708336,5.0106352940962555,5.644277949672029,8.160803920954665,7.364784123571758
6.556853726897142,5.820053256321588,0.0,5.820053256321588,6.86440812392591,8.922791623969637,7.741446601571487
8.163246199516305,0.0,0.0,0.0,7.71990462420306,9.105090961257085,8.413855718914842
9.001597507981959,5.951735704878986,0.0,5.951735704878986,0.0,9.305741456739435,7.592639850509884
8.365428744835162,0.0,0.0,0.0,8.949221946588803,8.853808274977197,8.048903187795071
5.550760878840291,5.33440818669239,0.0,5.33440818669239,0.0,6.90875477931522,6.538042940637603
5.7003963682631635,4.7637112141166424,2.172476407647025,4.695010889987881,0.0,6.90875477931522,7.072916798411447
7.234913280334197,0.0,0.0,0.0,7.682436822452268,8.699681400989514,7.459984481139693
8.57788882417016,5.706910909330732,0.0,5.706910909330732,8.75657422794336,8.699681400989514,8.868818437946693
6.037581668068987,5.8998973535824915,5.8998973535824915,0.0,0.0,8.517393171418904,6.947505795995334
4.5564177031087105,6.927891184068437,0.0,6.927891184068437,0.0,8.517393171418904,6.922997763831049
0.39746653799689813,4.804021044733257,0.0,4.804021044733257,0.0,9.472781556562168,5.48264686025339
5.683679296399106,8.037856544740189,5.225746673713202,7.976241637955659,0.0,9.581972891547895,7.841709369980532
6.755586323241943,0.0,0.0,0.0,7.665638342764976,8.922791623969637,6.888976289330131
8.452996677707457,0.0,0.0,0.0,5.880894309383845,8.517393171418904,6.889743851708953
7.225608712867427,5.375278407684165,0.0,5.375278407684165,0.0,9.04793908261736,6.395282793216374
7.912732045556946,7.972810784121404,7.972810784121404,0.0,0.0,7.972810784121404,0.0
6.495904377526798,7.012592657827759,6.447321710276176,6.174868850853175,6.8603945985637935,8.922791623969637,8.051503018308182
6.620243513360658,4.398146016553765,4.398146016553765,0.0,6.197325503016697,7.576097340623111,5.3717089475119995
7.78023770465936,8.095772466767915,6.657535965130188,7.825221319909941,0.0,8.517393171418904,7.112788812592009
6.519424789256353,8.23710620315289,8.23710620315289,0.0,5.799742319140296,8.294299608857235,8.61263899693207
3.324574943193673,4.74493212836325,4.74493212836325,0.0,0.0,7.0909098220799835,5.813515886252754
3.08932356782974,5.674559615979298,0.0,5.674559615979298,0.0,9.210440366976517,5.547378652854337
6.860155942995294,4.874815570953721,4.874815570953721,0.0,0.0,7.313886831633462,7.491097593484876
8.714653292194246,3.1424266527047946,3.1424266527047946,0.0,0.0,9.105090961257085,6.345252251980518
0.0,2.613739521630969,0.0,2.613739521630969,0.0,8.517393171418904,0.0
6.8962737952825,0.0,0.0,0.0,5.229223000624985,7.0909098220799835,6.10855672195276
3.9593297460592125,0.0,0.0,0.0,7.316667639814474,8.612685172875459,7.275980478261516
7.667196716441933,0.0,0.0,0.0,7.991955505674925,8.77971129020447,7.572916142457449
8.175366259287806,7.158241586688054,6.593934548920661,6.318968113746434,6.78484808798722,8.612685172875459,7.716905293356805
7.175823595140487,0.0,0.0,0.0,5.738379486110326,7.313886831633462,5.8591001646906475
6.566952444041445,8.144121698618974,7.908173901258047,6.585702579338713,0.0,8.853808274977197,8.033670621130009
7.954585806262815,7.244263229251325,5.950772752444691,6.92461239604856,0.0,8.922791623969637,6.998513138134902
7.37590055130178,6.146714622378541,5.173887288169859,5.675314410676676,3.6717792759105485,7.313886831633462,6.141738782509299
8.403387125845406,5.25227342804663,5.25227342804663,0.0,6.122063412512126,8.517393171418904,7.1241728495150225
7.959323967000386,0.0,0.0,0.0,5.583742857333475,8.006700845440367,6.624550465962506
7.074759256697663,7.151124897341026,5.9845406320351575,6.779126136384956,0.0,8.412054873292933,7.209922571492135
8.43697407630049,0.0,0.0,0.0,7.455496233047285,8.699681400989514,6.827866433887814
4.845139664108468,6.3818160174060985,6.3818160174060985,0.0,0.0,7.824445930877619,7.2948664934725285
8.941072019728985,0.0,0.0,0.0,7.2490560210146615,9.648659816955295,7.734292083930463
7.56673628613302,4.795790545596741,4.795790545596741,0.0,0.0,7.650168700845001,6.168945398234987
8.619686054064683,6.134633721747373,6.134633721747373,0.0,7.8871974914977905,9.15915233520675,7.134662260500698
7.506284678524383,6.8082663804813945,0.0,6.8082663804813945,0.0,7.438971592395862,7.13262391428298
8.42325995433103,7.647781274437185,7.213768308118642,6.605284389056917,7.7803810564525335,8.936035096566041,8.062516121234411
6.609746397444818,8.867478162897209,8.363757589193371,7.940790284964436,0.0,8.922791623969637,8.801367848772738
6.689124951484231,7.959038335799321,7.798449189592443,6.053264948013429,0.0,8.412054873292933,7.613589837795928
6.47126304803215,7.179186010847867,6.53813982376767,6.432682824921964,4.348483152504352,7.824445930877619,7.24691009996861
3.76967713057296,6.140573969695823,0.0,6.140573969695823,0.0,8.77971129020447,6.216320164001168
7.662970557633416,6.6125516571315055,6.6125516571315055,0.0,0.0,7.650168700845001,6.955218772083977
3.561267052506586,7.817730107463138,7.817730107463138,0.0,0.0,9.210440366976517,10.284437473038178
4.344582107168528,6.833139485601347,6.833139485601347,0.0,0.0,7.313886831633462,6.810927865961386
3.283140758584146,6.8586700712916455,6.8586700712916455,0.0,0.0,8.699681400989514,6.764126055003925
5.599566603642668,5.63924395351863,0.0,5.63924395351863,0.0,7.824445930877619,5.178496141444002
5.445977928189687,7.519328997528372,0.0,7.519328997528372,0.0,8.006700845440367,7.409819612687691
2.0672731815674186,4.983675112513472,0.0,4.983675112513472,0.0,8.006700845440367,5.099440757971347
6.287863877991511,7.730600890746379,7.730600890746379,0.0,5.321802455252852,8.006700845440367,7.3630879097482245
8.078136723380025,5.878855602725328,5.878855602725328,0.0,7.444817565995593,8.160803920954665,6.729004675139622
8.9053436116028,0.0,0.0,0.0,7.08673458249827,8.922791623969637,7.731692823916151
3.086003095277549,5.5020742040620565,0.0,5.5020742040620565,0.0,8.294299608857235,6.296772500785795
4.3250384842794665,6.398594934535208,5.303304908059076,5.993961427306569,0.0,8.699681400989514,7.176866969057026
0.7222704510781124,3.2771447329921766,3.2771447329921766,0.0,0.0,8.612685172875459,6.3363796458244686
7.012445137199529,5.857304385421045,5.857304385421045,0.0,3.864026628126541,7.0909098220799835,6.086168622813776
7.016719572026701,5.856417721079795,5.417477231717294,4.829592918800682,4.6071870507483235,7.0909098220799835,6.449669090104949
5.857835358272994,6.927949986267656,6.098972754823267,6.3561076606958915,0.0,6.90875477931522,5.375219961531777
6.85673548087528,0.0,0.0,0.0,4.107717083501408,6.90875477931522,5.137353409806185
8.749494889631322,5.328021789254367,0.0,5.328021789254367,5.603760270012633,9.546884034617925,7.407096404429644
7.240311280010577,0.0,0.0,0.0,7.512228111673454,9.105090961257085,6.460534934769225
5.900282520492083,7.288504107553203,7.288504107553203,0.0,0.0,7.824445930877619,7.528028118460246
4.300085238130894,6.233547608241586,6.233547608241586,0.0,0.0,8.853808274977197,7.695518321545397
7.43220039320275,0.0,0.0,0.0,7.960295076908768,8.006700845440367,8.181237784815378
5.442044017330566,7.786456286916702,7.578999327730094,6.11390339430056,0.0,9.210440366976517,7.714321059110249
4.826646716595057,7.092989257223127,0.0,7.092989257223127,0.0,7.824445930877619,7.392861324218706
7.4886894317377415,0.0,0.0,0.0,7.515433067264542,8.006700845440367,7.386345031745492
6.880056757295261,4.9001505609209834,0.0,4.9001505609209834,5.007131777275655,6.90875477931522,6.208902156453327
8.284229810760667,0.0,0.0,0.0,5.069909501768714,8.294299608857235,6.555064153376623
7.479879970768699,5.8888779583328805,5.8888779583328805,0.0,7.515928828573416,8.517393171418904,8.451666275417356
6.299593245326759,0.0,0.0,0.0,8.158886047592265,8.699681400989514,8.876192366934932
5.252113389063064,7.636535012170788,7.602176647419813,4.2626798770413155,3.8892778238624426,9.105090961257085,7.427110463597296
5.373472583720649,6.208590026096629,0.0,6.208590026096629,0.0,7.824445930877619,6.606719266244567
1.7263368240346348,4.105449341954206,0.0,4.105449341954206,0.0,8.006700845440367,4.121731039034826
3.519852807046309,5.364011469743399,5.08438129598474,3.9721769282478934,5.6366615321592795,7.313886831633462,5.827720249506213
7.6927380900851325,7.088575709649825,6.768562174787859,5.796483192167237,0.0,8.412054873292933,7.405051603525343
2.0573115957774397,0.0,0.0,0.0,7.049160109338355,7.0909098220799835,0.0
3.1843024751729603,0.0,0.0,0.0,8.281112109502024,8.294299608857235,0.0
7.546769306042769,10.032224156009182,9.667538611062934,8.846840764336067,0.0,9.798182590890704,10.023901992786454
5.446464631889992,0.0,0.0,0.0,7.219199282538013,8.006700845440367,8.300483907982704
3.774713329787581,6.282752610153747,5.54907608489522,5.6321432475140485,7.781950149061537,8.853808274977197,8.129386661714408
6.967330590936073,8.580845695156293,8.580845695156293,0.0,8.151615284020709,8.699681400989514,9.037610612225276
6.767030614989199,3.7393348976024297,0.0,3.7393348976024297,0.0,8.006700845440367,7.251545603672148
9.092211641374186,7.11848611024977,7.11848611024977,0.0,9.523342471372292,9.472781556562168,8.626211995549452
4.3602045301054515,6.871723874572634,0.0,6.871723874572634,0.0,8.160803920954665,7.106180510275542
6.821087209237649,7.6198419693614765,7.370381763888823,6.111467339502679,0.0,8.160803920954665,6.0214521578834415
5.183776871295859,7.073523922435023,6.90605383234238,5.209486152841421,0.0,8.922791623969637,6.704438116936691
6.483114816261141,7.618884803676661,7.13932721149226,6.655067050326626,0.0,9.15915233520675,8.934755624134151
8.108718024623428,6.517671272912275,6.400257445308821,4.330733340286331,0.0,9.210440366976517,6.766868096461676
3.912468826035369,6.176428443180025,0.0,6.176428443180025,0.0,7.824445930877619,6.457972592663651
8.5219370672233,7.658251133059289,7.574584151224209,5.14166355650266,0.0,8.853808274977197,7.371360165493746
1.2389358124573389,3.657130755799356,0.0,3.657130755799356,0.0,8.294299608857235,6.056875538314081
3.713034532014517,6.070853194777054,6.070853194777054,0.0,0.0,9.210440366976517,7.157372708953347
5.513683786220147,7.27913950899177,0.0,7.27913950899177,0.0,8.517393171418904,7.181452479373733
7.192012863813688,6.2840035555273435,0.0,6.2840035555273435,4.750722739064858,7.313886831633462,6.3625870856167
7.772265258311895,5.389071729816501,5.389071729816501,0.0,0.0,8.77971129020447,6.274400982440622
7.903282091385916,5.797910137380899,5.5172520730881915,4.40256428589143,8.823355326372589,8.853808274977197,8.460792467445044
4.540978463375626,6.827434199233356,6.827434199233356,0.0,0.0,7.0909098220799835,8.443577252501997
1.6860477808051795,4.343805421853684,4.343805421853684,0.0,0.0,7.313886831633462,5.7329166463018595
9.147252958645558,0.0,0.0,0.0,8.983348595607763,9.392745258631441,7.6976364093955425
5.059658910378702,7.552058793941474,7.489456800228308,4.758577732617404,0.0,9.105090961257085,7.647094924515387
5.4570023551279165,7.761293626958795,7.512344432560291,6.250824302555174,0.0,8.412054873292933,7.615893669235614
8.188335786750011,6.950814768442584,0.0,6.950814768442584,6.7306886333259115,8.699681400989514,7.109692595123348
1.266747865231108,5.780681785491992,5.780681785491992,0.0,0.0,9.15915233520675,7.099556571593351
8.636183293474765,7.917412484705669,7.917412484705669,0.0,7.878493881691382,9.259225769705994,7.133121620466866
7.37348002685791,0.0,0.0,0.0,9.621456716392471,8.412054873292933,9.339908428449746
6.39700436742512,8.784108622059126,8.48897271321942,7.420447160205836,0.0,9.392745258631441,8.662172718146197
1.9171675821744623,4.499476281429027,3.5263605246161616,4.042524813492304,0.0,7.908754738783246,6.431660716808883
3.492754649305051,5.743163431380052,5.743163431380052,0.0,0.0,8.699681400989514,5.771990165525069
3.752330266723508,6.537271139769218,6.537271139769218,0.0,0.0,9.210440366976517,6.578081889730309
6.015505479107994,0.0,0.0,0.0,8.476372011687317,8.517393171418904,9.886712177953196
1.8342643668721377,5.576554980171818,0.0,5.576554980171818,0.0,8.699681400989514,5.956116757893389
5.477234948889029,7.63489317390932,0.0,7.63489317390932,0.0,8.294299608857235,7.670532607725098
8.142655034352705,7.528170463375983,7.528170463375983,0.0,8.180513649748818,9.105090961257085,8.710032839144226
5.836176812328687,8.145538030788218,7.9489573574063614,6.423798759318168,0.0,9.259225769705994,8.093841009371525
7.824457802458491,7.0071480228601715,7.0071480228601715,0.0,6.691731856780768,9.04793908261736,6.427251701711383
0.7026959456478579,4.477564061382945,0.0,4.477564061382945,0.0,9.648659816955295,0.0
8.776213347504065,0.0,0.0,0.0,7.798603086532459,9.350189267092581,7.816454029760927
6.945680462915107,6.372295374257785,0.0,6.372295374257785,0.0,7.0909098220799835,6.352475964688908
7.035027878408743,0.0,0.0,0.0,3.0231043662997217,7.0909098220799835,4.377053426247623
7.355756325089924,6.849299553408868,6.652346767080652,5.133560640933554,5.988238047551914,7.696667081526462,7.956331100317568
4.035736686655151,5.981540465910289,5.017610907832681,5.5053315359323625,0.0,8.612685172875459,6.278434741234504
4.128902675536233,6.086320078120661,0.0,6.086320078120661,0.0,7.313886831633462,5.909697926850654
1.846913625885771,3.6101067729485403,3.6101067729485403,0.0,0.0,7.601402334583733,4.431933353835152
7.861000972979351,0.0,0.0,0.0,8.175886365538993,8.699681400989514,7.792318537193887
2.595907478929502,4.460144413937834,4.460144413937834,0.0,0.0,7.313886831633462,6.028303768104739
7.345509485862249,6.547688876257255,6.547688876257255,0.0,0.0,7.496097345175956,6.378986266164884
7.344818778505199,0.0,0.0,0.0,3.6974933725637404,7.438971592395862,6.085515627761366
6.270922344608422,7.940655024284865,7.195907241018514,7.297253593568223,0.0,8.853808274977197,7.946020667161507
6.906986416483104,7.392173270351657,6.772233335095751,6.62136570422856,0.0,7.824445930877619,6.895769714204741
8.560566247801392,7.976602277424859,7.40749973273731,7.142606032787932,7.5975904097555285,8.699681400989514,7.623176426639306
5.983480433731705,3.6375861597263857,0.0,3.6375861597263857,0.0,7.824445930877619,5.499197280122552
7.462023187898472,0.0,0.0,0.0,7.965454512734119,8.412054873292933,8.543161819211363
7.232131826814654,0.0,0.0,0.0,5.256286292427206,7.313886831633462,6.396877115502626
2.488828034432684,5.201255653704905,0.0,5.201255653704905,0.0,8.294299608857235,5.601945278146755
7.02361041476659,7.9865049385539955,6.621405651764134,7.692113339595466,0.0,8.160803920954665,7.1549748305765135
7.109130094130194,7.308683444044524,6.584667075266398,6.64678004935892,0.0,8.853808274977197,7.25145582332853
8.256141697428392,7.797907353246598,7.771952396297973,4.14946386144318,8.816322470477134,9.105090961257085,8.71953362205804
3.9634912185165287,6.076999835214245,4.605170185988092,5.819251724462315,0.0,8.412054873292933,6.9077163762254346
6.433561677650294,5.192011960177106,5.192011960177106,0.0,6.818259654439582,7.0909098220799835,4.574828404598359
7.001199723019774,5.431755004777753,5.431755004777753,0.0,0.0,7.824445930877619,5.988552217891151
4.331250732731562,6.378511069692128,6.378511069692128,0.0,0.0,9.105090961257085,6.56298980775906
6.845989186310656,0.0,0.0,0.0,8.15246866520241,8.294299608857235,6.220247741696513
7.75054865267068,7.892078421248119,7.892078421248119,0.0,7.765977227226074,7.824445930877619,8.605035843600884
8.296950920813968,10.597676939809933,10.108243890383232,9.648478521895152,0.0,9.798182590890704,10.433990144232903
4.9452885815711,7.129898329962764,4.933322190993586,7.0129347782574865,6.004977588321455,8.517393171418904,7.6101843992498655
3.2846233773327564,5.501258210544727,0.0,5.501258210544727,5.290173293428752,8.853808274977197,5.951035295766527
7.52703572344245,0.0,0.0,0.0,7.872185817684466,8.006700845440367,7.765480153479251
2.984484706153211,4.0943445622221,4.0943445622221,0.0,0.0,7.0909098220799835,4.856886088112033
7.862287498955945,0.0,0.0,0.0,7.432904986664518,8.006700845440367,6.572986504644851
8.797873101851192,3.6087534096346516,0.0,3.6087534096346516,0.0,9.510519035757246,7.636580049394516
5.764117052845422,8.389212081720878,8.389212081720878,0.0,0.0,9.711176264112805,8.301367951813871
8.841221383660816,7.303102708902016,7.303102708902016,0.0,8.486550737864643,9.581972891547895,7.9019201279746065
2.5654738352836106,4.844187086458591,0.0,4.844187086458591,0.0,8.006700845440367,5.152350087835631
5.16444367534604,6.8664123154477545,6.8664123154477545,0.0,6.006332132287064,9.680406499268875,8.075535485326832
6.495566774916469,5.017279836814924,5.017279836814924,0.0,7.2043186940434865,7.824445930877619,5.6746020539859865
2.614465192334217,8.566562235621333,7.824845691026856,7.920097733831325,0.0,8.902591637374087,8.315569362933756
7.794343659564076,8.161657598170931,7.996266725470817,6.282528394906171,0.0,8.853808274977197,8.261780316479156
3.3415664430623178,5.44673737166631,0.0,5.44673737166631,0.0,8.517393171418904,5.168148462987025
5.343247758036035,7.7819231706029885,7.324549305209022,6.780819232028853,0.0,8.517393171418904,7.665171967623886
2.6140986512753916,4.795790545596741,0.0,4.795790545596741,0.0,8.412054873292933,5.678801386043956
7.454912926113161,6.331056911065438,5.13373749123024,5.9740640324278145,0.0,7.824445930877619,6.236027645250127
7.4548907443841825,6.5803062108586134,6.441791478628077,4.545738602218665,0.0,7.496097345175956,6.58677553317311
6.687246122101771,8.36121517636179,7.4590508353018405,7.841253115834009,0.0,8.922791623969637,8.46630974082072
4.977624524866405,6.8570828444527905,5.60947179518496,6.520017116019918,0.0,8.294299608857235,6.908466460032933
7.311972805183529,7.852625693139596,7.533116002901152,6.557573494497204,0.0,7.824445930877619,8.064045021025127
7.479340620003469,0.0,0.0,0.0,6.662642868509787,7.824445930877619,7.23833979982843
3.7870052799005136,6.1993523185307415,6.1993523185307415,0.0,0.0,7.650168700845001,6.573289832410138
5.308126390388136,6.346828632246614,5.6791481936978405,5.631140094664089,0.0,8.294299608857235,5.743964536463188
1.5204893147890794,6.3578422665081,0.0,6.3578422665081,0.0,6.90875477931522,6.21418419058596
8.534509087986343,6.30971825822385,6.30971825822385,0.0,8.895535282960184,9.04793908261736,8.899538381963971
7.293162442083329,5.401280009605862,4.175770927584296,5.060060177423779,0.0,7.601402334583733,6.033498613971685
4.395122705563878,5.755742213586912,5.755742213586912,0.0,0.0,5.707110264748875,6.962222125970365
5.5220231637723876,6.487592690113389,5.4116460518550396,6.0729062756952255,0.0,9.259225769705994,6.811909823443314
6.227155511362041,8.405767653973932,7.964200919488357,7.376295337730886,5.700527991232082,9.581972891547895,8.388005250163586
5.984992365151011,8.378009281947865,8.378009281947865,0.0,0.0,8.517393171418904,8.385364034879732
8.675839544771062,7.923858766109775,7.818289473743913,5.626757431471986,0.0,9.305741456739435,7.560188505539407
7.490924284441743,7.221835825288449,7.221835825288449,0.0,7.662647015409964,8.160803920954665,6.512658425276016
7.604504965717436,8.42806247931254,8.156366784926453,6.993134491382185,0.0,8.77971129020447,7.421298692409759
8.436028791130695,5.817111159963204,5.817111159963204,0.0,0.0,8.699681400989514,8.755519845374957
4.8210037160819255,7.049063850796098,7.028892682451094,3.1780538303479458,0.0,9.581972891547895,6.943150125138418
8.281973997122181,6.5517087090037,6.5517087090037,0.0,6.098248190638791,8.294299608857235,6.90315048517385
7.874553494635544,5.6131281063880705,5.6131281063880705,0.0,5.840277594017353,8.922791623969637,8.436948658877434
3.4804145486707476,5.40042258948519,5.40042258948519,0.0,0.0,8.229777750081887,7.0904728023709716
6.046132552871107,7.704929085965087,0.0,7.704929085965087,0.0,8.412054873292933,7.617139874800156
8.623750104944632,7.022235087207144,6.873256997574541,5.051137237405586,0.0,8.699681400989514,7.608186406076701
7.668180648267087,3.8426729272933526,3.8426729272933526,0.0,0.0,7.824445930877619,6.592896878036331
5.623860678005966,7.5725544240265945,7.405975791080726,5.701479825593525,0.0,7.496097345175956,8.521051917148933
7.9708607658359005,6.490283376949355,5.7420411867732915,5.852231214993798,8.127337412181005,8.160803920954665,8.060781771662416
2.7833579009138627,5.761768323854854,5.761768323854854,0.0,0.0,9.305741456739435,5.856029552353487
6.2957101739981205,8.699673069010126,8.320102303014284,7.54769681145546,0.0,9.680406499268875,8.832197796550771
7.263939267622037,0.0,0.0,0.0,4.602044285447683,7.313886831633462,5.786808266966689
5.924905754595792,8.18986343467197,8.18986343467197,0.0,0.0,8.699681400989514,8.466678491319156
8.267025962821496,8.71108422957761,8.588529182320261,6.55266479341173,7.499454800887141,8.922791623969637,8.393629258776821
7.06761325658555,6.120758850936373,0.0,6.120758850936373,0.0,6.90875477931522,6.105246091912214
7.488767308329807,0.0,0.0,0.0,9.124665511849859,8.699681400989514,8.34385003310415
5.612034077499712,8.101541374519842,7.8326290707867665,6.658011045870748,0.0,9.680406499268875,8.197218350847084
4.246291257916816,6.750446283589474,6.404963960244468,5.523858042461968,0.0,9.350189267092581,6.672289430287541
4.803729789207729,0.0,0.0,0.0,6.821543061125221,7.0909098220799835,6.906519783071287
7.790039171155263,8.106107316352114,7.570154550593302,7.227088623127679,6.739023413813891,9.04793908261736,6.756712679066528
3.9403236573070477,6.318481508887005,6.318481508887005,0.0,0.0,9.472781556562168,5.919512399493743
6.998712081119201,3.58351893845611,3.58351893845611,0.0,2.9858937839463575,7.0909098220799835,5.855342292525868
7.719010654328506,7.863089785279916,7.57151484264749,6.489903775222923,0.0,9.105090961257085,7.050941792553037
8.009061894356652,0.0,0.0,0.0,7.772898788326044,8.160803920954665,6.7794701338470045
8.053324725906197,5.545489895661608,4.87152647172512,4.840716504019344,0.0,8.612685172875459,6.600992411130838
7.239799321321335,6.741122014852498,6.651791487715673,4.29510616264318,0.0,7.438971592395862,6.4349124630576355
8.986613110336243,5.418364503857487,0.0,5.418364503857487,6.544312503420209,9.472781556562168,7.542712725603748
8.205778918470706,6.639875833826536,6.246978478452642,5.519659295915618,7.0936685719289505,9.105090961257085,6.772211687242172
6.815291688196204,0.0,0.0,0.0,7.269830783108051,7.313886831633462,7.431879013231358
6.659934862953557,6.537271139769218,6.537271139769218,0.0,0.0,8.853808274977197,7.41699893669942
5.50614278807915,7.715498198939774,7.715498198939774,0.0,0.0,8.699681400989514,7.617906007873159
7.154853767554087,7.636607384162859,7.636607384162859,0.0,7.895488788417782,7.824445930877619,7.934899094746349
4.075210586328739,6.363028103540465,0.0,6.363028103540465,0.0,8.517393171418904,7.66178486930482
7.09127233005462,6.7884761246982155,6.496111119797257,5.420534999272286,0.0,7.0909098220799835,7.020823199935928
7.050738420762885,7.239214973779806,6.968850378341948,5.802118375377063,0.0,9.15915233520675,7.046097781385382
7.925971203141948,0.0,0.0,0.0,6.902589628955718,8.699681400989514,6.6738586398916215
8.01121630848414,0.0,0.0,0.0,5.3894889578332785,8.006700845440367,6.593095405451209
5.898099132271784,6.502580128832101,5.4637470556717735,6.06814777187894,0.0,8.294299608857235,7.459275476158658
8.44644393016515,5.474453164254905,5.474453164254905,0.0,7.149086970695927,8.412054873292933,7.386998189315359
5.836143471384575,7.646086128117402,7.126006884215919,6.744695026524934,0.0,8.006700845440367,7.720129335026571
8.943426521529677,0.0,0.0,0.0,7.8934859992782345,8.987321812850125,7.611799831908848
8.653593549994387,5.583496308781699,5.583496308781699,0.0,8.1731932703388,9.546884034617925,9.368109086244809
0.0,5.707110264748875,0.0,5.707110264748875,0.0,7.824445930877619,0.0
8.815011859056076,5.638354669333745,0.0,5.638354669333745,8.022599001308675,9.305741456739435,7.446921377498973
8.380256430415256,0.0,0.0,0.0,6.474726829720015,8.412054873292933,6.880797173624854
2.9906575187399826,5.363636832668679,0.0,5.363636832668679,0.0,6.90875477931522,5.620632353414559
5.788351170728436,8.016779837997557,7.214739853688416,7.422421518134062,4.53644202589056,8.006700845440367,8.044985207966015
5.099289566349656,7.3783837129967145,0.0,7.3783837129967145,0.0,8.699681400989514,7.913576940738437
4.398926056646816,7.771252644554817,3.8815637979434374,7.751019300082585,0.0,7.313886831633462,7.772482877960343
8.687057429006149,5.511652976871161,5.511652976871161,0.0,8.79545999177338,9.392745258631441,7.738697718828453
8.549244980281737,8.421415502346484,8.307131202143921,6.197787420691848,0.0,8.922791623969637,8.124855270525913
5.769534222037095,7.424105613390828,6.537024875381426,6.894335637022668,0.0,8.922791623969637,7.554228171102991
4.142768214789916,5.998018026077824,5.998018026077824,0.0,0.0,8.699681400989514,6.694051386070905
8.63221927710949,0.0,0.0,0.0,8.38112783742163,9.305741456739435,7.408161645518169
6.49546995045488,6.345302971927358,4.960674444942484,6.059403530116175,6.4289988636202136,7.438971592395862,5.483798788206446
4.882630460917962,6.269096283706261,6.030685260261263,4.727387818712341,0.0,8.922791623969637,6.202709668014689
6.724318221848958,0.0,0.0,0.0,8.627043001555291,8.160803920954665,9.042153525789955
7.675313201427851,8.599652054756485,8.027995325767046,7.768609407966394,7.7834614327338665,9.433563920090563,8.309030785260312
8.973082135762738,6.876532893753426,6.600305778614671,5.45933016239574,8.169002682081624,9.15915233520675,7.609668506734839
5.009480647748652,8.12787108114526,8.12787108114526,0.0,3.8814532557514,9.711176264112805,8.40638937025941
2.8172172028907077,5.101328772710678,4.02535169073515,4.693547296605504,0.0,7.0909098220799835,5.197635483444481
5.183293235985651,6.0658296290632885,6.0658296290632885,0.0,0.0,8.853808274977197,7.372712723878626
3.0880181119174113,5.691439951457815,0.0,5.691439951457815,0.0,8.006700845440367,5.756695151802094
6.826406571862463,5.69588470252906,4.875197323201151,5.121818823056871,6.851278289272963,7.0909098220799835,4.790570058236916
8.352660349475112,7.937146098608293,7.937146098608293,0.0,3.901224510985912,8.412054873292933,6.291996903609787
8.395927759149208,6.947447035023449,6.77706555926369,5.099866427824199,6.434533006657642,9.350189267092581,7.013419182613178
5.2375721749633595,7.500020787760828,6.875314728489797,6.734591659972948,0.0,9.210440366976517,7.427854175142006
9.177939944842182,0.0,0.0,0.0,7.6182763059127785,9.392745258631441,7.795583782102214
7.079965923172031,7.68662133494462,7.344396004558751,6.4496802206016755,0.0,8.853808274977197,7.850201894586976
4.454969370167263,7.127452899892047,6.927538298242943,5.42371577594237,6.9797417656617835,9.680406499268875,7.752763750001971
7.628212545022956,6.726569077428434,0.0,6.726569077428434,0.0,8.294299608857235,6.929304359752017
4.124485444213292,7.0496453899817535,0.0,7.0496453899817535,0.0,8.294299608857235,7.313790785715404
7.272030255371418,0.0,0.0,0.0,4.493222187094784,7.313886831633462,5.7019004414088155
8.656396628291013,0.0,0.0,0.0,6.873915679870114,9.510519035757246,7.429995977963081
6.616993307172456,6.423571586162567,0.0,6.423571586162567,0.0,6.90875477931522,7.434920595118021
8.339232708421008,5.871413316040152,0.0,5.871413316040152,8.32800345385369,9.105090961257085,9.072783505592994
7.040350351020319,7.936495738564644,7.648496670749544,6.55257921116714,0.0,8.412054873292933,7.66896970910654
5.64357065804064,7.824457926007597,7.68306292318662,5.801423269798808,0.0,9.392745258631441,7.809559005909434
4.310896717938642,6.792849350480779,6.792849350480779,0.0,0.0,9.04793908261736,6.908362392651332
7.740097402942829,7.9247959139564355,7.85979918056211,5.1647859739235145,5.653110986906827,8.699681400989514,6.481405233951975
6.970765348883008,4.034594557816327,0.0,4.034594557816327,0.0,8.294299608857235,7.795107420667485
7.935062831576835,9.175994238730139,9.175994238730139,0.0,0.0,9.04793908261736,8.699808614693874
6.408934031837867,8.262816937670928,7.7752758464868625,7.311218384419629,6.8198456306675945,8.77971129020447,7.4654643136469625
4.193483493901598,6.935769199187321,6.935769199187321,0.0,0.0,8.699681400989514,7.3519499944144435
4.311239256701434,7.078594498667058,6.495718625490934,6.263398262591624,5.37964488388466,7.824445930877619,7.352008656112071
3.217150537415354,5.231375960794155,5.231375960794155,0.0,0.0,9.711176264112805,6.020535031112455
8.318551006845102,0.0,0.0,0.0,7.418358953919308,8.922791623969637,6.8277218737653325
7.558761993616109,5.942799375126701,0.0,5.942799375126701,0.0,9.04793908261736,6.36000270923307
3.1196993043922014,5.2611345754203205,0.0,5.2611345754203205,0.0,8.853808274977197,8.214261112330377
6.7362527742076885,6.758326765490208,5.581049709273904,6.391665825541048,0.0,9.648659816955295,7.089902278041777
8.25809794400535,6.657908344833378,5.972409140572823,5.95963842644153,5.6168434768653155,8.77971129020447,8.673646535789715
7.560721502742404,5.124440056536745,5.124440056536745,0.0,4.897113133007354,7.741099090035366,6.440200862364993
5.722489459471645,7.864293120161704,7.827866702708747,4.544358046591334,0.0,8.294299608857235,7.964158183371976
1.012778763193504,0.0,0.0,0.0,5.971082818665097,8.006700845440367,6.5593170641488046
0.9551471479100678,5.241747015059643,5.241747015059643,0.0,5.011748167955698,8.006700845440367,5.87904013801997
8.912398398952806,5.005890723065499,5.005890723065499,0.0,9.139284143159417,9.105090961257085,7.740759505655607
5.294881320095854,6.191564625253579,6.191564625253579,0.0,0.0,8.006700845440367,4.512746735568316
7.9058754380723215,0.0,0.0,0.0,7.5157860695662455,8.006700845440367,6.4933923675692995
2.7366252186153357,5.474285449369816,0.0,5.474285449369816,0.0,7.824445930877619,5.384140403574669
7.227839730661945,0.0,0.0,0.0,6.219015700656674,7.313886831633462,6.531211314028925
5.110087405459026,6.435990099116741,6.435990099116741,0.0,6.143933688226853,8.006700845440367,6.717719480994046
7.950894467224457,0.0,0.0,0.0,4.614778904042805,8.987321812850125,6.4949358203113094
6.837383370274589,6.20455776256869,6.09807428216624,3.9318256327243257,0.0,8.294299608857235,6.031020283461646
6.08621353993089,7.133375760171239,6.964230125910116,5.278114659230517,0.0,8.77971129020447,6.766807299342763
5.900989209345781,6.992702861144837,6.331608605760917,6.268338420843159,0.0,8.006700845440367,6.639534210774143
7.66686149439714,0.0,0.0,0.0,7.542039218427239,8.006700845440367,6.3397521547234605
3.338058343014201,6.319598545613129,6.143391327331203,4.507777839979442,0.0,8.006700845440367,6.10417387324097
6.152080245735346,8.503434979778632,8.297294370266917,6.8240257834506055,0.0,9.392745258631441,8.423704637862897
6.986526031602173,5.960438168502859,5.960438168502859,0.0,7.70050808524084,7.8636512654486515,8.03248170435564
7.955240845353708,6.355968762161047,0.0,6.355968762161047,0.0,7.824445930877619,8.271331246863815
6.372102538788873,0.0,0.0,0.0,6.8234505723803744,6.90875477931522,6.937499571786233
8.103442557140243,7.8550406749585155,7.8550406749585155,0.0,0.0,8.517393171418904,7.2530400324892375
3.7053732800260435,5.586948988035406,0.0,5.586948988035406,0.0,7.601402334583733,5.692643886938723
4.434141124288316,6.803205545662573,6.803205545662573,0.0,0.0,8.987321812850125,7.52176901382291
5.432131538561699,8.023434430008,6.976460108989124,7.591619505943165,0.0,8.987321812850125,7.862792532752514
6.834825781999846,0.0,0.0,0.0,7.04751041698632,6.90875477931522,7.22682089631466
4.073535446586422,6.120736882812121,0.0,6.120736882812121,0.0,9.259225769705994,6.570873537925427
4.767515871980077,6.2822480551325315,5.19184512203752,5.87546429634581,0.0,8.294299608857235,6.4099951585800445
9.081180433237668,0.0,0.0,0.0,8.915640343846903,9.392745258631441,7.5601385773957706
8.296128293204982,8.112212965733587,7.183878302287083,7.609832468063212,6.242781160386501,8.699681400989514,8.84917929867547
6.881068142099943,9.263899148220716,9.124936066591308,7.222405421985583,0.0,9.105090961257085,9.221793389072223
6.548971815105351,6.138547451809227,3.8426729272933526,6.034835290805795,5.847383992938406,6.90875477931522,4.912203269066712
8.361744249845117,6.914899696742457,6.914899696742457,0.0,0.0,8.922791623969637,6.730924011330301
6.826461067087121,7.113899151068422,6.132421427434244,6.645584995699079,0.0,9.04793908261736,7.705633464599682
8.104446069083613,8.234498660475495,5.081404364984463,8.191116730977145,7.8509687740306955,8.006700845440367,8.130812229617415
3.041934043099423,5.14166355650266,5.14166355650266,0.0,0.0,8.77971129020447,6.600704211442139
6.768473958589727,7.008188676303408,7.008188676303408,0.0,7.0741802663435465,7.496097345175956,7.582515726324627
0.0012132636978536228,0.0,0.0,0.0,3.704024560803834,8.922791623969637,5.447089102905073
5.744146764445625,7.73371421829225,7.73371421829225,0.0,0.0,9.105090961257085,7.7817848420546945
3.1348982992756507,6.345250321412688,5.346059362533458,5.8888779583328805,0.0,8.24301946898925,7.279024989487514
7.12840842140082,8.59068525965436,8.288531945584715,7.247301357934325,0.0,8.412054873292933,8.721703924288207
6.7667038933822665,9.077093510297463,8.733592451037016,7.84208237334239,0.0,8.294299608857235,9.062298872563586
9.062577366830155,7.574019324508294,0.0,7.574019324508294,8.987871999927146,9.392745258631441,8.225214704981758
3.4956949283392995,4.559440334281917,4.559440334281917,0.0,0.0,7.650168700845001,4.750265420175799
4.735962903112024,0.0,0.0,0.0,5.033595323704351,8.699681400989514,6.317054180641709
7.19905296945232,8.421888611596232,7.777138872680089,7.678344866284677,0.0,8.922791623969637,8.130338850621238
7.461383894373289,0.0,0.0,0.0,4.513004194040522,7.496097345175956,6.089806988592952
6.110482466647978,4.969813299576001,4.969813299576001,0.0,7.035293716923393,8.517393171418904,8.460622446911893
7.113588373122824,5.777652323222656,0.0,5.777652323222656,0.0,6.90875477931522,4.900533407735981
3.896167711948851,6.001662372084428,6.001662372084428,0.0,0.0,8.853808274977197,5.835384809093826
4.093508612913819,7.637991093737173,6.906924934341423,6.982306010246433,0.0,8.699681400989514,7.435727573170167
7.22145562080659,9.423514392252901,0.0,9.423514392252901,0.0,9.711176264112805,9.632145645461838
7.979815669943378,7.89160371965643,7.108735017594625,7.281475129630016,8.625959591379765,9.61587214452889,8.107818148967311
8.773920333894042,6.175825689199708,6.175825689199708,0.0,8.810086296522455,9.259225769705994,7.772532104346203
7.543336471831657,7.8045491768005935,7.280511227680597,6.90875477931522,0.0,8.343077871169383,7.336493469046399
4.224229481201961,6.531096262715642,6.343265130630454,4.774912960575186,0.0,9.105090961257085,6.26742830059251
6.817674649014414,6.723868497863453,4.543294782270004,6.605338515523419,0.0,8.612685172875459,4.571435496252251
6.869421282659262,8.238602995642674,8.00384772885478,6.675570983015779,0.0,9.305741456739435,7.553809644984443
7.284029254983142,6.386576243136655,6.112553224217519,4.965149663935124,6.074437284970646,7.313886831633462,7.1131416233649505
3.821823292912511,6.522092798170152,6.431331081933479,4.0943445622221,0.0,8.229777750081887,6.577760429123059
8.86854353730926,5.401505524344206,0.0,5.401505524344206,8.578527540234518,9.259225769705994,7.636129797757603
7.757356263570089,6.652475857637857,6.652475857637857,0.0,0.0,9.15915233520675,6.913499660385757
6.4303253557484865,8.721675703574498,8.688388075738441,5.307475304332803,0.0,8.853808274977197,8.613687677834372
7.063910245455746,6.29156913955832,3.6888794541139363,6.2166061010848646,0.0,9.04793908261736,6.853410529426672
6.323210460811894,7.0140233826573315,0.0,7.0140233826573315,0.0,7.824445930877619,7.130422359202021
9.00613943082294,10.150975167899846,10.13156968893915,6.201117508239693,0.0,9.741027444837728,9.774301040376043
0.7876493067041028,5.762114273884251,5.017081141579645,5.124261554171115,0.0,8.699681400989514,5.72239931748844
7.8216372276660495,4.324132656254979,0.0,4.324132656254979,6.623529683359149,7.824445930877619,7.3642370593214705
9.344240489988143,0.0,0.0,0.0,9.06450490319264,9.581972891547895,8.286242707149515
8.323091082565204,0.0,0.0,0.0,8.680270952078786,9.259225769705994,8.89718958935153
7.0196260144966605,6.880774550650362,0.0,6.880774550650362,0.0,7.550135342488429,6.50436377696606
8.649308340140639,6.849787125626912,6.849787125626912,0.0,7.7971740333143815,9.105090961257085,9.297453879750286
6.821802737591828,8.440052934221871,7.916949660925758,7.542430830871685,0.0,9.711176264112805,8.713501790700816
4.169540234282413,6.539354715010789,0.0,6.539354715010789,0.0,7.824445930877619,6.518593469419485
6.8737901411469675,5.375278407684165,5.375278407684165,0.0,0.0,6.90875477931522,5.989163133385828
5.162833102596693,7.099201743553092,0.0,7.099201743553092,0.0,6.90875477931522,6.886176378205872
1.6832317209578822,4.877027708092901,0.0,5.032005319832448,0.0,9.546884034617925,10.27470532091495
7.443943805375639,7.2493145546519075,6.901737206656574,6.026204080911879,0.0,8.77971129020447,6.109769020125605
5.408614192553862,7.790919331303443,7.444330517490459,6.564419542339522,0.0,9.04793908261736,7.706833666924404
6.144256528608281,5.514879306496692,5.514879306496692,0.0,8.57409688995233,9.04793908261736,6.229231016509009
8.722443808118687,0.0,0.0,0.0,8.881082428966558,9.350189267092581,7.198973330235879
6.505937562546428,8.506116065968415,7.7411382026994,7.880362070015132,0.0,8.853808274977197,8.490856202705206
8.330267542115676,5.187385805840755,5.187385805840755,0.0,6.640633133930518,9.04793908261736,6.815759068510529
7.431352742468187,8.536048311145333,8.427086848137458,6.267200548541362,0.0,8.987321812850125,8.190904990653882
7.598945472391262,9.028421534080087,8.909485247947469,6.841444521694716,0.0,8.853808274977197,8.116445452803552
7.506287896540281,6.025865973825314,5.811140992976701,4.394449154672439,7.506855300840698,7.601402334583733,6.630810438256862
3.5329612798549412,6.486389421342295,6.39094511686889,4.106437809909484,4.7049281234736,6.2166061010848646,6.602753860776711
6.967661499751499,0.0,0.0,0.0,7.822564484337651,8.006700845440367,8.246369155073394
4.872245681312613,6.988450081687794,6.988450081687794,0.0,0.0,8.612685172875459,7.580425659052216
5.572559873767298,7.873536881854297,7.873536881854297,0.0,0.0,8.412054873292933,7.820419111200145
3.356691631270369,6.165333817086952,0.0,6.165333817086952,0.0,8.922791623969637,6.417379166375092
5.6882664073204925,6.720220155135295,0.0,6.720220155135295,0.0,6.90875477931522,6.297309246540282
7.547916624668274,7.664961178092799,6.237640797532764,7.391205594946629,0.0,8.612685172875459,6.999603486706938
7.8444477076940835,0.0,0.0,0.0,8.057332461253495,8.006700845440367,6.515967689698624
7.814666518219983,6.089044875446846,6.089044875446846,0.0,0.0,9.259225769705994,6.238440883906184
7.313353331586123,8.085249602003032,7.962530616044413,5.9293231505701325,0.0,8.987321812850125,7.99383305923122
8.065578387067918,7.624159896418828,7.38188787231155,6.090042110468976,6.340177943367612,9.249657234353133,9.19040674386177
3.707732758396561,7.958318129075862,6.936070589962184,7.512912422002219,0.0,8.922791623969637,8.110413756859348
3.1694463924103307,2.5649493574615367,2.5649493574615367,0.0,0.0,7.3783837129967145,4.795043448407304
7.658945087349617,0.0,0.0,0.0,8.450260130134357,8.294299608857235,7.259297276361528
7.875092151443858,7.948696081034498,7.611228957259386,6.699648112494041,4.567213436895577,8.412054873292933,8.494958553165386
6.964688456736121,6.917012300244814,6.917012300244814,0.0,0.0,7.0909098220799835,6.988646869637158
5.200237791506274,7.404437352626462,6.103274222159987,7.087523578988375,3.871852215494817,8.853808274977197,7.384158766626357
7.7848063367232525,0.0,0.0,0.0,6.178542076314364,8.853808274977197,8.18641244533152
8.084035655066529,7.021583839330791,0.0,7.021583839330791,8.467196502598577,9.433563920090563,7.274041131424314
8.677474794494753,6.816253836719643,6.52795791762255,5.436164433240162,8.65909546477844,9.105090961257085,6.974677400211573
6.844213081615828,7.026320231084386,6.99083644279207,3.6951100038645723,0.0,7.824445930877619,6.90193454533291
8.47742740578594,0.0,0.0,0.0,7.018516802303882,8.517393171418904,7.371900897286974
7.0716796684082395,9.010901140173532,8.846591898078817,7.124671480540591,0.0,8.517393171418904,8.854921403398652
8.388037553825008,0.0,0.0,0.0,9.280472663144579,8.987321812850125,8.690301717106417
7.436524750642568,5.763308453970228,4.188138441508461,5.535363823031238,5.375892390454458,7.496097345175956,6.564841839683268
7.512929593742922,6.604851271824262,6.604851271824262,0.0,7.485763369080173,7.601402334583733,7.7578135826946015
5.126968437685461,7.106606137727303,6.738152494595957,5.932245187448011,0.0,8.412054873292933,7.596228771356436
6.981379195142515,5.017279836814924,5.017279836814924,0.0,0.0,7.0909098220799835,5.4167027007862085
5.976332437046104,6.233076502705234,0.0,6.233076502705234,0.0,7.313886831633462,5.135787478166684
4.925390399593689,7.291008860725081,7.204736480202016,4.80614992460058,0.0,8.699681400989514,7.326473145390907
7.871216929898502,8.178658429250795,7.8923138195487335,6.789467115770308,0.0,8.412054873292933,7.113917774413026
6.071628109785951,7.683799551121552,6.955859493656283,7.0251649115989485,4.939336265471918,7.0909098220799835,7.5914989730222935
1.6849434503947618,3.8910036382040705,0.0,3.8910036382040705,0.0,8.006700845440367,5.526257834240295
4.706655379274799,7.659010977445743,0.0,7.659010977445743,0.0,8.006700845440367,7.728889030076397
6.451543165664367,7.21875584962968,6.68586094706836,6.336453980639853,0.0,8.699681400989514,7.7972833187089305
8.053952060210314,8.192800107207704,7.9207225295216706,6.759336473863144,0.0,8.648396877031582,7.124539317795373
8.687244662655415,0.0,0.0,0.0,6.15133779036235,8.77971129020447,7.246785827473933
8.561902072181528,0.0,0.0,0.0,8.248161274838791,8.556606193773073,8.5165134294304
8.013314734441181,0.0,0.0,0.0,5.987961122275763,8.101980731853192,6.441429634450625
3.313674019084815,5.550786683244073,0.0,5.550786683244073,0.0,7.313886831633462,5.465224779301558
6.858268358434345,0.0,0.0,0.0,7.17454303996235,7.313886831633462,7.2742788172129105
4.330899655402574,6.175908849282915,6.175908849282915,0.0,0.0,7.576097340623111,6.187726107741738
8.057510101240625,8.152771173384904,7.8034309736445255,6.932447891572509,6.945757870718987,8.294299608857235,7.817228732328986
7.115532465325053,6.5524508240655885,6.0245849604411985,5.664660423302351,0.0,7.719129840906732,7.196271976287675
7.3717498335982485,4.785740209743239,4.785740209743239,0.0,7.6861351814538486,8.294299608857235,5.859447008028733
7.009912059958098,7.2033013489907045,7.0483082127889,5.267600393885976,8.086507038642063,8.77971129020447,8.394477221144456
6.379775383428632,8.322880021769905,0.0,8.322880021769905,0.0,9.975854724662028,9.003453014953829
8.440007260218234,7.481814823264256,7.481814823264256,0.0,0.0,8.556606193773073,6.762931710764763
7.925721802007134,7.293051692799774,7.293051692799774,0.0,7.369123600421514,8.006700845440367,6.3837296100232015
8.587598545360002,4.7825629495452935,4.7825629495452935,0.0,8.376989499974325,8.853808274977197,7.5842259055831605
7.994377539013816,0.0,0.0,0.0,8.65075778898947,8.853808274977197,8.750149224558122
5.360558657321291,7.685955670575547,6.951111659232052,7.0337181021067074,0.0,8.987321812850125,7.510782241655926
6.806864342081195,6.205970905026528,0.0,6.205970905026528,7.014535785974893,6.90875477931522,7.701409102044107
6.677981872416398,7.176254532017144,7.176254532017144,0.0,0.0,8.006700845440367,7.33570428584435
9.021881792321565,8.350458328523652,8.039837804100666,7.030866317810013,0.0,9.259225769705994,7.957585295199675
4.624038896927963,7.156519792324806,7.092939401389568,4.382026634673881,0.0,9.392745258631441,7.14847251731052
4.954006993838917,7.345158234181791,7.2865957426611345,4.489647094732552,0.0,8.922791623969637,7.054723850245238
8.281154276902617,6.266536191282551,6.266536191282551,0.0,8.95098568005859,9.210440366976517,6.823922036550293
7.592330513160412,4.9890711161804155,0.0,4.9890711161804155,0.0,8.699681400989514,7.939132678221218
6.884431817376647,7.361006873140145,6.6644472849244325,6.672526494531761,7.55558887154729,7.438971592395862,8.300428034078447
7.940487438692565,0.0,0.0,0.0,4.7069007202280435,8.006700845440367,6.4255566707284295
7.868684011666317,0.0,0.0,0.0,6.413977039333055,8.006700845440367,6.3854357981891186
2.0250269336888906,4.324000197151533,0.0,4.324000197151533,0.0,8.294299608857235,3.832884771927829
6.658621149835002,5.8707647618701975,5.0689042022202315,5.2807642073004475,7.07705746538527,7.313886831633462,5.395090757155306
8.877843025800484,8.04246803327497,7.910414514580512,5.955215414432861,7.848233932209024,9.15915233520675,7.628845064206639
7.365280615275596,8.337168993670966,7.647953016233359,7.640555771418734,0.0,8.987321812850125,7.591837802898696
4.886274681028977,6.560804331939855,0.0,6.560804331939855,0.0,9.510519035757246,6.508156430676598
7.4762008216449,4.61512051684126,4.61512051684126,0.0,6.090664954699723,8.006700845440367,8.247156876529063
7.4891523108104,0.0,0.0,0.0,8.624751241266123,8.922791623969637,8.432443018594615
7.9268337789554755,6.605379108450784,6.605379108450784,0.0,7.150128684962146,8.412054873292933,6.6086118554609135
0.0,4.495578509357997,0.0,4.495578509357997,0.0,8.160803920954665,4.090358277536109
6.653778051882839,6.137727054086234,0.0,6.137727054086234,6.762888817940628,8.699681400989514,6.557245366409958
8.419374418301176,0.0,0.0,0.0,5.551883641961444,8.987321812850125,7.37132696757445
8.021320201411505,6.840771103000605,4.727387818712341,6.713211332162286,4.340055881624801,8.006700845440367,7.146537825222175
7.004959691775646,0.0,0.0,0.0,5.11100364159234,7.0909098220799835,5.605641858610491
2.955884491834305,4.499809670330265,0.0,4.499809670330265,0.0,8.294299608857235,7.000262444008466
2.1368021364687277,4.394449154672439,0.0,4.394449154672439,0.0,8.006700845440367,5.135124880850441
7.138136095598419,7.125653095456279,6.658793794641955,6.141714772901867,7.044664828454164,8.412054873292933,8.061633683222617
6.212179184998811,4.7496167903531195,4.7496167903531195,0.0,7.361786074003107,6.90875477931522,7.6311075189339
9.078928936368303,0.0,0.0,0.0,8.430123355627016,9.105090961257085,7.509469430166865
6.738575856387507,3.828641396489095,3.828641396489095,0.0,0.0,7.601402334583733,5.721650568550001
6.98625906558538,8.267877621229632,6.549436126930916,8.070537270782818,4.915624274205808,8.77971129020447,7.852548062700757
7.988300463342423,5.231001659263169,4.02535169073515,4.882650395955276,0.0,8.006700845440367,6.918671123774693
8.191338105017307,7.417592414354413,7.39116859513779,3.7936898184662815,8.26897886006536,8.517393171418904,6.951554649835243
7.09898132785128,7.169781024620132,5.141078590121546,7.029671981475674,0.0,7.0909098220799835,7.352320707099183
3.120783321990347,5.608958843134728,3.4339872044851463,5.492485145625673,0.0,8.294299608857235,5.57942431894634
3.361486193579042,5.906995390481532,0.0,5.906995390481532,0.0,8.517393171418904,5.902179856279217
7.129605604840663,6.007583928987866,4.93806460126142,5.5909869805108565,0.0,8.77971129020447,7.032277999850866
6.959519411757895,5.8734689888702745,0.0,5.8734689888702745,0.0,6.90875477931522,6.349867914461996
4.7131353346424545,6.189741470692064,0.0,6.189741470692064,0.0,6.90875477931522,5.632794714701728
8.081272990969536,0.0,0.0,0.0,5.153660208632165,8.160803920954665,6.500863084069822
6.213319196144405,7.79798946853651,6.838083605732818,7.315883504509785,0.0,8.412054873292933,8.35311621326136
7.928495961595684,9.989830372758144,9.989830372758144,0.0,7.480329126875234,9.472781556562168,10.01463942700505
7.755078441763518,5.728019699020247,0.0,5.728019699020247,0.0,8.853808274977197,6.509330602271357
8.197475820616267,0.0,0.0,0.0,9.261079352159998,9.105090961257085,8.551168099361282
8.450535287840166,6.119505896988866,0.0,6.119505896988866,7.593379443485341,8.987321812850125,7.150937524628472
3.700752218086066,5.788919874624994,5.788919874624994,0.0,0.0,6.90875477931522,5.666562512797877
2.2016967843162925,5.180940498394464,5.180940498394464,0.0,0.0,8.699681400989514,5.588034256104591
4.430867345184874,6.590149937878998,6.181071997202737,5.502808029363036,0.0,8.006700845440367,6.503228538968889
5.288378438629855,8.249517647040086,7.452118188086882,7.651248555478782,0.0,8.006700845440367,8.148776075214933
5.415293374422862,7.440393273861488,6.587550014824796,6.885939025701241,0.0,8.895766604056085,7.557065699136824
7.728164852234583,9.01896919057138,8.759117671800112,7.544739432493231,8.327319158094827,9.472781556562168,9.399405922669201
5.835918921045465,6.0589362622229945,6.0589362622229945,0.0,3.614803758362403,8.006700845440367,6.391384814292634
4.648169223429781,0.0,0.0,0.0,7.5075806947796195,8.006700845440367,0.0
6.957998708554435,9.091735874012006,7.727733328714377,8.796662632340471,0.0,9.04793908261736,8.950826122504953
6.941571661164334,5.573825638068109,0.0,5.573825638068109,6.791126032330154,7.601402334583733,6.346919446094454
0.0,7.8636512654486515,7.8636512654486515,0.0,0.0,8.699681400989514,7.799039982366288
8.666702394522272,7.453417017583585,7.402433227968004,4.463376180370204,7.538526381039205,8.922791623969637,7.210006938906667
5.1260848240595625,5.666426688112432,5.666426688112432,0.0,5.250731706172568,8.699681400989514,5.680902294949953
8.690084259942118,6.884947139656129,6.800671056372463,4.382026634673881,7.583024726966794,9.105090961257085,7.4151006528980545
8.623485352098035,6.836259277277067,0.0,6.836259277277067,8.199963538158618,8.922791623969637,7.832354952991485
7.8828878808440015,6.222576268071369,4.859812404361672,5.929589143389895,0.0,8.006700845440367,7.114848142830948
0.11917051710311641,0.0,0.0,0.0,3.875815369196059,7.0909098220799835,4.794058409951936
0.8515205038946267,2.9997242948235283,0.0,2.9997242948235283,0.0,8.853808274977197,5.142721318512551
7.1150926839250985,9.342725608014119,8.81809450343827,8.447006750766064,0.0,9.105090961257085,9.178603460224398
7.060296384997325,6.249975242259483,6.249975242259483,0.0,0.0,7.0909098220799835,6.2956710485482805
7.601800934792284,6.945532643316167,0.0,6.945532643316167,0.0,8.922791623969637,7.531373182072304
9.083700008549076,10.141691524244365,9.93532869970218,8.462375799949758,0.0,9.581972891547895,10.15914959257524
4.428470667876728,6.630261132917846,6.394175867019525,5.077234191200746,0.0,8.294299608857235,6.551237078472798
5.842600264212951,6.11604663893153,6.11604663893153,0.0,6.260586459843469,7.438971592395862,3.9600839895246804
5.151070250526351,8.516627031177771,8.461081993759846,5.602118820879701,0.0,8.412054873292933,8.463317691477364
6.037492585832988,5.745755806133625,0.0,5.745755806133625,0.0,8.006700845440367,6.689521641787929
4.5942907691681905,6.715759073331241,0.0,6.715759073331241,0.0,8.922791623969637,6.5558770907653745
1.958257886716295,5.8118592978082555,0.0,5.8118592978082555,0.0,7.313886831633462,5.416374129182217
0.955695658828263,6.242690082549148,0.0,6.242690082549148,0.0,7.824445930877619,5.899172150960597
4.269107499489777,7.04541937023167,6.479707081673714,6.208207659241164,0.0,8.412054873292933,6.808815171655221
7.057214958107212,7.3783837129967145,7.244941546337007,5.303304908059076,0.0,7.601402334583733,6.777370107808232
8.309422372582903,6.714291881769338,6.0112671744041615,6.0333260012029,0.0,9.350189267092581,8.116216605105603
7.906766421603988,6.502939959715469,4.330733340286331,6.38367553953773,5.696833576892901,9.04793908261736,7.628748495350824
7.101521715900566,5.987556922276965,0.0,5.987556922276965,0.0,7.601402334583733,7.461324217517981
3.908459222691398,6.288806066526156,0.0,6.288806066526156,0.0,6.90875477931522,6.1735266973422975
6.544203627452748,0.0,0.0,0.0,6.992171835418222,7.0909098220799835,7.451779125325875
8.154670460163981,0.0,0.0,0.0,8.231901149897093,8.294299608857235,6.417610421345341
7.083943823075854,6.888490906800679,6.746318117103906,4.875197323201151,0.0,8.37816098272068,5.632388275860697
7.348440868307004,3.576270509731282,3.576270509731282,0.0,5.227759302929563,8.006700845440367,8.047718313556846
6.559944720035103,7.5513970396382435,7.4210578326230205,5.453610250954072,0.0,6.803505257608338,7.571967783698132
8.129381986101262,10.56884489780949,10.428359266485918,8.536970328191458,0.0,9.798182590890704,10.48694893046742
6.922376419255181,8.074219343891139,7.937013916804534,6.02255130764008,6.861293230048095,8.699681400989514,8.337426434101122
3.1666627813252517,5.574053367981417,0.0,5.574053367981417,0.0,8.160803920954665,5.712667138878434
6.6852596202402,5.831765168350307,0.0,5.831765168350307,6.7230109291940705,6.90875477931522,5.891704218312639
8.583981848098974,5.602192618894568,5.602192618894568,0.0,4.946642622178112,8.699681400989514,7.292290935486005
5.861865165415133,8.090855764095439,8.090855764095439,0.0,0.0,8.922791623969637,8.422610093523787
7.924452093193198,7.561563739426253,7.448071741515159,5.334167019441734,0.0,8.02322468471667,7.387431477736652
1.6834295492497007,4.579852378003801,0.0,4.579852378003801,0.0,8.412054873292933,5.3851537586453695
8.50833006872803,5.64300575794059,0.0,5.64300575794059,8.025393012626314,8.612685172875459,7.27465015752669
7.421265243479629,8.137971687610671,8.137971687610671,0.0,0.0,7.901377353792616,7.060950598598122
7.455458058260337,6.4450211626834,0.0,6.4450211626834,0.0,8.699681400989514,7.105754066621079
6.942693262210368,8.66365611027613,8.535818655539403,6.544861035229488,0.0,7.901377353792616,8.639803802843444
6.221889488641562,8.465794628330237,7.521182616408847,7.973758284084619,0.0,9.392745258631441,8.416007007544277
7.104612854917425,8.545098199709656,8.493654313018542,5.556094201756597,0.0,8.412054873292933,8.64333610412142
8.93750127340694,8.218460956851892,8.218460956851892,0.0,0.0,9.392745258631441,8.436299962802286
3.27391582757,5.575646026920326,5.575646026920326,0.0,0.0,9.472781556562168,5.639660332598606
4.912929281909507,5.602118820879701,0.0,5.602118820879701,0.0,8.101980731853192,7.473813458079151
3.7556699454745637,0.0,0.0,0.0,7.027197990835949,9.392745258631441,0.0
7.355479542959281,6.687682009525146,6.4010212731194,5.303304908059076,6.938272651745213,8.294299608857235,7.733316335665075
6.952034050677868,7.289501300469708,5.545177444479562,7.098243398442485,5.5727134270180905,8.81001204797317,7.873118608280555
9.007020089779422,7.805503149721407,7.521074312182169,6.411029779594928,8.095434418982137,9.61587214452889,7.43835913386437
7.785205198331628,5.908517626287056,5.908517626287056,0.0,0.0,7.8636512654486515,6.5341713752217405
7.964506608593207,5.0344169227610545,5.0344169227610545,0.0,8.221653708339673,8.294299608857235,5.518829342302646
7.121796410281162,0.0,0.0,0.0,7.582610898290349,7.601402334583733,6.381782999940554
5.650030581442586,6.136343808426067,0.0,6.136343808426067,0.0,9.105090961257085,6.267366356426354
8.901222597415137,0.0,0.0,0.0,9.118716808204386,9.105090961257085,7.181738235051581
7.112427023289882,5.691507443780589,5.691507443780589,0.0,0.0,7.0909098220799835,6.0873053860878175
8.165090359141638,7.981077109719291,7.23438639307245,7.339401322472945,8.97065227278621,8.294299608857235,9.27746415126475
3.450792174412123,5.955707827395863,5.955707827395863,0.0,0.0,9.581972891547895,6.212938551504024
7.157953764942077,0.0,0.0,0.0,8.664163261403662,8.006700845440367,8.312422936832961
3.920311718935746,6.3818160174060985,5.860786223465865,5.484796933490655,0.0,8.699681400989514,6.730794225782008
7.391437042698967,3.1867657709499673,0.0,3.1867657709499673,0.0,7.601402334583733,6.2176337445351
7.393663725885087,0.0,0.0,0.0,7.895625180110046,8.699681400989514,6.797732300919333
8.569923011606349,6.527329064965399,6.507978958991441,2.6461747973841225,0.0,8.853808274977197,7.479961233673901
5.754183768829823,8.158576363240163,8.069721011861464,5.697093486505405,0.0,9.04793908261736,8.316442788266402
7.673787074163317,8.318029803839025,8.083103274758594,6.755547710091467,0.0,9.04793908261736,6.377865367680069
6.794161828868026,0.0,0.0,0.0,5.079374200003346,7.601402334583733,6.387065320581864
8.147605035105563,10.35138455857435,9.855625207809087,9.412141791565158,0.0,8.922791623969637,10.023205916458274
4.47626361380432,7.009770204388867,0.0,7.009770204388867,6.091247966133796,7.824445930877619,7.338889041570761
7.407883155550939,0.0,0.0,0.0,4.550613055287341,7.496097345175956,5.969224817488982
5.243992360109575,7.363501502731064,6.970589223153505,6.241250029368613,0.0,8.77971129020447,7.148529326104427
7.132405925258,6.794799324202479,5.899486310211629,6.2716309475181005,0.0,7.496097345175956,6.13694557818712
8.546679180715723,0.0,0.0,0.0,8.304938089942361,8.77971129020447,7.151174773012089
8.093641600309523,7.045401942252792,6.90030761384698,5.049791902630777,0.0,9.392745258631441,7.033246575734855
7.438012734249219,0.0,0.0,0.0,7.720630942033443,8.412054873292933,8.615014438214912
5.512881604574834,8.005216905892851,7.741581372675371,6.544544738770809,0.0,8.699681400989514,7.913937468961123
7.603855165512126,8.19679231584173,7.569592374699967,7.433631078544505,0.0,9.350189267092581,7.449626516031343
2.4598713659925573,0.0,0.0,0.0,6.356444371363603,6.90875477931522,0.0
7.252587880867785,6.3798682672878515,5.993587292488961,5.247024072160486,7.420042719173678,8.294299608857235,6.01624814092529
7.778642760892136,8.251658707107895,7.603414302222247,7.512043923057831,7.273831565087519,9.305741456739435,8.698079113179196
4.575838188324444,6.8450284490738325,6.8450284490738325,0.0,5.010546190126615,8.987321812850125,8.22246077935959
9.099938659477896,5.544591335251101,4.44229825301545,5.146796558906795,0.0,9.392745258631441,7.652825056327337
8.136219065133304,7.705510191929668,7.4360455048746505,6.2643882485842175,6.857959889543034,8.517393171418904,6.59725666435219
6.9478221532708595,4.545844719903276,0.0,4.545844719903276,8.60632832535342,8.517393171418904,8.574444462300393
4.5422125692290845,6.304448802421981,3.8501476017100584,6.2166061010848646,0.0,8.699681400989514,6.6701449871736695
7.967650602874444,0.0,0.0,0.0,5.5478168449144265,8.006700845440367,6.570430057272558
8.977217630509879,4.460606734796738,0.0,4.460606734796738,9.20495391533058,9.210440366976517,7.375241465877261
8.457046422322502,8.863202660847525,8.419586977742352,7.837179389246255,8.555122716344657,9.210440366976517,8.585572441129184
7.558123150731371,3.6888794541139363,3.6888794541139363,0.0,4.5397670458418755,7.576097340623111,6.298800607133136
5.975506453861013,8.298098930647983,8.298098930647983,0.0,0.0,8.922791623969637,8.068065551090287
4.659401425385606,6.844346785789086,6.447305862541213,5.731916313899973,0.0,8.699681400989514,6.770645671604635
7.722474799596519,0.0,0.0,0.0,6.988122323283632,8.006700845440367,6.143576616093781
4.331654113612854,6.801783465408695,0.0,6.801783465408695,0.0,8.294299608857235,6.612523235759837
8.927294790635072,8.566756390050854,8.038221468764151,7.676918609965106,0.0,9.928228944424575,7.490749896454671
6.444742216290527,6.789309523775655,6.734591659972948,3.877431560658527,5.6367801849318475,7.601402334583733,5.185754906815228
5.11684402591702,6.889784772327496,6.71464371890877,5.067645548813036,0.0,9.105090961257085,6.512409140477125
8.581208585496707,7.410129288258323,6.993740296111302,6.334788258678297,0.0,8.612685172875459,7.37052180974104
7.066833018320859,7.5210039081441975,7.5210039081441975,0.0,0.0,8.006700845440367,8.030931316328266
4.6142512084090805,6.59468702013994,5.111987788356544,6.338947372677799,0.0,6.90875477931522,6.1405888494093785
4.747500557558039,4.707726774313183,0.0,4.707726774313183,0.0,6.90875477931522,4.757189078026703
5.663306420291749,7.8990198937153915,6.463809184055691,7.6276125478541505,0.0,9.105090961257085,7.722964088505457
8.677364733193969,6.413458957167357,4.701025671631613,6.216486333433964,8.131112241881958,8.853808274977197,7.312966882960844
8.922698785371505,5.862408837938621,5.862408837938621,0.0,6.8557183281506635,8.922791623969637,7.191003075046001
3.1917897261738886,7.086704489135233,0.0,7.086704489135233,0.0,7.3783837129967145,7.231686144631581
5.574901668414397,7.768985629899498,7.662030484041887,5.484796933490655,0.0,9.105090961257085,8.038134857864913
5.325854943022303,0.0,0.0,0.0,6.444714463390906,7.3783837129967145,7.567764643559828
8.512831263826993,4.142975983633837,4.142975983633837,0.0,8.915879283160113,8.77971129020447,8.832184298346814
6.074605161310134,7.239136004401936,6.993776999756896,5.71722505035269,0.0,8.853808274977197,7.746396156158562
7.107829396618028,0.0,0.0,0.0,8.632019760941485,8.699681400989514,6.341494873891376
8.227350848860334,0.0,0.0,0.0,4.7675623059458765,8.294299608857235,4.862690251632028
7.4205886418903475,6.794922470707793,6.2505542251956605,5.929589143389895,5.693099696428933,7.496097345175956,6.97242278555073
4.775900944931711,6.986779006132852,4.61512051684126,6.8898254968161545,0.0,7.650168700845001,6.933234787742152
8.243784799306312,0.0,0.0,0.0,7.278650539741011,8.294299608857235,6.820999071615788
3.7922035501761684,6.427038467986463,0.0,6.427038467986463,0.0,7.0909098220799835,6.338320620322285
8.41883898393714,0.0,0.0,0.0,8.059503696957323,8.987321812850125,6.904288452477682
8.169219428453577,0.0,0.0,0.0,8.28660322952491,9.105090961257085,8.189840487204977
8.527917635833496,6.969442865063597,5.841077608844373,6.5799176565532616,7.896918277669124,8.699681400989514,6.822455199432873
3.9688447726089664,6.728999357747534,5.5254529391317835,6.373848659939332,0.0,8.853808274977197,6.725202112968838
4.976822579853723,6.516976792525597,6.516976792525597,0.0,0.0,8.294299608857235,7.573659930726864
5.68630804220984,5.944346733780029,5.809702833572541,3.893247850101812,4.787262124755178,9.210440366976517,7.067339101665066
2.5005006784418877,5.080410082029073,0.0,5.080410082029073,0.0,6.90875477931522,4.717254686904308
6.249617975744699,5.625893002661495,4.962564870851173,4.909414346738851,6.3732801454464845,7.313886831633462,6.833443079206143
7.0344954598167755,5.667775259350199,0.0,5.667775259350199,0.0,7.244941546337007,7.676155869431455
9.364877821284196,8.491588162700843,0.0,8.491588162700843,0.0,9.350189267092581,8.523579260004869
7.359396184397954,6.610238335678092,5.738699066559761,6.07073772800249,7.9054405775257885,8.294299608857235,8.103908539810282
8.419234863841663,7.268404315742841,7.268404315742841,0.0,5.9022299296406375,8.853808274977197,8.01971982584325
8.613744144052578,0.0,0.0,0.0,5.268825124391321,8.699681400989514,7.21233773747573
7.953105452898426,0.0,0.0,0.0,8.050162898701103,8.699681400989514,6.524132165775101
7.779974801265987,8.339856788070769,8.105911197986508,6.773640859287501,0.0,8.294299608857235,7.9054350044954385
7.728393818772434,7.247379685149868,4.356708826689592,7.190992487646683,0.0,9.04793908261736,6.7227870929527676
8.55533937150405,8.184736880161326,7.6987185877423725,7.230765884487212,0.0,9.648659816955295,7.458963890583048
7.7965486782533695,0.0,0.0,0.0,5.282860283980787,8.294299608857235,6.885366075881089
7.117443066995729,0.0,0.0,0.0,8.553542616364,8.412054873292933,8.708121818051179
5.63569446151857,8.084827484910111,8.007540213165997,5.490341698803377,0.0,9.04793908261736,8.04119149640537
7.77102932069604,6.821347356240998,6.575633565098182,5.30240898445129,0.0,8.77971129020447,6.68078371014904
7.559268221699847,9.442894702671246,4.346269914961763,9.436838291102966,0.0,9.61587214452889,9.52767040507342
8.915462987642906,6.931754968630018,0.0,6.931754968630018,9.700431050688826,9.350189267092581,9.334415346030282
5.270770219021684,7.5079754377595,0.0,7.5079754377595,0.0,8.006700845440367,7.34226774270771
8.011219276719231,0.0,0.0,0.0,5.8358653737202655,8.006700845440367,6.621619628869401
4.536956321710504,0.0,0.0,0.0,6.528328876586543,8.160803920954665,6.9526806855398595
7.8135408681594924,7.62741780019781,6.595698543388702,7.187505981107638,8.087031936513956,8.77971129020447,9.113560837719133
5.0462552502466655,6.955535409429676,6.089044875446846,6.411719740688782,0.0,8.699681400989514,6.940309556324533
5.601793114706672,7.207444970558195,7.139216145336384,4.499809670330265,5.702085385414543,6.2166061010848646,7.138091978265222
4.990764980509411,8.08860785886727,8.08860785886727,0.0,0.0,8.77971129020447,8.160427342202889
7.930505953842346,0.0,0.0,0.0,7.308712479056734,8.006700845440367,7.443947387162701
5.0924746760143345,7.967134587755063,7.567635189425936,6.857535092818469,0.0,7.601402334583733,8.023697409084201
8.564099824377747,7.50891325917601,7.50891325917601,0.0,0.0,8.657129031713755,7.6538462559015725
7.735876804859456,7.469916396245283,7.469916396245283,0.0,0.0,7.824445930877619,6.89871427095962
7.33152335516538,6.185117493855133,0.0,6.185117493855133,6.001182759439572,7.313886831633462,6.99156093939865
3.981517033981581,6.251576276522179,0.0,6.251576276522179,0.0,8.77971129020447,6.39875475204657
6.890493301639852,0.0,0.0,0.0,6.162115771798496,8.160803920954665,6.645608914672682
2.7657928072315725,0.0,0.0,0.0,4.763826099136836,8.006700845440367,0.0
1.8358709275251455,4.256605125012738,4.256605125012738,0.0,0.0,8.294299608857235,6.023026165189772
5.754714223360653,7.179231747086985,6.733116136727542,6.159391327784261,0.0,9.210440366976517,7.262808528685298
6.1489915030380216,8.294724412391991,7.478938194717476,7.711253501781119,0.0,9.680406499268875,7.723227079905782
5.723407399889795,7.933728772138053,7.933728772138053,0.0,5.588682427814284,8.294299608857235,7.938928144651438
7.148683447092051,0.0,0.0,0.0,6.521395294677021,7.313886831633462,6.268925915027675
4.588932332728251,4.110873864173311,4.110873864173311,0.0,0.0,9.433563920090563,6.119026242117148
7.376834226466435,5.356916408850973,0.0,5.356916408850973,6.9029114817143995,8.517393171418904,8.06741690522296
2.408568384686614,0.0,0.0,0.0,5.290899275417926,7.313886831633462,6.475896687635363
4.650421792077059,7.009968848194091,6.7652926931500685,5.486455308663431,0.0,8.699681400989514,7.204070220508382
6.901764856173719,0.0,0.0,0.0,7.369986440707785,7.0909098220799835,7.690001323547161
8.349366378111544,8.497194544909547,8.497194544909547,0.0,6.8894686470640565,9.259225769705994,6.423978679530297
7.020268343367952,4.86599480426999,0.0,4.86599480426999,0.0,7.0909098220799835,5.630374607115632
6.321003926559052,7.369884234207843,7.014454897641193,6.165102678518353,0.0,8.612685172875459,8.07722538118456
7.034011196405279,8.310043552856376,7.940227765145702,7.136872949655992,5.9731242625672545,7.3783837129967145,8.50461582206914
8.201672422705354,0.0,0.0,0.0,6.856922074526453,8.987321812850125,6.8839830329245215
8.24062635863856,7.884832501924134,7.383138164053618,6.95564027170271,8.742715314564292,9.024131268455035,8.72812897243952
5.832123594839908,8.064073424208676,6.066108090103747,7.918705069636414,0.0,8.922791623969637,7.885942022514034
2.5055147532547286,4.933322190993586,4.933322190993586,0.0,0.0,9.210440366976517,5.461474346198513
4.696362845884618,7.003238171143551,6.787811159866131,5.367003524336484,0.0,8.294299608857235,7.075230902400741
6.401400114472814,7.214651570357722,6.15130614575193,6.792198513346625,0.0,7.313886831633462,5.742721459025091
7.835981039012971,6.948647671024428,0.0,6.948647671024428,0.0,7.824445930877619,7.465665920839068
5.729804317249954,7.92657732810395,7.156285835886427,7.305718988486569,0.0,9.259225769705994,7.865639156027439
2.7215033667577537,4.770684624465665,0.0,4.770684624465665,0.0,8.981052985901483,5.850222797357778
8.128272337278649,5.971618918887276,0.0,5.971618918887276,6.896066066560345,8.853808274977197,6.7921921375363405
3.30497968352094,0.0,0.0,0.0,7.959613921170238,8.006700845440367,0.0
8.284668186052762,7.732369222284388,0.0,7.732369222284388,0.0,8.412054873292933,7.7041636650896095
4.807204406881332,6.665467133820242,6.529316643259472,4.6141299273595635,5.756827011057266,8.853808274977197,7.484312854089493
5.873602599275615,8.230156244159774,7.092091471700298,7.844240718141811,0.0,9.105090961257085,8.29478509483888
6.817130140213828,9.278949036331692,9.17888685589749,6.928351708780787,0.0,9.61587214452889,9.339844136083236
8.582791239619217,7.842424094560123,0.0,7.842424094560123,6.903135658949689,9.510519035757246,7.4175659921005055
8.345532131940612,7.099457697581844,4.941785269549052,6.977551827434223,7.5056691100362345,8.922791623969637,9.004475367965329
6.792653183392264,6.077963292724599,6.077963292724599,0.0,0.0,7.496097345175956,8.112454035940685
7.462312059118581,5.626613411885073,0.0,5.626613411885073,0.0,7.496097345175956,6.505431968255793
8.591202551736544,9.183750986649216,8.212166907286713,8.708324164441319,7.995190941878054,9.105090961257085,9.669392746405197
8.434768094656132,0.0,0.0,0.0,8.94456234552814,9.546884034617925,9.197808750480023
2.9523208355669266,4.794136285500715,0.0,4.794136285500715,0.0,8.412054873292933,5.698020905312894
7.949660925040424,7.235993710676246,6.267428226605564,6.759719200154732,7.27488655078546,8.006700845440367,7.355934947337706
7.345180281747197,7.814928573051391,6.691339048417354,7.422319903962982,0.0,8.160803920954665,8.309551333096422
4.9791218747680706,7.589497671478644,6.757850572239669,7.01887617176497,0.0,8.412054873292933,7.511588569256577
7.2289779280159285,9.568153268201547,9.249144652279494,8.270604436673246,0.0,9.798182590890704,9.51315809315452
6.8323219529348265,3.8426729272933526,3.8426729272933526,0.0,0.0,6.90875477931522,7.165995815636395
9.289434147402048,8.487012295714676,7.954653131963568,7.602675886091224,0.0,9.648659816955295,7.916112542991506
7.1228122071166275,5.63867490275106,4.248495242049359,5.357010712887255,0.0,7.313886831633462,7.362935307033341
8.645227996668984,6.261854214019057,5.832439506864463,5.214935757608986,7.018733267851615,9.350189267092581,7.681939684519304
7.146787885628507,6.101349810637225,0.0,6.101349810637225,0.0,7.8636512654486515,7.964503269008617
7.373679511291193,7.279649815117553,6.133398042996649,6.898189674112436,0.0,9.259225769705994,7.4365594615600905
9.159389835892924,7.929158895856178,7.261962179806489,7.2101091916657865,0.0,9.259225769705994,8.337665685863177
4.067594309975806,6.530877627725885,0.0,6.530877627725885,0.0,7.0909098220799835,6.32938923555303
7.74281696783183,0.0,0.0,0.0,8.628164779701406,8.699681400989514,5.806489951115759
7.735389776375437,8.420127070849894,8.09437844497296,7.140833319439877,0.0,8.294299608857235,8.696512698565003
6.96542897698484,0.0,0.0,0.0,7.211244350209936,7.313886831633462,7.231331616935932
8.47722978382971,0.0,0.0,0.0,7.434564897160959,9.04793908261736,6.994641454467719
8.8301851969013,0.0,0.0,0.0,9.341959183658243,9.210440366976517,8.82991347653668
1.4165686840144966,0.0,0.0,0.0,5.7636398092418855,7.824445930877619,6.328829044474729
6.960954454873169,6.935380173594257,6.911548077220833,3.2272407411998283,5.752675239911168,7.696667081526462,7.075082936989934
9.370353822982405,7.332447685517869,0.0,7.332447685517869,8.554153381896867,9.648659816955295,8.195673406078622
4.40123337367958,7.665612840910838,6.818924065275521,7.106360205849192,0.0,9.210440366976517,7.457338495985626
7.1776195304109445,0.0,0.0,0.0,4.611851049239214,7.313886831633462,6.271485004198019
8.736403335256048,8.398434429894156,8.26490400249622,6.320786279700354,0.0,8.77971129020447,7.842806585207764
6.774456712965682,5.454466049037968,5.454466049037968,0.0,5.806867563492831,8.006700845440367,7.296170003933191
7.193267600225307,0.0,0.0,0.0,6.932790690371261,7.496097345175956,6.530294311857665
8.38329507258445,6.347231579019294,6.347231579019294,0.0,6.257369982299808,8.412054873292933,7.204966704331864
8.406136389570522,6.487988386163113,6.487988386163113,0.0,4.774761227545325,8.412054873292933,7.301761801532629
7.028739944835386,0.0,0.0,0.0,5.606144930305533,9.04793908261736,6.4973590292549295
7.086446798489113,5.778549753229196,0.0,5.778549753229196,0.0,7.0909098220799835,6.180752507069629
5.680144751973773,7.997178813390659,7.422134580947425,7.1708577324595275,0.0,9.510519035757246,7.714050265991491
7.983012953731962,5.932351282615476,5.407171771460119,5.043683148142456,0.0,8.006700845440367,6.9459742867499035
2.8335392909297616,5.02604922014861,5.02604922014861,0.0,0.0,8.517393171418904,6.113321163346187
8.844885059748236,5.831149070576642,0.0,5.831149070576642,0.0,9.259225769705994,7.679785146651852
8.97322822729206,0.0,0.0,0.0,7.157724094776947,9.392745258631441,7.4304431123206305
6.9288239515634835,7.489467979095777,6.826653677545096,6.7661917146603505,0.0,7.313886831633462,6.200883793519223
8.466515463739144,7.241316138798626,6.358067544424019,6.709060408070237,0.0,8.517393171418904,7.877184428037351
7.728396048572439,3.26804686887465,3.26804686887465,0.0,6.117664630929402,8.03947991910045,6.2229661107236405
7.774334305097815,0.0,0.0,0.0,6.851087303681075,8.77971129020447,8.323734454549331
7.2963474584728765,0.0,0.0,0.0,5.1050670397053635,7.313886831633462,5.832584339425049
8.832590638525954,0.0,0.0,0.0,7.836330876738981,8.922791623969637,7.530696947031684
7.3321367335203025,0.0,0.0,0.0,5.3538361143700675,7.438971592395862,6.294169731013049
7.38552565320258,6.695452750845802,0.0,6.695452750845802,0.0,7.313886831633462,6.928003707874409
5.845257910481453,6.253828811575473,6.253828811575473,0.0,7.961001539978537,8.294299608857235,6.499262355664333
7.6121594417999106,5.897648250903697,5.897648250903697,0.0,0.0,7.601402334583733,6.558539262238859
4.636940841249116,6.98034567162293,5.52230056525969,6.716691621131339,0.0,8.517393171418904,6.981300904405714
7.250113125656173,5.028082207699977,5.028082207699977,0.0,0.0,7.313886831633462,5.825678055527319
7.677594859041721,5.046838639056468,4.760463070394127,3.6821065698265074,6.7805358928083095,7.824445930877619,6.499955737703902
7.308833040746102,4.612642200826793,3.564449375735759,4.19614876167715,0.0,8.699681400989514,7.707596509697408
8.555386816718404,0.0,0.0,0.0,7.428420428650773,8.612685172875459,7.7928009705621335
7.542503766226373,0.0,0.0,0.0,8.070337682588116,8.987321812850125,9.054923765401675
4.022542874702138,4.663439094112067,4.663439094112067,0.0,0.0,8.294299608857235,5.800857236064199
7.662048232124099,6.4983423886258755,6.4983423886258755,0.0,7.577732373295029,7.824445930877619,6.331071102331008
4.642776076786517,6.97433858312529,6.507591096111023,5.990564141864818,0.0,9.210440366976517,7.300804845567395
7.396095776161693,7.201789632905382,6.545407129947377,6.472021666853687,0.0,7.601402334583733,6.375473940423418
7.458579914871252,4.61512051684126,4.61512051684126,0.0,5.604241842426556,7.438971592395862,6.537097032782654
9.138259571705033,8.72160397493045,8.30564959966827,7.644124770995352,7.547822712503051,9.433563920090563,8.307848858682732
8.172717873360119,0.0,0.0,0.0,7.525379602063875,8.294299608857235,6.672908895881671
0.8838981101563598,0.0,0.0,0.0,4.559499905416556,7.0909098220799835,0.0
7.80334649116835,6.070645344982423,5.673323267171493,4.962564870851173,0.0,7.824445930877619,6.6082242790961265
4.556823346535734,6.7417715303958,5.74748032992192,6.281631030852683,0.0,9.105090961257085,6.8284035500278115
7.3960845464153895,5.8916442118257715,0.0,5.8916442118257715,5.677708514194003,7.496097345175956,6.926771111542382
5.985616440216751,7.847922680899965,7.812139407749726,4.51085950651685,0.0,8.294299608857235,6.720087228327456
8.524717362711144,8.129979508111516,7.440569374638548,7.433672450314188,0.0,9.210440366976517,7.194568789092831
5.51843216782597,0.0,0.0,0.0,7.26159554862528,8.160803920954665,5.204109434545346
4.7042650222094915,7.10730261644116,6.779580940258629,5.835249237398506,5.157077505589031,8.517393171418904,7.719146025138272
8.43932066738976,7.83939560082744,7.482068246592385,6.638253603689778,0.0,8.853808274977197,6.953570883532331
6.1997094811483935,6.618138001895845,0.0,6.618138001895845,0.0,7.824445930877619,5.648821987134987
8.581259540160467,6.515971157929837,6.220291914890489,5.159055299214529,7.030235681604132,8.612685172875459,7.238254665738996
2.4411992464766983,5.4900528067025665,5.4900528067025665,0.0,0.0,7.824445930877619,6.3259660717227
8.39012181292501,0.0,0.0,0.0,7.658609532507749,8.517393171418904,6.938400978686091
8.893514937412988,5.347440808507589,5.347440808507589,0.0,8.928856366958673,9.350189267092581,7.342482651517721
3.4613270417895747,6.030781409484932,0.0,6.030781409484932,0.0,8.922791623969637,6.186431547610828
4.735060520498303,6.8239387928890265,6.404567082345357,5.755742213586912,0.0,8.922791623969637,7.030588802537659
8.908045187530236,6.418528054768642,0.0,6.418528054768642,7.914306660304673,9.392745258631441,7.560839426937355
7.150813182331477,8.560434656655254,7.8514082276121036,7.883295570060253,0.0,8.922791623969637,8.29040022156747
6.469424295459056,6.46085861560931,0.009950330853168083,6.460842980959799,0.0,9.392745258631441,7.836156292483893
4.52430524453966,6.6038218659443055,3.5177945292459696,6.558481450523715,0.0,8.699681400989514,6.868363277159789
6.820799576442656,4.034063631337171,0.0,4.034063631337171,0.0,6.90875477931522,7.1086643885668375
7.104632820705838,6.779512732862647,6.631738238060859,4.8027087085869065,5.054997402213466,7.0909098220799835,6.485008112672854
8.689846692645272,5.636074491632124,0.0,5.636074491632124,6.810123514985483,8.699681400989514,8.052424610720788
8.247663521597753,8.51223491947684,8.249802515682289,7.046995346073642,0.0,8.517393171418904,8.817820785299702
0.0,5.914475505579847,0.0,5.914475505579847,0.0,7.313886831633462,6.069452743409951
7.153005759863325,7.6950938318965125,6.945821479788593,7.055951121046716,0.0,6.90875477931522,7.252060906470728
8.999727890200914,7.763446388727362,7.058302330676907,7.0829934745684495,5.96788923547936,9.433563920090563,7.530986375060844
4.473860301129807,0.0,0.0,0.0,6.145163685720134,7.313886831633462,6.300473672563713
4.3809118385194905,6.7203890190434485,5.71042701737487,6.2693614000749625,0.0,7.8636512654486515,6.80749694834645
3.984830376452489,6.23429307173859,6.23429307173859,0.0,0.0,8.006700845440367,6.173439364628155
4.701761118006318,5.770256621261527,5.770256621261527,0.0,0.0,8.160803920954665,6.395195535833218
7.858460551690532,5.993961427306569,5.993961427306569,0.0,0.0,8.006700845440367,6.7885929189951675
8.805291324152932,8.630005672083977,7.966208547758183,7.906989123669968,7.934268905326962,9.680406499268875,9.74507589663023
7.840029431907205,6.711034549899031,6.711034549899031,0.0,6.780290993896932,8.006700845440367,6.631115397852555
7.675710653483297,4.653960350157523,4.653960350157523,0.0,4.526195396220523,8.699681400989514,6.597788495250724
7.909107459003084,4.211979438755315,0.0,4.211979438755315,6.128202578591316,8.006700845440367,6.87591145975661
6.543399466839215,5.885854000194946,5.030437921392435,5.337105293755297,0.0,8.517393171418904,5.828331340745505
8.136161227898072,0.0,0.0,0.0,9.019858018842202,9.105090961257085,6.579183251367495
8.154520307458627,7.810725687953292,7.424827352993468,6.673057736638866,4.5148427934546485,9.392745258631441,6.863074651587383
8.760809897173045,0.0,0.0,0.0,8.335813554796163,9.259225769705994,7.228162232228866
3.5285534125964864,5.660874973644924,5.4479865910667415,4.0273140497628805,4.525498653587157,9.04793908261736,6.07901833051032
5.907237444970705,6.483428400832763,0.0,6.483428400832763,0.0,8.006700845440367,5.624618708100726
5.506050464433196,7.817077789092546,0.0,7.817077789092546,0.0,8.294299608857235,7.724160341727164
6.668841892373893,5.4289069362516384,0.0,5.4289069362516384,6.5039581115871625,7.0909098220799835,7.238546359783227
2.083361349186644,6.2212460186023755,6.052089168924417,4.373616367313912,0.0,7.824445930877619,6.739479104780748
8.384807559985171,6.905392489792948,6.758675055967984,4.921002301856218,8.197851801670328,9.581972891547895,7.618707622154856
5.128461576224905,5.773681602035868,0.0,5.773681602035868,0.0,7.0909098220799835,6.762134953341304
7.090539583691758,0.0,0.0,0.0,7.949033684534112,8.006700845440367,6.563527445921261
8.661329402452392,7.651362657000735,6.582952686426915,7.231171223385029,8.171124770910016,9.61587214452889,8.457988124916717
3.748608828256908,6.311879989176399,0.0,6.311879989176399,0.0,8.699681400989514,7.008392673945159
7.232850122109061,0.0,0.0,0.0,4.029134864784989,7.313886831633462,5.626290005137021
7.853169262337043,8.288031567776464,8.288031567776464,0.0,0.0,8.294299608857235,7.778204184703678
5.18490455130221,7.709465342145037,7.379001885411569,6.443113250631739,0.0,9.392745258631441,7.5193347067448215
6.291560967302705,0.0,0.0,0.0,7.676741172955856,7.0909098220799835,8.103089051399524
4.541338689516333,5.848344472513165,3.8426729272933526,5.70714348678838,0.0,6.90875477931522,5.953021644781416
7.129637051388045,0.0,0.0,0.0,6.223691051231564,7.313886831633462,6.583267129076469
6.815966730548498,6.861868396209661,6.055260605188058,6.272499576837969,0.0,7.0909098220799835,5.651114513039443
4.5994259996935725,5.96676193446761,0.0,5.96676193446761,0.0,9.04793908261736,5.919737608427528
6.898708341576201,0.0,0.0,0.0,7.013742719781323,7.0909098220799835,5.485165089779201
4.253513145572815,6.457005106658288,0.0,6.457005106658288,0.0,9.210440366976517,6.731974256584266
2.5672027397644714,6.366831207392114,0.0,6.366831207392114,0.0,8.294299608857235,7.196594791341842
7.144234656363178,7.369468386628888,7.137532776932387,5.797485302756558,0.0,8.006700845440367,5.828880068403081
8.211691554738318,7.086026979500809,6.896279685507112,5.3354204544995385,6.980806793423735,8.30671904320269,7.660126928425251
5.3565539439607015,4.516448255927287,4.516448255927287,0.0,0.0,8.77971129020447,7.124289968599769
8.062172880721365,4.7019338544204,0.0,4.7019338544204,8.431134718305826,8.699681400989514,6.395398867491574
5.743394088961773,6.613505016452306,6.536822023868037,4.02535169073515,0.0,8.922791623969637,6.481580479959945
8.105178826065599,6.576664536113334,6.477187724313131,4.23410650459726,0.0,9.433563920090563,7.22545167830642
6.016031964056828,0.0,0.0,0.0,7.535221915344346,9.210440366976517,8.269597274949929
4.885394279221422,7.057596687221297,7.057596687221297,0.0,0.0,9.472781556562168,7.016079188049227
5.902648521810612,6.045100096273892,5.834810737062605,4.394942859940428,0.0,8.294299608857235,7.235196601521304
3.317815519099884,5.800243507126995,3.204776900488699,5.725967881791428,0.0,9.259225769705994,6.942865826194766
7.0197093342036885,0.0,0.0,0.0,7.228527255437725,7.313886831633462,5.15152236559503
3.303806101202615,6.423506670066598,0.0,6.423506670066598,0.0,9.546884034617925,7.35311247994599
7.0100386332312965,7.139763423434729,7.139763423434729,0.0,0.0,8.77971129020447,7.350885211630243
7.699150130691072,8.095421856473758,7.403091559851995,7.402067300673673,0.0,8.699681400989514,7.911030198309623
7.452350279329066,3.8383764652598478,3.8383764652598478,0.0,7.411684488052376,8.294299608857235,6.239350694153629
7.422953252679566,0.0,0.0,0.0,4.328265257600723,7.650168700845001,5.837557324309323
7.196608809758601,5.456645024927341,0.0,5.456645024927341,7.268191681058986,7.313886831633462,5.742043839961943
7.1935557956675416,7.17469368149597,7.17469368149597,0.0,2.9666841833768363,8.922791623969637,6.440012576713683
4.771226359056912,6.943170684203092,4.188138441508461,6.878480936278142,0.0,8.006700845440367,7.198552313897011
6.328207147177704,4.553876891600541,4.553876891600541,0.0,0.0,8.612685172875459,5.544135217956384
2.412402621397708,4.419322419417578,0.0,4.419322419417578,0.0,7.601402334583733,4.948153827326429
8.557846037231657,0.0,0.0,0.0,8.088793964692973,9.15915233520675,6.904934014956805
7.872823731519732,8.008661601009141,7.799691840987721,6.342191838776812,0.0,8.612685172875459,7.127855165444273
7.739935734329571,8.40635771547814,8.173380882251555,6.836388162633721,7.319551295862773,8.612685172875459,9.157201592359426
8.888624458685102,0.0,0.0,0.0,8.292038564494405,9.04793908261736,7.881065386186391
7.559548025905441,0.0,0.0,0.0,8.703471392359942,8.77971129020447,8.880543213349155
5.334535084837731,7.542854826934874,7.115833922263451,6.487531799898427,0.0,8.006700845440367,7.645205433696643
8.572545963821971,5.314731907816132,4.762942869860633,4.46843366241462,7.355823498479757,9.15915233520675,7.234060986852529
4.6352645535268,6.907945260934423,6.375518735310465,6.025624398754687,0.0,8.922791623969637,7.688095797642451
8.120198821291483,6.678467892907438,0.0,6.678467892907438,8.99914767487581,9.15915233520675,8.49669867479183
6.954436055194356,6.250129670489271,5.647564794657972,5.461625984160061,0.0,7.0909098220799835,6.170618626069676
6.768598369337757,6.085000426499147,5.577841251298354,5.1688918191075786,0.0,8.006700845440367,5.821628358707953
8.574311497285205,8.61987251589125,7.865107336734513,7.985106477313711,0.0,8.699681400989514,8.188321718625616
7.5268927420227545,6.509514015963292,6.249782173429845,5.040841136153322,8.631258544245652,8.853808274977197,9.129447288869258
4.853907360446093,6.635106307764088,4.499809670330265,6.510793911365194,0.0,7.824445930877619,5.919934868681185
7.733602523270975,7.3289099923325915,6.966382613429761,6.1406170425104225,7.553244498788402,9.15915233520675,8.393960128379085
6.75702395482274,0.0,0.0,0.0,6.814528218776818,8.160803920954665,7.251260238646729
8.594933253666238,6.991038883118875,6.93360819377124,4.121635422458004,7.133441068069755,8.699681400989514,7.361092113116578
7.571751266851477,7.220915021639562,4.57409223041723,7.148188498833307,0.0,8.748463629942055,6.206844868379459
8.59772299305563,0.0,0.0,0.0,8.527696197437137,8.987321812850125,7.297995106500207
9.389014298414574,0.0,0.0,0.0,7.654112632967543,9.472781556562168,8.277502322780208
7.111115329793249,6.273518310300911,5.231269031794909,5.841542414360687,7.011814808624538,7.0909098220799835,6.149457398474738
6.707832456348928,6.17228497777567,5.247181954433266,5.670742620578001,6.85282121344424,7.783640596221253,6.455693527303235
8.38551427253081,5.689514502858496,0.0,5.689514502858496,8.506338641360074,8.294299608857235,8.771337130165266
9.134083994590227,0.0,0.0,0.0,8.333177228727047,9.15915233520675,7.8387070731274795
8.781628982021896,4.59511985013459,4.59511985013459,0.0,8.108044343662872,8.853808274977197,7.174236324021904
3.494742428778399,6.037775449971233,0.0,6.037775449971233,0.0,7.601402334583733,6.160364244886689
3.4614610599149263,4.972310179774588,0.0,4.972310179774588,6.603330480717005,7.313886831633462,7.22910266815832
7.293507814059114,0.0,0.0,0.0,5.143862546308105,7.313886831633462,5.982643072057281
5.81080624234318,6.041587156511192,4.31748811353631,5.848055963812626,0.0,8.006700845440367,6.161557741303612
7.792738533589388,6.418364935936212,4.343805421853684,6.285998094508865,7.695377377885381,7.824445930877619,7.8177406831923575
7.696924551785692,5.6950780340260545,0.0,5.6950780340260545,0.0,8.699681400989514,6.448929125952476
7.450260115136117,0.0,0.0,0.0,5.564194990395674,7.576097340623111,6.1308814256076225
7.717852538163833,0.0,0.0,0.0,8.800148906215506,8.853808274977197,5.758980663509892
7.417560863484922,0.0,0.0,0.0,7.661395964527787,7.824445930877619,7.357226533693434
7.246921197952758,0.0,0.0,0.0,3.61638824736731,7.313886831633462,5.032557347024972
9.154842331177232,6.778910032062598,5.080845202471059,6.57813948315741,8.565682348573318,9.61587214452889,7.59492722080619
8.439724134277828,0.0,0.0,0.0,9.167503559698131,8.517393171418904,6.420895403704799
4.742347416959789,0.0,0.0,0.0,6.213535389275409,8.77971129020447,6.748334166291354
5.13308416262032,5.1802655447719,4.700480365792417,4.230185785133514,0.0,8.517393171418904,5.288641591850878
6.4968092248939655,5.638354669333745,5.638354669333745,0.0,7.730755018360504,8.006700845440367,7.557492899848201
7.173025079826142,3.8426729272933526,3.8426729272933526,0.0,0.0,7.313886831633462,5.866083467407488
6.250204034617334,5.639208397330961,5.639208397330961,0.0,7.167227746231579,9.305741456739435,8.807705221707296
8.63049764214387,8.881215278873999,8.806762481951193,6.248564981900374,9.561130553717247,9.648659816955295,9.432552942061822
8.785509046289263,7.542711748360646,4.330733340286331,7.502153373471909,7.650074703566852,9.04793908261736,7.394075564005915
7.177249519269017,6.824014910044239,6.824014910044239,0.0,0.0,7.496097345175956,5.556959886987037
6.917767743548531,6.555925720039882,5.585749407744609,6.081762185088762,0.0,8.922791623969637,7.078108505180411
2.2286085737384744,4.836281906951478,0.0,4.836281906951478,0.0,8.006700845440367,4.837392742126521
5.0239220857719165,7.284114215729276,6.025116901069826,6.951082931717315,0.0,7.496097345175956,7.231217686440381
7.632239038853541,6.252231382518633,4.289088639014612,6.103162439108417,7.137470133511877,8.294299608857235,6.956905643033706
8.207313546763832,0.0,0.0,0.0,7.80909141989001,8.294299608857235,6.516017843234971
7.476420315822119,0.0,0.0,0.0,7.348480029010473,8.207310953292687,8.542402866989429
7.979611538913587,5.388615004528817,4.786658062033468,4.605170185988092,0.0,8.922791623969637,6.725858810625289
7.563249767680617,8.55458723722811,8.191529531111556,7.365983600617186,0.0,8.922791623969637,8.674549770281748
8.573993330483443,7.645622447006968,7.583964824234153,4.836757984084964,7.0515662027229205,9.61587214452889,7.44976672610957
4.683334391919974,2.797281334830153,2.797281334830153,0.0,5.2130934093532755,5.303304908059076,5.545582823239989
4.83059663351069,6.497378126512952,4.697840520829399,6.318409399135932,0.0,6.90875477931522,5.9087856667408385
8.81411341529052,6.569088636412388,6.427135497273212,4.557239652230542,8.77951310443868,9.04793908261736,7.173884851157659
8.009186941145689,4.639378357317828,0.0,4.639378357317828,0.0,8.006700845440367,6.33255572675468
8.651174044143433,7.684779345811066,7.350638193932994,6.427782118698911,0.0,9.04793908261736,7.512052123248259
5.616911422366055,5.660144017626371,4.07753744390572,5.434551353871315,0.0,7.438971592395862,6.816047469543295
8.15409868812818,9.178259231311994,8.889346918491349,7.796057974316123,0.0,9.433563920090563,8.713737692069293
6.9817723009285855,3.4965075614664802,3.4965075614664802,0.0,7.528558117432075,9.105090961257085,7.726611118969035
6.635849107369159,5.8888779583328805,0.0,5.8888779583328805,8.065231814876928,8.517393171418904,7.74650421782042
3.9594280965408846,6.188284656752676,6.188284656752676,0.0,0.0,8.853808274977197,6.30086701154855
6.998460474831858,0.0,0.0,0.0,2.9695061557453033,7.0909098220799835,5.626652731290652
7.397329056296969,0.0,0.0,0.0,5.946837724442297,7.650168700845001,7.019935801831391
4.370591830785628,5.499133505978156,0.0,5.499133505978156,0.0,7.313886831633462,5.035358859053126
8.070096077066884,7.6421643572907225,0.0,7.6421643572907225,0.0,8.699681400989514,6.4646412150627155
6.1062408158567525,2.9338568698359038,2.9338568698359038,0.0,7.79598383828963,7.824445930877619,9.196145646659033
3.5654808650852146,5.588184549905154,0.0,5.588184549905154,0.0,8.922791623969637,5.827667698478089
7.311983601252573,0.0,0.0,0.0,8.399680585065553,7.824445930877619,8.002145537410675
7.676759357540167,7.4360278163518485,0.0,7.4360278163518485,4.519342522678364,7.601402334583733,7.694347781124165
7.6131888616350425,7.007473909092552,5.541224328703197,6.746259355447045,0.0,8.77971129020447,6.5053841595508475
7.2831404032238725,0.0,0.0,0.0,8.25695493850376,8.294299608857235,6.321132242401908
4.689527308558961,6.828322385334227,6.776849009134338,3.857355604085838,0.0,9.15915233520675,6.817570235600346
8.374383982938204,5.811380485254219,5.811380485254219,0.0,4.29113362479442,9.433563920090563,7.015963524505553
3.929271078509683,5.898581419627926,4.832385436672355,5.4806805891406265,0.0,9.116139576577355,5.950905143107819
0.0012881699527107376,4.575947327311188,0.0,4.575947327311188,0.0,7.313886831633462,4.6429345410896925
5.891020434444178,7.799261394033661,7.489579760897816,6.47774129795256,0.0,8.922791623969637,7.698840795443919
7.892234660536894,4.02535169073515,4.02535169073515,0.0,5.757014786433894,8.006700845440367,6.363937817211685
7.603548378010474,7.313886831633462,7.313886831633462,0.0,0.0,8.006700845440367,6.516823411363577
5.383052072638106,6.82674043226786,6.154390893600181,6.114566744241966,0.0,8.412054873292933,6.794750066952012
8.870685990518243,7.22344884069907,6.844442672770371,6.0720301949475495,9.051156261782259,9.392745258631441,9.85974631418771
7.9089232828295435,0.0,0.0,0.0,6.563833527700592,9.210440366976517,7.288730153153322
4.737274439483843,6.895915464177928,0.0,6.895915464177928,0.0,7.824445930877619,6.987065419932644
6.416206659102424,8.222889242655569,8.102444120382472,6.0490728597282954,4.296975467036142,8.294299608857235,8.777694275240158
7.648964248510691,0.0,0.0,0.0,7.3441069915545745,8.160803920954665,6.236616677092055
9.040286368744477,0.0,0.0,0.0,9.038464065522737,9.105090961257085,9.280012922962017
6.953945619871191,6.044744616550266,3.8426729272933526,5.930227237636792,0.0,6.90875477931522,6.425183298665011
7.372565890948759,6.515556778974358,6.515556778974358,0.0,0.0,7.3783837129967145,6.723553581029969
7.322560144782929,9.66173695892907,9.443027042531293,8.034689359154697,0.0,8.006700845440367,9.575032316316296
7.428996416278144,4.59511985013459,4.59511985013459,0.0,5.4860607362152125,7.496097345175956,6.319151450092453
7.649027275749975,6.871309113210003,6.871309113210003,0.0,0.0,7.650168700845001,6.435416464512477
6.967365637901934,5.090678001769792,5.090678001769792,0.0,6.6421588323370555,8.216358332386156,7.755505885864177
1.3940740209387137,3.654546775033431,3.654546775033431,0.0,0.0,8.922791623969637,4.489647476369027
5.1056483024768,6.922850766627472,5.581313477009103,6.621125985497388,5.594975649512184,7.313886831633462,6.845202315985362
7.982047727854796,7.509061255876502,7.430707082545968,4.930870325627393,5.471845780896315,8.867990898182093,6.676577032025945
7.315514214256064,0.0,0.0,0.0,5.031356714858692,7.3783837129967145,6.004259415060385
4.328434067404237,5.685279003091641,3.912023005428146,5.503296947234575,0.0,7.313886831633462,5.376474923055546
5.989817962230846,0.0,0.0,0.0,8.195494620268827,9.798182590890704,8.94986676778363
9.143852152905566,0.0,0.0,0.0,7.735401791249889,9.210440366976517,7.756575126273734
7.405797376342098,0.0,0.0,0.0,5.056868146685606,7.576097340623111,6.29787208972456
8.997843013925934,0.0,0.0,0.0,8.458499681165536,9.305741456739435,7.555819718105037
7.257859531027828,6.912693068011761,6.015742439567505,6.390441989080592,0.0,9.305741456739435,7.704957503141951
6.720939521178704,7.017506142941256,7.017506142941256,0.0,0.0,7.496097345175956,5.595810782471915
8.350749060856876,3.507057772361633,3.507057772361633,0.0,0.0,9.546884034617925,7.141726976153205
7.077994724300728,6.558765017801951,0.0,6.558765017801951,4.128256158847331,7.0909098220799835,6.699293029265392
8.061456159459796,0.0,0.0,0.0,8.25724072588214,8.343077871169383,5.969446718965111
6.212058504969286,7.119231025428665,6.483107351457199,6.367329185439855,0.0,8.006700845440367,5.333213197597451
6.76818756264388,6.139906103718158,5.92599225681032,4.5038016915998025,6.305695328658729,6.90875477931522,5.543752899046357
6.905372287912937,6.36784407432105,6.255750041753367,4.139955073474153,0.0,9.04793908261736,7.64488097005987
6.21413120072456,7.056304586085376,4.787491742782046,6.948081150453702,0.0,8.46611040118692,8.696143668667764
7.844641790582729,6.187442430349423,5.718999440461062,5.209486152841421,0.0,8.412054873292933,6.172663645013927
7.54972469216524,0.0,0.0,0.0,8.194037234718078,8.987321812850125,8.96496348234489
8.686125271065473,9.140146422340704,8.451008516110052,8.44318921385489,0.0,9.61587214452889,8.896300342704444
7.485098699763745,7.554313870127491,6.689810689614161,7.008315290636319,6.591136947361988,9.210440366976517,7.925566192261123
4.904727021039325,5.5124201732100975,5.5124201732100975,0.0,0.0,9.305741456739435,8.868417063099553
7.850918055928127,7.537184934628196,6.304704711173629,7.193234927878718,6.395320739939159,8.268988209506656,6.650693957326241
7.83322113874301,0.0,0.0,0.0,7.826152326215808,8.853808274977197,6.25448839592496
8.900336727637438,5.773930234558283,0.0,5.773930234558283,9.183406697644298,9.210440366976517,7.619415614158928
6.639866648163433,5.5053315359323625,0.0,5.5053315359323625,0.0,7.313886831633462,7.415512815979625
7.085427973206865,6.537271139769218,6.537271139769218,0.0,0.0,8.160803920954665,5.796577573081147
7.094319811609675,7.414458416968466,3.8426729272933526,7.386569976506423,6.691535475610488,6.90875477931522,8.023877140454362
6.391340307205897,8.789239662447496,8.495648768073666,7.421063817761921,0.0,8.987321812850125,8.738990169307266
8.008895787673614,9.144623556922907,8.536946797903074,8.358246696697217,0.0,8.922791623969637,8.865054341738606
1.4603080073964954,4.110873864173311,4.110873864173311,0.0,0.0,9.305741456739435,6.949857977530773
4.001825609981869,4.749183946126996,4.749183946126996,0.0,0.0,8.922791623969637,0.0
7.857371344977187,7.311899515122886,7.311899515122886,0.0,7.015395840758174,8.294299608857235,6.1655580418836635
5.744097316596324,8.222121214087974,8.222121214087974,0.0,0.0,8.294299608857235,8.295524943556517
6.323349905067076,6.002157176646725,5.717356594683319,4.617098756853365,0.0,8.922791623969637,7.184978253260603
6.777165583891027,6.938226286397226,0.0,6.938226286397226,0.0,7.601402334583733,7.706566183677572
7.418915260644296,6.581304657801999,0.0,6.581304657801999,7.0424143604015725,7.741099090035366,7.8138419241938415
4.626701533871699,6.69537855677882,5.786897381366708,6.181382180523564,0.0,9.680406499268875,6.551746333217379
8.595958930142634,7.096920034258086,6.887919851148026,5.433197848741854,8.027956202027026,8.853808274977197,8.049204888754971
6.957578249623303,0.0,0.0,0.0,6.151944852523045,7.313886831633462,6.388193867423533
8.246063281244531,0.0,0.0,0.0,6.7440978557639095,8.412054873292933,7.267281668184009
7.422860106282867,5.706545321145129,4.773984259423544,5.211887638549649,4.742496651953324,7.496097345175956,6.329201250026055
8.868807617667034,0.0,0.0,0.0,7.4079830467297825,8.922791623969637,7.245143134867495
7.748076399850853,4.467056883858457,4.467056883858457,0.0,8.320651171741659,8.412054873292933,6.10700461363319
7.7743273358941,7.835199577926379,6.68168244149535,7.4566740573692245,7.6291657054370825,8.517393171418904,7.287812639335056
7.07318633262736,5.017279836814924,0.0,5.017279836814924,0.0,7.0909098220799835,5.889718867827261
6.916082519078439,6.154688228209996,0.0,6.154688228209996,0.0,6.90875477931522,6.575666589364696
6.943946036259447,4.248495242049359,4.248495242049359,0.0,7.046091768490615,7.0909098220799835,7.3029253243239145
7.444654389395361,1.0986122886681098,1.0986122886681098,0.0,8.565468260851913,7.824445930877619,8.450894135419562
7.917708909182624,6.272877006546167,6.272877006546167,0.0,8.033954771257228,8.699681400989514,6.819230298162865
8.47338943962288,8.674195230822733,7.865187954187467,8.085175667355065,8.161816577710503,8.517393171418904,9.105779127704754
5.268928781618704,7.569772924345162,7.569772924345162,0.0,0.0,7.601402334583733,7.650550763975241
8.436836387269567,5.0701612734102826,0.0,5.0701612734102826,8.592782914762813,8.699681400989514,6.629689618932693
7.166465822888414,0.0,0.0,0.0,4.54160820121697,7.313886831633462,5.736206075589432
8.15002779747196,0.0,0.0,0.0,5.303928897416819,8.412054873292933,8.650006101969321
8.967476657743013,8.688115017484318,8.259403846029425,7.63491733812936,0.0,9.350189267092581,9.4330661512358
2.2255111574855877,4.53753353727228,0.0,4.53753353727228,0.0,5.707110264748875,4.852673611614602
8.153629607182781,5.784378875167409,5.683579767338681,3.471345141564237,0.0,9.15915233520675,6.858287638127191
7.98258021424744,8.65673945836121,8.299725999050224,7.454135287741958,0.0,8.987321812850125,8.49743207862232
8.141567226735791,8.376336750295788,8.354408344212542,4.55597994179732,0.0,9.305741456739435,8.269977572015334
6.818400171783135,0.0,0.0,0.0,7.926555993763238,8.006700845440367,5.955343607688173
7.141756237156409,5.801816214927566,5.552959584921617,4.302712827954156,0.0,7.496097345175956,6.809991972421279
8.34222887245252,4.510969390589264,4.510969390589264,0.0,7.498773891621187,8.987321812850125,6.850598781140353
6.958909169253386,8.244449648110544,7.907106928379347,6.9947766559217674,0.0,7.313886831633462,8.247783362749045
3.8182693795649385,6.319256360487639,6.2166061010848646,4.010238052925101,5.68332381281641,7.0909098220799835,0.0
4.932858477906121,0.0,0.0,0.0,7.5690017011508255,8.006700845440367,7.820142555477481
7.844250623227997,0.0,0.0,0.0,8.506730339378523,9.210440366976517,5.589016331100946
7.947949238803551,3.043569602968151,3.043569602968151,0.0,0.0,8.612685172875459,6.387250267387935
7.2817088879966,5.332187251055652,5.332187251055652,0.0,0.0,7.3783837129967145,6.219904438021337
7.936438253552032,3.822098297900159,0.0,3.822098297900159,8.469454897886862,9.105090961257085,8.96470003612874
7.255505187214949,4.595927604621159,4.24017501043364,3.422958873443668,0.0,7.313886831633462,6.2619409955793595
4.931853719193718,7.357715626976852,4.11414718951828,7.31857270451691,0.0,8.853808274977197,7.341470768026103
6.1816695622085795,8.35265104011426,8.35265104011426,0.0,0.0,8.699681400989514,8.758008004122296
5.678501401039931,6.550951755348819,4.330733340286331,6.437607639367406,4.382152101802552,8.517393171418904,6.530438904678844
8.508471373701687,0.0,0.0,0.0,8.155514215309067,8.77971129020447,7.133914399693079
6.776924794476394,8.42026810835729,8.363134840659853,5.5334290136381,0.0,7.824445930877619,7.897312633060099
8.086908992174628,5.514677965565414,0.0,5.514677965565414,6.714307156497965,8.294299608857235,6.925094624890283
2.2025532436316015,4.034240638152395,0.0,4.034240638152395,0.0,7.0909098220799835,5.767832576536503
6.6719996537676645,8.42853464039819,8.330976859824155,6.055190237988527,7.865533708994716,9.15915233520675,8.536782213547516
7.219297128532581,0.009950330853168083,0.009950330853168083,0.0,8.62489835306217,8.006700845440367,8.299892629543477
3.2715456913454863,5.87538006808718,0.0,5.87538006808718,0.0,7.824445930877619,5.882699835410843
8.002166223015436,8.543461147866477,8.448023161380494,6.148980984982965,0.0,9.210440366976517,9.34622229506326
7.237478813541237,6.570700872933183,6.570700872933183,0.0,0.0,8.412054873292933,6.6873400648688
9.063920663993,6.880476575339008,3.784189633918261,6.8352813556585295,7.86002110961987,9.259225769705994,7.613952082623479
8.94893184155937,6.513452638080084,6.354856878794239,4.603869340255043,8.712424673851762,9.392745258631441,7.553899857481089
7.600572213016701,7.713784616598755,7.065613363597717,6.974478911025045,0.0,8.77971129020447,7.593901567385161
7.625387187599133,8.043162263478724,7.421829619947181,7.273335453391386,0.0,8.699681400989514,7.408231758619516
6.140987829168228,0.0,0.0,0.0,7.063033361052591,8.922791623969637,6.83904963624106
7.012936390447994,8.055475141757274,7.796057974316123,6.580639137284949,0.0,7.824445930877619,7.899514247944324
6.979540736900715,4.060443010546419,0.0,4.060443010546419,0.0,7.0909098220799835,5.691619184179768
8.127844773819021,6.33146626207184,6.059637082211031,4.903495418538352,7.605468784990906,9.220389707829185,6.946976027712341
7.427835666998448,7.038651953783903,0.0,7.038651953783903,8.305330148994805,8.412054873292933,8.233301338731343
9.268651005644731,8.301581206517374,7.9818801839989755,7.0065231105766115,0.0,9.433563920090563,7.7597468492299475
6.735187261401919,0.0,0.0,0.0,7.507411969996733,8.77971129020447,6.693071207655999
8.9237122238177,6.144957868065091,6.144957868065091,0.0,7.384303741505521,9.392745258631441,7.480516928204681
5.450965729891355,0.0,0.0,0.0,7.269016646880591,7.313886831633462,7.8070210845502865
8.479052191898347,8.499519935399006,8.295750692491707,6.809701338506749,9.271511438346947,8.699681400989514,9.218346974418557
6.889691397031782,5.198497031265826,0.0,5.198497031265826,0.0,6.90875477931522,5.803989831569211
4.797611803454716,7.207178157636938,5.444277451991571,7.019877880119085,0.0,9.392745258631441,7.08774851567462
7.863105431771911,8.469705278948865,7.613621231949857,7.916993401471428,8.19501357261578,8.699681400989514,8.236339296476853
5.108230757619146,0.0,0.0,0.0,6.154859261743974,9.15915233520675,6.530000651457851
6.454445185282504,0.0,0.0,0.0,7.0714559464524624,7.0909098220799835,4.396800942605558
7.034958901681858,4.9706462858798925,4.9706462858798925,0.0,0.0,7.0909098220799835,5.6732109309651095
3.3078170019286253,5.589904305077029,0.0,5.589904305077029,0.0,7.601402334583733,6.170848719007901
7.4714075590252325,0.0,0.0,0.0,6.862572427230723,8.699681400989514,6.988788086806252
8.07574757454617,0.0,0.0,0.0,9.621303378903127,9.350189267092581,9.928237394220591
3.7597252378981434,6.577750085883833,4.819151895509915,6.39034133313929,0.0,9.472781556562168,6.445420201488746
7.205864671974762,6.481776190626265,6.3434585525281735,4.446994751022215,0.0,8.699681400989514,5.956213324691543
5.800268596103383,4.301900590194597,4.301900590194597,0.0,0.0,8.006700845440367,6.1499078426062725
7.8394833925516325,0.0,0.0,0.0,5.873091996471783,8.006700845440367,6.435396225100504
8.098105299308283,0.0,0.0,0.0,8.06825634631889,9.04793908261736,7.201148287948106
4.443444130318068,6.7490643076126595,5.586948988035406,6.375603868501394,0.0,9.825580063659602,6.468538520893505
7.451376857036192,0.0,0.0,0.0,5.91419726188392,7.496097345175956,6.572299848837962
5.45101887826681,7.745526475899329,7.415482106434376,6.478048706500939,0.0,8.006700845440367,7.535114478154051
6.0667635225927246,6.791052909195995,5.6334673007411755,6.41545695983003,0.0,8.160803920954665,7.0347018515620565
7.57931895293127,0.0,0.0,0.0,5.357054669674925,7.650168700845001,6.454865710781044
6.821326265113455,7.511316862999618,7.251217315648569,6.039778407386533,0.0,7.0909098220799835,7.45715152136651
6.551918163966712,6.680992686832539,6.680992686832539,0.0,0.0,8.699681400989514,6.695385010644671
8.407224891540443,7.8090947964030795,7.8090947964030795,0.0,5.317218445414669,8.517393171418904,6.949689191732132
6.609115028409709,7.628580854148135,5.713897808397294,7.46969978192623,0.0,8.922791623969637,7.397663396757589
4.8038913969850885,7.023910323513135,6.689313158601497,5.769570215194204,0.0,8.699681400989514,7.03802567445537
7.298514657952371,0.0,0.0,0.0,6.868929026019204,7.496097345175956,5.826057931667296
7.172271639874132,0.0,0.0,0.0,7.229734695198576,8.412054873292933,6.918105143872338
7.109196243619895,0.0,0.0,0.0,7.782672279990861,8.006700845440367,5.956588506979521
8.308952852489199,0.0,0.0,0.0,8.373167444030086,8.77971129020447,7.028638589150491
7.082267670964976,0.0,0.0,0.0,7.283369218767293,7.313886831633462,7.413226154438924
7.107719575821702,6.344407535957036,0.0,6.344407535957036,0.0,8.006700845440367,6.805814042033546
7.063787206153437,4.5612182984589085,4.5612182984589085,0.0,5.24077830791911,7.0909098220799835,5.863206181891973
7.827801345950536,6.775423166933097,6.2361738763367525,5.903043085507079,0.0,7.8636512654486515,7.1405425874279205
5.344067371255138,7.720359648576877,5.476463551931511,7.608756535381221,0.0,9.210440366976517,7.610552721121543
3.541785214779704,6.170656210893009,5.270432163058501,5.652489180268651,0.0,8.006700845440367,6.384971178470363
6.17344221561247,6.967899785561695,6.948887625338279,3.044522437723423,0.0,7.170888478512505,7.0594374642965025
4.89582632651185,6.607973634378529,0.0,6.607973634378529,0.0,9.15915233520675,7.063350508944271
5.748233090559711,8.260309282330462,6.695947237331673,8.025898916323642,0.0,8.922791623969637,8.213352143913774
7.712770208558304,4.430816798843313,3.6635616461296463,3.828641396489095,6.178763135407497,7.824445930877619,6.34447207629478
8.856937633813633,0.0,0.0,0.0,8.076617230066741,8.922791623969637,7.991737259041508
5.73705768288644,8.057966481997926,7.072438863921906,7.5912762761474495,0.0,8.853808274977197,8.099347972301493
5.614032379891271,4.110873864173311,4.110873864173311,0.0,0.0,7.741099090035366,4.723485542158988
3.474958586556203,4.442651256490317,0.0,4.442651256490317,0.0,6.90875477931522,4.529069182913183
5.928399212298365,5.634789603169249,0.0,5.634789603169249,0.0,7.244941546337007,6.0574013916979625
4.995567042735076,7.418150810271617,4.176999240344289,7.378870789858329,0.0,8.294299608857235,7.285842716823405
6.049080173493676,5.846034068897776,5.846034068897776,0.0,0.0,9.04793908261736,7.313619150240374
7.360347075752802,7.523081448738014,7.388797755343089,5.453182077108952,0.0,8.853808274977197,7.32902545438788
7.90018244320714,0.0,0.0,0.0,4.944464344382995,8.006700845440367,6.53095599783271
8.277280516741795,7.4236341137446695,6.476972362889683,6.933530232459502,0.0,9.350189267092581,7.062292567209593
5.858180118271107,7.852026869770702,7.852026869770702,0.0,5.233326065587817,8.517393171418904,8.120849487726336
2.5864002485504107,5.037666633147286,5.037666633147286,0.0,0.0,9.105090961257085,0.0
8.77366919930756,8.826950307269863,8.826950307269863,0.0,0.0,9.472781556562168,7.559464510777621
4.9448472174781966,6.7381880389879445,0.0,6.7381880389879445,0.0,7.696667081526462,7.180355892801546
7.48349198834994,4.375379591952088,0.0,4.375379591952088,5.8085562482145425,9.04793908261736,8.242879046870593
6.692729717442715,8.29910683092879,8.29910683092879,0.0,0.0,8.412054873292933,8.224085469378087
6.572226480982719,6.298875714740758,6.118009088432938,4.51085950651685,5.596237827370336,7.824445930877619,5.2806127761324975
7.487409726299952,0.0,0.0,0.0,8.274975799711147,8.006700845440367,7.939302620094492
7.27425725894582,0.0,0.0,0.0,6.81979168222968,8.77971129020447,6.3442543571785155
5.425083841125739,6.077825712756026,6.077825712756026,0.0,0.0,8.922791623969637,8.24197034189439
2.641668987694016,5.288267030694535,0.0,5.288267030694535,0.0,6.90875477931522,5.419809151837965
8.348743246757273,7.830322273847776,7.3769273125480135,6.822273640436711,8.144896939417903,8.612685172875459,6.87309692203606
8.530815383421716,6.573233139684538,6.000622484892747,5.746203190540153,6.590239583395676,8.517393171418904,7.408602470370115
4.155577171725579,6.688479239194416,6.688479239194416,0.0,0.0,9.472781556562168,6.5670103234843
8.067610144375564,0.0,0.0,0.0,7.423420576610867,8.412054873292933,6.573848211499589
7.915136554322189,0.0,0.0,0.0,5.55353242469355,8.006700845440367,6.851810654437123
7.315834315135114,7.877359263753308,7.658189753965461,6.253790349297348,0.0,8.412054873292933,6.858956205123014
6.858630087297254,7.438895163843293,7.141276792474482,6.08411209434119,0.0,7.496097345175956,7.648320972952384
9.29707330945513,6.070576052116096,4.901564199041894,5.701880667366605,10.760839241107877,9.883335864325275,10.572587850989391
4.2371219535577165,6.660575149839686,6.660575149839686,0.0,0.0,8.071218539969863,5.284085197997807
7.168698260058576,6.73356854461668,6.042347757422552,6.040873567365525,0.0,8.699681400989514,5.89533292226004
4.804219844643376,7.523605562012509,0.0,7.523605562012509,0.0,9.546884034617925,7.510913378497964
6.912448741435273,3.9318256327243257,3.9318256327243257,0.0,6.128288813517938,8.160803920954665,8.12859566049678
6.998783986349977,7.585209974028977,6.327383059023391,7.251465543480439,0.0,9.350189267092581,7.254264566175745
7.29176667037585,7.181029048573025,0.0,7.181029048573025,0.0,9.350189267092581,7.030192751256716
7.408698191026734,0.0,0.0,0.0,5.539515355219368,7.496097345175956,6.354775737621699
7.88661533477206,0.0,0.0,0.0,5.948746054851379,8.517393171418904,6.742169302665793
3.8111943387462337,6.22455842927536,0.0,6.22455842927536,0.0,7.824445930877619,6.708868659997582
5.942190158095621,6.203547151062767,6.203547151062767,0.0,0.0,8.294299608857235,8.104416403002604
2.0876714578243782,4.8990331175149535,0.0,4.8990331175149535,0.0,9.680406499268875,0.0
6.95865309192721,0.0,0.0,0.0,8.21639997377799,7.3783837129967145,8.090853957374206
6.106893286916813,7.553915668317746,0.0,7.553915668317746,0.0,9.15915233520675,7.6558251053587485
6.994417679753315,0.0,0.0,0.0,4.34415852833542,7.0909098220799835,5.921318206166561
7.267753406723865,0.0,0.0,0.0,8.23539117483552,8.517393171418904,4.940609911181361
4.584971305193863,6.315520736923973,4.564348191467836,6.12706567135952,0.0,9.392745258631441,6.400973016469226
1.7945502380742167,5.652945216619142,0.0,5.652945216619142,0.0,8.294299608857235,5.619421687202939
5.480484678113474,7.7847395340254115,6.288248818573554,7.531782794302857,0.0,9.04793908261736,7.612387543247469
0.0,5.165471453214607,0.0,5.165471453214607,0.0,8.294299608857235,0.0
8.423189498665904,6.3080984415095305,6.3080984415095305,0.0,6.494545289054213,8.517393171418904,7.056108160295934
7.604104510999089,0.0,0.0,0.0,6.237578489327601,7.650168700845001,6.61625996803556
7.8223542314041055,5.5254529391317835,5.5254529391317835,0.0,7.939283668986112,8.006700845440367,6.7633391291669644
8.439207097861342,6.785519846099466,6.609942059330898,4.966335035199676,0.0,8.699681400989514,7.934349460463091
7.5739969585066165,7.409451354960362,0.0,7.409451354960362,6.933846043458574,7.824445930877619,7.558545264287319
7.863190678041229,0.0,0.0,0.0,5.230624708345897,8.006700845440367,6.652645332110635
8.035198911183096,6.924523896557374,5.684973353669147,6.5841005460715385,0.0,9.259225769705994,6.844955268159377
3.859913904676847,5.476421710051968,5.476421710051968,0.0,0.0,8.412054873292933,6.300396935581111
5.970114855725045,7.141237204662772,7.041402914850152,4.795790545596741,0.0,8.006700845440367,2.970236603599352
5.525692189393619,7.7861239740577055,7.688556130216954,5.41498867335173,0.0,9.210440366976517,7.652708165724283
8.62536261379928,0.0,0.0,0.0,7.917831014352125,8.699681400989514,7.467348480948213
7.6564731075209,0.0,0.0,0.0,8.049157275512183,8.160803920954665,7.5643701739667035
7.095223416049415,0.0,0.0,0.0,7.139006039485428,7.824445930877619,5.645037425128229
7.8583923585688815,0.0,0.0,0.0,5.549467335195088,8.006700845440367,6.491654618360055
7.342257688972874,5.081404364984463,5.081404364984463,0.0,7.99213185737778,8.006700845440367,6.5421498870328785
8.210252573676813,0.6931471805599453,0.6931471805599453,0.0,6.757278594427903,8.853808274977197,6.8522343893144075
5.318241883474197,6.298838946655453,0.0,6.298838946655453,0.0,8.294299608857235,6.863054932744216
8.68741477675601,0.0,0.0,0.0,9.169238828177335,9.472781556562168,7.378254282384832
7.299811434902447,6.866651994903683,0.0,6.866651994903683,0.0,7.313886831633462,7.080572553670056
6.280031338080891,4.100989104940769,4.100989104940769,0.0,7.913951328856303,9.210440366976517,7.315839776825021
3.6115549259243926,5.616043560348194,5.616043560348194,0.0,0.0,8.612685172875459,5.167785755789782
8.034507247232161,0.0,0.0,0.0,7.827110729803937,8.294299608857235,6.912408568617341
3.9810880849746995,5.6476353140332,3.544431549748063,5.521460917862246,0.0,8.699681400989514,5.965820375616506
7.062620467487264,4.314817884980432,0.0,4.314817884980432,6.390301718892924,7.601402334583733,6.245305357230436
7.485906630202413,7.736708762594568,7.368592020403056,6.5603515102872425,0.0,9.259225769705994,7.633637448764965
7.966917683786031,8.186689905114122,7.8052953100913465,7.03900281559181,6.3190972405443455,9.254452946594503,9.040710944462566
8.311192532210912,8.128133771061986,7.569994697863734,7.279553290686455,0.0,9.04793908261736,7.18043681306545
8.600267639762302,6.677209397901166,6.677209397901166,0.0,8.739700333705176,9.210440366976517,7.141173451532001
3.237252887510156,5.542713473895698,0.0,5.542713473895698,0.0,8.294299608857235,5.3330721897506725
5.318105028045955,7.75783355613999,7.75783355613999,0.0,7.580981895071587,8.922791623969637,8.786621334000653
3.398670057333484,5.785669634128385,0.0,5.785669634128385,0.0,8.006700845440367,5.772120786187741
8.95740889490489,4.51085950651685,4.51085950651685,0.0,8.302283544033976,9.319284458965361,7.3575027434866325
7.107355740311629,0.0,0.0,0.0,6.094410335406959,7.313886831633462,6.294158569274752
9.129900934732543,7.704784883360178,6.8991786042312775,7.113532911812433,8.170227164468505,9.259225769705994,8.031422307185066
6.537702165056824,3.164630810015805,0.0,3.164630810015805,0.0,9.350189267092581,6.810244688549028
8.333063040421335,2.2407096892759584,2.2407096892759584,0.0,0.0,8.922791623969637,6.909928326203857
8.698980186690973,0.0,0.0,0.0,8.147607192786735,8.77971129020447,7.533413149639682
4.884773568523555,7.0129347782574865,7.0129347782574865,0.0,0.0,9.15915233520675,7.6678529484515865
5.669806006381238,7.846554777174673,6.545191601866827,7.529417198917887,0.0,8.517393171418904,9.394425380474791
5.8072007644138015,7.7364904858449774,7.113207253164946,6.969170176683603,0.0,9.15915233520675,7.689541031764519
7.316770230932533,6.338594078203183,6.338594078203183,0.0,0.0,7.696667081526462,7.828960106486169
7.565260755368551,7.631698360339236,5.914988388397368,7.4342573821331355,0.0,9.04793908261736,7.697093469483435
5.972244718851445,0.0,0.0,0.0,0.0,8.294299608857235,5.266761398046969
6.530379706407544,5.224024761966182,0.0,5.224024761966182,0.0,7.972810784121404,7.950926774795627
1.8116673197462474,4.03512520256213,0.0,4.03512520256213,0.0,8.699681400989514,0.0
7.430126434452991,0.0,0.0,0.0,5.499681907607286,7.496097345175956,6.3289300741814305
5.752188850902755,7.91857042748412,7.682943169878292,6.359297013742592,0.0,7.824445930877619,7.849159707851351
6.431290749397106,7.1069257587742,6.14287576374435,6.628041376179533,8.406116301713455,7.601402334583733,8.32269003870119
7.231090577656552,0.0,0.0,0.0,4.849191206356908,7.313886831633462,5.6375815449273
3.721911683038065,5.767664530367487,5.767664530367487,0.0,0.0,8.699681400989514,6.4050576450960355
5.002860797531237,0.0,0.0,0.0,4.2473459532985505,6.398594934535208,3.9397684752553883
4.250520603904347,6.773011723413441,4.929425238670713,6.602099306093463,0.0,9.210440366976517,6.582094923161448
0.5143308731948824,5.9649665558017535,0.0,5.9649665558017535,0.0,9.392745258631441,5.9374678571003185
8.450630499292805,7.495353037153614,7.219070866793395,6.076357014125945,7.359198411692768,9.105090961257085,7.05426302327387
3.5357102091885175,5.636787605831922,0.0,5.636787605831922,0.0,8.006700845440367,5.854818861531982
7.466976922395669,0.0,0.0,0.0,5.063560718501355,7.601402334583733,6.29053793212072
6.838056299688305,7.791072304461086,7.742796909115306,4.74493212836325,8.163307364557483,8.987321812850125,8.151735023649895
7.297681180566143,6.718735338020089,6.500102780278537,5.097179895496441,0.0,7.313886831633462,7.07633881397809
6.9011578527468025,0.0,0.0,0.0,3.829211407914754,6.90875477931522,5.090068505295316
4.6694864886869745,6.821608982248115,6.270572466339624,5.9653258894982875,0.0,9.259225769705994,7.716264695871211
7.0542889673299465,5.530935888224764,4.627714150422986,5.017941869278694,6.229704035235578,8.922791623969637,7.956573656345164
8.24249202815409,0.0,0.0,0.0,9.757278342927545,9.392745258631441,9.673174452570082
4.686309486030532,7.087866060478927,6.853077315691361,5.527681529675303,0.0,8.612685172875459,7.376991135440762
8.338596765538723,7.2754008251993,7.2754008251993,0.0,0.0,8.699681400989514,6.935516345877045
5.099551439196099,5.993961427306569,5.993961427306569,0.0,0.0,8.294299608857235,4.928743372123842
7.7762531965281205,6.803039000203605,6.026542073720678,6.18887994984946,6.112027563922393,7.824445930877619,6.746631670864681
4.037898647435584,7.11150395985604,0.0,7.11150395985604,0.0,8.922791623969637,7.0311748916937935
6.80626651175711,0.0,0.0,0.0,8.278264359531585,7.496097345175956,8.198248591516332
7.3779507498250965,4.732419386903555,4.732419386903555,0.0,4.270593244160469,7.496097345175956,6.391168709455128
6.878658821912589,0.0,0.0,0.0,7.618592479402831,7.601402334583733,7.225954232192991
8.668521191113303,7.127958511793526,7.127958511793526,0.0,7.900434665617998,8.853808274977197,7.161424405450673
7.461282348233422,4.950177325059141,4.950177325059141,0.0,0.0,8.77971129020447,6.0724171253391175
3.105122230099957,8.194005522876427,7.939440418232416,6.702451645796258,0.0,9.61587214452889,8.180768174720146
6.139704249334735,5.605691766095507,4.683519152399068,5.104853969335237,0.0,9.210440366976517,7.165897861600888
7.156392161055613,6.675999750819363,6.557601880605045,4.494908791730554,0.0,7.313886831633462,5.987428144283598
6.451745845412844,6.120099597187713,5.768039706235574,4.912654885736052,6.834043705482856,8.699681400989514,5.861890963443232
7.809787024986092,6.484635235635252,5.707110264748875,5.872117789475416,0.0,7.783640596221253,7.048154440898489
7.120957964006389,6.293419278846481,6.293419278846481,0.0,0.0,8.294299608857235,7.667340359467176
7.3553121543078825,7.5554499691374115,7.524593605685588,4.078723181319144,0.0,9.472781556562168,8.545513194429759
8.836124624562443,6.53519772870141,6.298894098276464,4.983606621708336,8.133854285482688,8.922791623969637,7.766394147337132
6.395967681000616,8.671898574510045,8.287956112213468,7.52933663799902,0.0,9.105090961257085,8.713487789644102
6.863192925114493,6.966967138613983,6.966967138613983,0.0,0.0,7.650168700845001,5.247584167909153
6.743106902644458,9.350832482496298,8.68368681135608,8.631168096449718,0.0,9.259225769705994,9.251047191864094
3.8105376604769297,5.673323267171493,0.0,5.673323267171493,0.0,8.699681400989514,5.79190298577355
8.964610062399986,4.394449154672439,4.394449154672439,0.0,7.046552868692612,9.61587214452889,7.582890810306809
6.844044955594112,3.8426729272933526,3.8426729272933526,0.0,3.0442984602613916,6.90875477931522,5.819517916162496
6.655769338716088,8.831015121376993,8.504944481311865,7.552289779621389,0.0,8.160803920954665,8.628677883147345
6.705433682087377,5.357623472445444,4.430816798843313,4.86151637813002,8.075828211492427,8.160803920954665,7.418099049275387
8.505251376935266,6.156003934106138,4.944353031302275,5.805616780537469,9.077293794723978,9.210440366976517,9.369296549453392
6.960911829928564,7.280008252884188,7.280008252884188,0.0,0.0,7.313886831633462,5.9866794065624855
7.538188911061763,5.1420728294642,4.7808027546312495,3.9678360702473587,0.0,8.699681400989514,5.520732692770707
2.2953803006982203,4.67077064307204,4.67077064307204,0.0,0.0,8.160803920954665,5.299172980406082
7.668990787185907,5.804803588714929,4.282206299391671,5.562564472740664,7.882679795046409,8.699681400989514,6.55678619135462
4.9338220372394925,6.800637664975197,6.529594005401318,5.367376902479531,0.0,8.853808274977197,6.873352840159292
7.17207860630917,0.0,0.0,0.0,4.299752903659212,7.313886831633462,5.762716639435311
5.663448395807955,5.761359319460221,0.0,5.761359319460221,0.0,8.412054873292933,7.177634541140082
3.3185868883804694,6.058725920416785,6.058725920416785,0.0,0.0,8.699681400989514,5.280615829714573
8.837668897764392,8.375956762519914,8.191233107994478,6.59748670785756,8.85792790661173,9.350189267092581,9.718195705594777
6.60851648007438,7.422582884127426,7.360326594517573,4.624972813284271,5.742383932007616,8.612685172875459,7.2711165414887695
7.908580624765567,6.107178777595254,6.107178777595254,0.0,8.153569833636588,8.006700845440367,8.17151285353611
2.375407024265862,5.395307951861665,5.395307951861665,0.0,0.0,8.699681400989514,5.383809470025906
7.432672952158397,6.5873158276255,0.0,6.5873158276255,0.0,7.313886831633462,7.2882700958369675
4.143987997173092,3.4210000089583352,3.4210000089583352,0.0,6.732925969080279,8.699681400989514,7.363304371056671
7.257337246332094,4.980107355727298,4.980107355727298,0.0,0.0,7.313886831633462,5.8565156073810005
7.386670049558124,5.53338948872752,5.53338948872752,0.0,0.0,7.496097345175956,6.726851563775589
5.974303136376437,6.670943744902507,6.670943744902507,0.0,0.0,9.105090961257085,6.949575542106445
6.84272738372058,7.040746525754151,6.907835275782308,4.963962885897825,0.0,7.0909098220799835,7.1123143036302725
6.270538016636969,7.902328400848612,7.572384665263677,6.634370511231181,0.0,8.006700845440367,7.572060662415924
7.158048629918733,7.160333352970845,0.0,7.160333352970845,0.0,7.650168700845001,7.2941814349999685
8.586144933017367,7.812086783521114,6.810120399155368,7.355193718567724,8.672602520240988,8.987321812850125,7.113026044968695
2.787269061814706,5.090678001769792,5.090678001769792,0.0,0.0,8.006700845440367,6.817543212883979
5.036972959349282,4.576770711466393,0.0,4.576770711466393,0.0,9.105090961257085,5.790475233948158
5.518258246781862,7.753675047379479,7.357696497190819,6.637126961096183,0.0,8.612685172875459,6.700850751836881
7.291601200849541,0.0,0.0,0.0,3.6556136571999143,7.313886831633462,5.782723606587137
7.483275970694108,6.988523876979687,0.0,6.988523876979687,0.0,8.294299608857235,5.951244577063788
6.165777592039023,7.0530670101421915,7.0530670101421915,0.0,0.0,7.601402334583733,7.143597196492757
7.019907731727336,3.8426729272933526,3.8426729272933526,0.0,0.0,7.0909098220799835,5.664977281829057
8.838178214582888,8.389375728870712,8.217743484481561,6.543825510902811,7.517028227653833,9.319284458965361,7.515072920997105
2.7526053786153892,4.225957449023992,4.225957449023992,0.0,0.0,8.294299608857235,4.41884955956376
7.297750044721199,5.20746224820395,5.20746224820395,0.0,7.720349873352395,7.496097345175956,7.85920448929513
6.89526066234718,0.0,0.0,0.0,7.208715648114096,7.313886831633462,5.624844247375134
6.863190999172385,0.0,0.0,0.0,7.044253397395556,7.0909098220799835,7.2468381926755985
6.106595183817809,7.374183775048419,5.371567828287629,7.229903993415993,0.0,8.853808274977197,7.4156268684820414
8.103319932270079,0.0,0.0,0.0,7.147785753801543,8.853808274977197,6.93447129481809
7.035822265521905,5.990564141864818,0.0,5.990564141864818,0.0,7.313886831633462,5.900721293502805
6.839637797800693,0.0,0.0,0.0,7.226764753101465,7.313886831633462,5.890896448895329
6.962593654836271,0.0,0.0,0.0,8.23685603146628,8.699681400989514,7.981210674581705
8.682451973996288,0.0,0.0,0.0,8.107565646675862,8.922791623969637,7.257686707243206
0.0,5.176319209737187,5.176319209737187,0.0,0.0,8.853808274977197,0.0
3.1080654188325685,5.74652262833236,0.0,5.74652262833236,0.0,7.601402334583733,6.210855397841174
8.501274403366816,7.354637404549291,5.522420457356946,7.1809757852429135,0.0,9.472781556562168,7.524559557638528
8.31208407909384,7.451624886817799,6.313855969878249,7.066031721846544,0.0,9.210440366976517,6.972507781599038
7.038375073766473,9.06720645086538,8.719546107515146,7.842270923626953,0.0,9.15915233520675,9.01406764520091
7.055896115826229,6.9447427310324175,5.017279836814924,6.788611317686412,7.4904060739647695,7.438971592395862,7.934178962384135
7.647234679726331,0.0,0.0,0.0,7.176940913376033,8.006700845440367,6.156643774747662
5.70533028284951,7.272738612466471,6.386879319362645,6.742279039774962,0.0,8.699681400989514,7.18897485944301
3.1323608337496265,5.254626677923303,5.254626677923303,0.0,3.9159446058915037,9.04793908261736,5.053756071589153
6.4895442886307295,7.050044459980457,6.424625882517474,6.2861098201109025,6.095122505236923,6.90875477931522,6.450827124710983
4.3220382791471135,6.586888639139312,5.303304908059076,6.2643882485842175,0.0,8.294299608857235,6.27356114416876
7.8882221253325016,6.5743922039049565,4.700480365792417,6.409368635984574,6.2057160046785675,8.160803920954665,6.823289421588547
6.804040894373522,0.0,0.0,0.0,4.356867301311313,6.90875477931522,5.291449979934845
7.045081642088464,0.0,0.0,0.0,4.089287949075671,7.0909098220799835,5.674461471404902
2.372533641010009,5.07104028395222,0.0,5.07104028395222,0.0,8.699681400989514,5.21044478610187
8.019155034380978,5.161810121893374,5.161810121893374,0.0,5.949554604215627,8.006700845440367,6.7687850633086635
3.265157741250625,0.0,0.0,0.0,6.25486430987739,8.699681400989514,7.679034498588756
7.004828514598881,4.773392818402544,4.773392818402544,0.0,8.62600596694165,7.313886831633462,8.298724375978066
4.175589178083759,6.956545443151569,0.0,6.956545443151569,0.0,8.517393171418904,6.9782339726217835
0.7224268176249254,3.215269329274089,3.215269329274089,0.0,0.0,9.648659816955295,3.49182674472877
6.999460378285689,7.032941951071096,5.936057539836243,6.62793555047437,0.0,7.824445930877619,6.020958352091619
5.462561871883108,4.418840607796598,4.418840607796598,0.0,0.0,8.343077871169383,5.862988878460356
8.875894457417044,0.0,0.0,0.0,7.826875597796616,9.798182590890704,8.14576232812963
7.270106398512804,6.5007039134326,3.8437441646748516,6.429574306211895,6.853021026017899,8.922791623969637,6.119620719711987
5.786971277409334,7.719849262203321,7.583272969272256,5.664937690832634,4.955980947168104,9.15915233520675,7.722750864818231
8.38850428381242,7.830147359714268,6.893767910246199,7.333147189682946,0.0,8.517393171418904,7.647792908489901
3.272595495223338,5.19295685089021,0.0,5.19295685089021,0.0,8.294299608857235,5.735905565585453
5.99570486922162,8.0420596265219,0.0,8.0420596265219,0.0,9.259225769705994,8.060829092225388
8.021344726634151,4.546587228555794,4.546587228555794,0.0,6.672915017080982,8.160803920954665,6.509841570650936
6.079717782880026,7.964882158674833,7.35374793826637,7.183149666094759,5.327562634205857,8.160803920954665,7.998427985080455
8.567659532492131,7.754773100162022,6.993051853204218,7.126601610458464,9.239134390583127,9.770013301136158,7.841505978227013
8.258743155072954,2.5185025992165158,2.5185025992165158,0.0,0.0,9.210440366976517,8.893103765723081
7.323666199792524,8.262171901204004,7.879722883311146,7.116686309201291,7.744101834128423,9.04793908261736,8.22441790092185
8.781146139718553,6.290661320207592,6.290661320207592,0.0,8.886418820196853,9.392745258631441,7.212993864721232
8.113685179445463,6.654152520183219,5.902633333401366,6.018593214496234,0.0,9.04793908261736,6.826272180860836
8.09650027380302,5.989161898045307,0.0,5.989161898045307,8.809132025289992,8.987321812850125,8.998851354600147
8.688347257932266,0.0,0.0,0.0,8.35568812167128,8.699681400989514,7.885403146624744
6.903111816779023,0.0,0.0,0.0,8.308824745661498,9.210440366976517,5.130490539760201
8.687125080778234,7.475843644479066,5.558486916698693,7.317517806608165,0.0,8.77971129020447,7.847309814697615
5.097103712599489,6.007854495087583,0.0,6.007854495087583,0.0,7.696667081526462,6.4194650451129105
6.976801921690057,6.708865219468632,0.0,6.708865219468632,0.0,6.90875477931522,6.88533772171472
8.308990400250844,0.0,0.0,0.0,8.417441972419475,8.517393171418904,8.085663937498367
9.030887959608073,6.891869769751914,6.891869769751914,0.0,7.7537012315250236,9.546884034617925,8.151660839052695
6.835308316126841,6.41789174079966,6.384705240593424,3.044522437723423,0.0,7.0909098220799835,6.928075071544912
7.678035214175345,6.442906341456171,6.203506705351018,4.903421209789107,6.962772345217351,7.824445930877619,6.938646408814957
8.417262132435324,0.0,0.0,0.0,6.874505995223134,9.15915233520675,7.2071324031879005
6.626324931708965,0.0,0.0,0.0,6.802779147217134,7.0909098220799835,6.972293552932178
8.237376054978347,6.779114763637471,6.449316518106304,5.513509388074627,0.0,9.04793908261736,6.785299447550829
6.854836612814297,7.489317053839826,4.846075066880943,7.41613190640309,6.1311431403575245,8.294299608857235,6.3544671699932005
6.409061239069727,5.706777983635999,5.706777983635999,0.0,0.0,8.343077871169383,6.221866174744926
4.309180608239305,6.775799786831067,0.0,6.775799786831067,0.0,8.77971129020447,6.536034719575332
6.248995534703494,5.942799375126701,5.942799375126701,0.0,6.913021381691403,7.0909098220799835,6.032904327559206
6.8102605996952885,7.7643214838329735,5.379298095680316,7.668182531692025,0.0,8.294299608857235,7.710348944297246
7.705741544328458,7.83641717151129,7.83641717151129,0.0,5.063288956763152,7.824445930877619,8.094619754378092
9.650743942604342,7.064545329746326,0.0,7.064545329746326,8.06590536379144,9.711176264112805,8.27071412044434
5.328476726282902,7.633892262367739,7.127934440832331,6.711472719331553,0.0,8.922791623969637,7.862773685563014
6.6710923969548475,9.117652550781989,8.722509986115503,7.9984059579795534,0.0,9.392745258631441,8.858936382830201
6.9794901271461205,6.716316284383281,5.937034760118698,6.104703942714493,7.10290706524244,7.496097345175956,6.283627766083456
7.231831921679783,0.0,0.0,0.0,6.475785186166487,7.783640596221253,8.043463362904765
6.0067535744988785,0.0,0.0,0.0,8.451120139247942,9.741027444837728,9.09912894708264
5.924054590007904,6.139237791397415,5.098035484377089,5.707110264748875,0.0,7.496097345175956,7.085385734747231
4.037447578912095,6.139863000269876,0.0,6.139863000269876,0.0,9.510519035757246,6.254419331415076
7.646762282547772,7.393293863521244,7.095686074540602,6.038586654176717,0.0,9.04793908261736,8.241649535531266
6.324202831914014,0.0,0.0,0.0,6.8806139478512,8.294299608857235,7.585314176618552
1.9630629100113468,5.459159891664867,5.459159891664867,0.0,0.0,9.259225769705994,3.526660509028103
3.0013584668049784,6.224954390476336,0.0,6.224954390476336,0.0,6.90875477931522,6.168291909251369
8.96245202014421,8.879852393908854,8.7826587956004,6.5021001528216855,0.0,9.350189267092581,7.719352869787829
8.57083035199209,5.786774674452019,0.0,5.786774674452019,7.239878996627485,8.612685172875459,6.844893519826487
7.543305840351251,0.0,0.0,0.0,4.547934099719953,7.601402334583733,6.022277996416646
5.031926296872054,6.853299093186078,6.285998094508865,6.018593214496234,0.0,8.77971129020447,6.691160134971033
7.085358700359471,0.0,0.0,0.0,7.268818952343911,7.313886831633462,5.105967419114328
7.841900284873718,0.0,0.0,0.0,4.688689001913834,8.853808274977197,6.9712698995498785
4.159885658737977,7.071513939695506,0.0,7.071513939695506,0.0,8.922791623969637,7.185394566309485
1.4563846302457302,5.423186348593906,0.0,5.423186348593906,0.0,8.294299608857235,5.596569295728976
5.214714706004967,6.743917833565335,0.0,6.743917833565335,0.0,8.517393171418904,6.631327492145402
8.533847940711716,7.5469160683383025,7.342707989386187,5.860786223465865,6.87905616698102,9.15915233520675,7.38275983646523
7.943925859640517,7.538782345033688,7.089985164907779,6.523048223958482,7.052691346369052,8.160803920954665,8.066526846073982
5.7725403940996385,7.841339610821285,6.5469001817924415,7.5216048908501945,0.0,8.922791623969637,8.05817866610413
7.938174050166169,0.0,0.0,0.0,8.884262493870688,9.210440366976517,6.5475583142891765
4.846465253244413,5.907212994660391,0.0,5.907212994660391,5.1720963592528015,8.006700845440367,6.522727814151878
8.98552314910478,4.822215178840431,4.822215178840431,0.0,8.981002179051789,9.581972891547895,9.152624419775897
6.989456301045833,6.6898728635893985,0.0,6.6898728635893985,6.805310830797104,6.90875477931522,6.765049549965707
8.616350824090574,0.0,0.0,0.0,8.735391970590385,8.853808274977197,8.679214833787263
4.705869355432408,5.181783550292085,5.181783550292085,0.0,0.0,7.576097340623111,5.1444143310543895
7.790601522573292,8.343346818575125,8.243600725967218,5.991264527105315,8.103970316599446,8.612685172875459,8.714880526973372
8.648721120547377,7.027917703867705,6.941770157569414,4.544145484150317,7.5132508913101255,8.853808274977197,7.232139941486301
7.9610405242995945,0.0,0.0,0.0,5.472084387413704,8.006700845440367,6.573315231664776
7.210302343205352,5.57610060682057,5.57610060682057,0.0,7.287408678695743,7.741099090035366,8.349764916898234
6.206716449109259,7.86760346060512,6.806386784593848,7.443488126454228,0.0,9.04793908261736,7.704752926600186
7.170837262750577,0.0,0.0,0.0,6.821511905184361,7.783640596221253,5.7172016402253565
8.013641272338782,0.0,0.0,0.0,8.136877407687297,8.294299608857235,7.067155940080534
6.413052449964335,8.602981821155044,8.15110839910879,7.591690156279541,0.0,9.15915233520675,8.634852823547607
8.43139396630995,4.953006181259619,4.953006181259619,0.0,6.861642246994354,8.612685172875459,7.049430962030384
8.29563461486565,9.11989693036657,7.602850560760098,8.872397454433745,0.0,9.259225769705994,8.183201550212637
6.283670714143624,8.021453205068287,8.021453205068287,0.0,6.5298115976185205,8.006700845440367,9.103705062224645
3.566359696004409,5.038120751031117,4.141546163706395,4.524827433305553,0.0,7.824445930877619,4.606023911460772
9.389810587557667,7.0701717032264275,6.940077250444261,4.973279507552487,7.728660103424703,9.546884034617925,7.989788699892894
7.348912552105061,6.259581464064923,0.0,6.259581464064923,0.0,6.90875477931522,6.160322793484513
2.4074870335223677,7.057605295629129,3.580737295494233,7.027101536614579,0.0,7.313886831633462,7.050572119097627
5.986459972589382,8.020625439396946,7.258461445154958,7.392653678338133,0.0,9.04793908261736,7.925119075477344
6.417648571741431,6.641182169740591,6.641182169740591,0.0,0.0,7.601402334583733,5.3252715710299565
8.484989282205671,7.375838315069006,7.375838315069006,0.0,8.380302046854933,8.699681400989514,6.809971372637677
0.0,5.752223371489691,0.0,5.752223371489691,0.0,8.699681400989514,0.0
7.07156664517368,6.792344427470809,5.993961427306569,6.19644412779452,0.0,8.006700845440367,6.463977004735289
3.8734333922893507,7.708437608968977,0.0,7.708437608968977,0.0,9.04793908261736,7.827475208033008
5.671705612394195,4.709530201312334,4.709530201312334,0.0,7.035173121131654,7.0909098220799835,6.5482321743101775
7.897311424528714,0.0,0.0,0.0,7.982645424377157,9.105090961257085,6.751606325101169
2.764538531226944,4.154184562578117,4.154184562578117,0.0,0.0,8.006700845440367,4.842456148304246
3.593493938971976,6.377305012079846,0.0,6.377305012079846,0.0,9.350189267092581,6.309985355976754
7.551536747226587,8.44838101788814,8.404194691592007,5.311973692995522,8.323958099652932,8.922791623969637,8.724936335196755
2.8918605380017754,6.118625692724661,0.0,6.118625692724661,0.0,7.601402334583733,6.079928407898777
5.440427558321812,6.545220341628289,3.6506582412937387,6.489827837582877,0.0,8.922791623969637,6.9247013036005916
5.234877969152601,6.767343125265392,0.0,6.767343125265392,0.0,8.294299608857235,6.429661758631469
7.142948142488694,7.766111766726074,7.683771937364377,5.233672173054505,4.976854928180732,7.824445930877619,7.070514256016197
5.082336104693219,7.403042809387332,6.880353249233798,6.505784060128229,0.0,8.853808274977197,7.365491060587242
9.461655551034585,6.654693610880642,6.4776183080683225,4.844187086458591,8.904274245209624,9.546884034617925,7.967742878466052
8.018192746807145,0.0,0.0,0.0,5.916466873903015,8.006700845440367,4.5292902818127265
7.839232978049675,0.0,0.0,0.0,6.32530200324155,7.919719760924575,6.839497754918129
7.773797744552424,6.756350824822904,6.756350824822904,0.0,5.879331306572061,8.853808274977197,6.6191263143694385
8.19594263705626,0.0,0.0,0.0,7.150858300978234,8.699681400989514,6.917989831816649
8.270015250747704,6.398594934535208,0.0,6.398594934535208,7.268355037549621,8.45553053102413,7.052643429437977
4.098726265191983,5.709366852950102,0.0,5.709366852950102,0.0,8.517393171418904,8.053140357016986
7.017114731224235,0.0,0.0,0.0,5.702645581971887,8.699681400989514,8.25421353261249
7.029723000835248,4.037597828336212,4.037597828336212,0.0,4.050978988322591,7.0909098220799835,5.588320813773291
6.115684485825867,8.40507880854552,8.261306899503985,6.396196052862395,0.0,8.294299608857235,8.29678616589753
8.71209970143551,6.90875477931522,6.90875477931522,0.0,8.380656716164717,9.546884034617925,7.219879846406022
8.157996997796985,6.705639094860003,6.461327541465095,5.182289040487914,0.0,9.350189267092581,6.854395814692791
7.222562420275549,6.258261281343595,4.948759890378168,5.946231797828224,0.0,8.006700845440367,6.425024546657127
4.119382481041072,6.152732694704104,0.0,6.152732694704104,0.0,6.90875477931522,6.295928294989976
7.581883956390197,6.167851864413745,0.0,6.167851864413745,0.0,7.601402334583733,6.674677327012873
8.331941948720418,6.331946590839425,5.930253816063085,5.231108616854587,7.109655207536721,8.987321812850125,7.525724434547508
3.1580196462445578,5.850188959750028,0.0,5.850188959750028,0.0,7.496097345175956,5.832986213983058
8.93519151206298,0.0,0.0,0.0,8.254519189044913,8.987321812850125,7.336813055777124
3.8513051442650585,6.701923510286521,6.395411837246348,5.374722697750442,0.0,8.699681400989514,7.182000491563444
9.079378002412797,6.988394731644883,6.210760706693298,6.374854447564289,8.41306419912212,9.825580063659602,7.583347055227858
8.00958361395829,7.037572281793943,6.49317878800551,6.171700597410915,8.044767735915297,8.732465848349879,6.286169133884521
5.376264837668762,7.752558602025152,4.925803358579558,7.6919855359017655,0.0,8.160803920954665,7.773091926299003
4.576314300742501,6.977029444235621,6.072583598392774,6.459794902211031,0.0,9.210440366976517,7.114789938400444
7.005477777713178,7.243663070619962,7.126489121807647,5.047995302853334,0.0,8.853808274977197,5.553906965472277
8.472360316976955,7.2938608616100105,6.784208162886389,6.377508954976542,8.509954422432108,8.853808274977197,8.468355273176599
6.6423308491812705,0.0,0.0,0.0,7.584677754471532,9.04793908261736,7.991206121252378
8.456656190785955,0.0,0.0,0.0,9.199791662965508,9.105090961257085,9.080217785621382
7.605621907905435,0.0,0.0,0.0,7.79856713513206,7.972810784121404,8.037199688650732
7.9575862559416315,3.417726683613366,3.417726683613366,0.0,4.6457462878792315,8.006700845440367,6.232558945564667
5.293933370866566,0.0,0.0,0.0,6.882084676465482,7.0909098220799835,5.539205078950222
3.36215692426183,5.57485001452115,0.0,5.57485001452115,0.0,8.294299608857235,6.005299210303573
7.30562999077979,8.322875163851862,8.288278016278777,4.948759890378168,0.0,8.517393171418904,8.274712548847127
9.298035334018303,0.0,0.0,0.0,10.04896448364383,9.61587214452889,9.81700083806886
4.690840790377048,4.780467127845082,4.780467127845082,0.0,6.1608238853235475,7.824445930877619,5.26673100344348
4.777253577841955,6.750282420157573,6.750282420157573,0.0,0.0,7.601402334583733,6.748667716780644
6.760971921664894,7.726821199313842,7.424016105238067,6.386256229659672,5.648943255286875,8.412054873292933,8.201162802804928
2.0984487546787056,4.662967284714308,0.0,4.662967284714308,0.0,7.313886831633462,5.607887467540383
3.8967527868320477,6.156321990150294,4.060443010546419,6.027531253144375,0.0,9.798182590890704,6.6173376456264625
6.197194935480911,6.83843735467124,5.450480357945144,6.552736106354346,6.895753488764392,8.612685172875459,8.061919163638432
7.522534786422886,5.730489317484765,5.730489317484765,0.0,0.0,9.04793908261736,8.138227919738904
7.2576930139094795,0.0,0.0,0.0,4.586049128170656,7.313886831633462,5.310370405951366
6.237356977331936,4.060443010546419,4.060443010546419,0.0,9.234065549923264,9.433563920090563,9.61877872760001
5.82981146030727,7.864266224342657,0.0,7.864266224342657,0.0,7.496097345175956,7.856777847481987
8.547317284530397,0.0,0.0,0.0,7.963486878388092,8.853808274977197,7.217754728066375
7.093790395303989,6.089044875446846,0.0,6.089044875446846,7.295098002155978,8.006700845440367,6.372956960964037
8.770116760113769,6.576135251331843,4.015662040187632,6.4972273765315105,7.769144160824757,8.853808274977197,7.219152838499912
6.011702653098961,8.351695712794845,7.751974118331079,7.556009690651345,0.0,9.825580063659602,8.22889087411905
8.276574088773051,6.842373735934762,0.0,6.842373735934762,8.535906661089651,8.699681400989514,8.765734512609699
8.840733348853517,6.162282692643507,4.2626798770413155,6.002676458071829,6.939819622256855,8.922791623969637,7.374564475832249
6.9621544157939335,6.787213441328647,0.0,6.787213441328647,0.0,6.90875477931522,6.964375800961971
8.206660715850399,6.2032235395555535,5.564520407322694,5.45677305224001,0.0,9.15915233520675,6.9583628858397155
8.770916716137059,7.676070227057117,7.1901785481347265,6.72237705533828,7.409160447871885,8.922791623969637,9.178911836597528
8.427497943337222,6.791198990563576,6.791198990563576,0.0,7.510391870353303,8.699681400989514,7.073562776208715
8.181604029609662,7.8298133477503535,7.8298133477503535,0.0,8.7294349236599,9.105090961257085,8.471645633990551
4.5818953563682925,7.297246819578986,7.297246819578986,0.0,0.0,8.294299608857235,7.375270386299042
8.51112916692825,8.143895131602097,7.790571953998575,6.933033086166406,0.0,9.350189267092581,7.234694980732713
6.94016146338661,7.744569809354496,6.411818267709897,7.438971592395862,0.0,8.006700845440367,5.509042920703461
1.5783686219794,5.209923215785442,0.0,5.209923215785442,0.0,7.313886831633462,5.257844587086771
5.11954074703272,7.228613389988591,6.719435770384546,6.311662211236443,4.904376864323069,9.680406499268875,7.479329239829161
7.37177181567897,5.548102848808668,5.236441962829949,4.244917420701475,0.0,8.160803920954665,6.397003687475691
7.74340565299212,5.5479080878770946,5.438166261664436,3.3207101307494686,2.7227559397326977,8.77971129020447,6.4320356871031015
6.70846366381813,6.978027331967469,6.928537818164665,3.966511190712216,6.624453175114963,7.824445930877619,8.468859805017953
4.641995281940515,6.970438955959368,0.0,6.970438955959368,0.0,8.853808274977197,7.564803418775565
9.34291545147904,7.206896444522812,0.0,7.206896444522812,0.0,9.648659816955295,7.902885325820107
7.6053948416660235,4.33729074083249,4.33729074083249,0.0,0.0,8.517393171418904,6.187009280655569
8.679519276390703,0.0,0.0,0.0,9.267798680898661,9.350189267092581,7.511655405834084
8.585806388836112,0.0,0.0,0.0,7.8864836712304776,8.853808274977197,7.250946193227696
8.073591656607716,0.0,0.0,0.0,8.234243450466089,9.105090961257085,6.622129315289269
8.371133777133767,0.0,0.0,0.0,9.114590059367623,8.922791623969637,9.243865903131676
7.203528395230186,5.6788748389500165,0.0,5.6788748389500165,7.2880513017214685,7.313886831633462,5.625252670855129
6.560528766274372,7.190080529247163,6.925801462673199,5.733341276897746,0.0,8.006700845440367,6.758402756564727
4.72748038080002,5.438079308923196,5.438079308923196,0.0,0.0,5.017279836814924,4.792701647628228
7.590367711935706,0.0,0.0,0.0,7.561881651806382,8.612685172875459,7.301239939263441
6.152242376645509,6.374479526378554,6.102513850883277,4.946629964120343,6.754343168012408,8.412054873292933,7.221985524090329
2.8052420639754585,0.0,0.0,0.0,7.397144771606701,7.601402334583733,7.549265728292107
6.911805906104039,7.395107546562485,7.395107546562485,0.0,0.0,7.0909098220799835,7.548646164249546
5.402400884190859,7.745699530442225,7.227379234212178,6.841615476477592,0.0,9.798182590890704,7.859371866582554
8.563559656226442,7.485373755968628,6.986242932030878,6.552707581787561,6.490631163013327,9.741027444837728,7.116237060327885
6.227195394967805,8.55210077021023,8.55210077021023,0.0,0.0,9.04793908261736,8.511774824141105
2.9389806887126078,5.587136292536881,0.0,5.587136292536881,0.0,6.90875477931522,5.418447326022954
8.621764343368493,6.934650342444781,6.934650342444781,0.0,5.5528177454055045,9.305741456739435,7.188218472916015
5.4702002671524115,7.898652430193146,7.63690646617627,6.431862341756169,0.0,7.313886831633462,7.773409627813125
7.032873318271929,0.0,0.0,0.0,4.24162102581489,7.0909098220799835,5.644080795338944
5.516879189757807,0.0,0.0,0.0,6.773060991028296,7.0909098220799835,5.539943874776382
8.105676539496793,8.224351162590828,7.6826437238512,7.353306110629587,0.0,8.987321812850125,8.512246931215113
7.2256654129239495,0.0,0.0,0.0,4.387459499899167,7.313886831633462,5.71957967590019
4.2841760570397165,6.332177777986449,0.0,6.332177777986449,0.0,7.313886831633462,6.181812543182771
0.0,6.413458957167357,0.0,6.413458957167357,0.0,7.824445930877619,6.7961855269645985
5.000036450937766,6.980075940561763,6.980075940561763,0.0,0.0,8.612685172875459,0.0
6.653695255860007,5.2550966640934735,0.0,5.2550966640934735,7.81124639049433,7.0909098220799835,7.769177868200762
6.590943247162561,6.044720913408414,0.0,6.044720913408414,6.064903775881258,8.412054873292933,7.082900656819474
7.017692957031636,3.4339872044851463,3.4339872044851463,0.0,7.303621871036382,7.313886831633462,7.518014597711603
5.906562783318805,0.0,0.0,0.0,7.9514723939256164,8.006700845440367,8.441420339935117
8.26676759041131,8.197208288652472,3.9318256327243257,8.183341518117606,7.839746764016388,8.922791623969637,9.019229731736624
8.915109759783078,6.985641817639208,0.0,6.985641817639208,8.286441785375631,9.04793908261736,8.381615949296629
6.624710237531869,0.0,0.0,0.0,6.981228013415094,7.0909098220799835,7.187504731484843
6.288771689600575,7.422965277315927,6.880394359625484,6.553904913591473,0.0,7.3783837129967145,7.175892431298395
7.545361534626046,0.0,0.0,0.0,8.425536131935115,7.824445930877619,8.486427358576263
2.507130526499177,5.518697102039515,0.0,5.518697102039515,0.0,9.15915233520675,3.6334826994056426
3.931953310847637,6.554289465984353,0.0,6.554289465984353,0.0,8.160803920954665,7.515035073944702
8.540267490169693,8.38475834022749,8.069836767267292,7.076839608994071,0.0,9.210440366976517,7.715233727363091
6.8933766349573595,9.234494302918279,8.370505924240144,8.68738481040529,0.0,8.922791623969637,9.3159054231152
6.860013297527216,6.179498921308624,6.070160194056319,3.9318256327243257,0.0,7.0909098220799835,6.109869673670132
5.085626427100982,6.902240098294027,6.799055862058796,4.590056548178043,0.0,8.77971129020447,6.889554506251615
8.149654773613273,5.303304908059076,5.303304908059076,0.0,4.695084552722612,8.160803920954665,7.188217014927818
5.453773516735078,8.058966342860103,7.6075701808000735,7.047204128870697,0.0,8.853808274977197,7.866876518930089
4.845247004861532,7.088508940603929,7.088508940603929,0.0,0.0,9.105090961257085,6.843031667649766
7.580521082692684,7.473330417519036,7.473330417519036,0.0,8.083880835602063,8.853808274977197,5.428817748421955
3.222862786363981,5.68697535633982,0.0,5.68697535633982,0.0,8.517393171418904,5.718373896852074
8.395198946703028,0.0,0.0,0.0,8.855738752357246,8.853808274977197,6.762892615016316
7.74010292866846,0.0,0.0,0.0,6.682781020445591,8.006700845440367,6.796409721975687
7.419542327631076,4.4738078677912645,4.4738078677912645,0.0,6.574723364261192,8.612685172875459,5.7517793337661764
4.320881788501719,6.859782780433041,6.139970755407206,6.194650259081246,0.0,8.853808274977197,6.8181618874600955
2.3538780273815316,4.532814523795951,0.0,4.532814523795951,0.0,7.3783837129967145,4.624146354213979
4.573199455284209,6.681983276314235,0.0,6.681983276314235,0.0,7.576097340623111,7.297613014553761
6.650546003896055,7.185530944616075,7.168341039772213,3.1570004211501135,7.36646187069094,7.0909098220799835,7.956520599109736
6.280701743477498,0.0,0.0,0.0,6.8366658337195405,7.496097345175956,7.469998611895841
4.214452596676588,6.374803330224424,6.374803330224424,0.0,0.0,9.210440366976517,6.348227595415411
6.8237233466721525,0.0,0.0,0.0,8.063945879820551,8.160803920954665,8.39068929439973
7.397363512242266,0.0,0.0,0.0,5.621002344212977,7.576097340623111,6.326443277933003
7.7770621610383825,0.0,0.0,0.0,4.606278441645862,7.824445930877619,6.337497629266141
3.2849088911166344,4.904237203306436,0.0,4.904237203306436,0.0,9.15915233520675,5.005384305085972
6.8641203819585055,7.281041488726066,7.281041488726066,0.0,0.0,7.0909098220799835,5.353919930681285
3.7287637451276447,6.271139649157846,6.271139649157846,0.0,0.0,7.601402334583733,5.954081717811018
8.51956631393222,0.0,0.0,0.0,7.688176038112206,8.853808274977197,7.191948786962736
7.508380966982462,0.0,0.0,0.0,7.422764270849135,7.824445930877619,6.380782845966387
8.504698120338414,6.013250500429839,5.865929668402136,4.04305126783455,7.934323076132158,8.517393171418904,7.691906395774212
4.553498778019346,6.704830934849324,5.010901925213687,6.503239719909561,0.0,7.824445930877619,5.893813787532647
6.2421188086378745,8.387738051004336,8.28004452470975,6.108135853911675,6.0485453959954025,9.711176264112805,8.509858728884284
6.524868087606944,7.802307430812303,7.720798816117477,5.259992252226369,0.0,8.131824785007195,7.641861624174087
7.686317806094128,0.0,0.0,0.0,6.067346471484779,7.824445930877619,6.851089213918636
6.96303237458552,5.865164090991807,4.135806352029695,5.673323267171493,0.0,8.006700845440367,6.3733589952931
5.043098037628195,0.0,0.0,0.0,8.29135661591534,9.350189267092581,7.901365879457996
8.68392467272546,4.9614450499054845,4.9614450499054845,0.0,7.409915618177196,9.210440366976517,6.840514415404058
6.968280136763482,0.0,0.0,0.0,5.774147678286719,9.04793908261736,5.6145266462233465
2.217818068287867,0.0,0.0,0.0,6.678151199575862,7.208600337960199,0.0
4.844333658393566,7.105982992793148,0.0,7.105982992793148,0.0,8.517393171418904,6.9485522943104145
6.1390182611562,7.185583965881403,7.185583965881403,0.0,0.0,8.160803920954665,4.595304863321625
5.281044587286051,8.001468922187836,7.921506604136043,5.439903730609908,0.0,9.581972891547895,7.542711859121979
8.468150493062732,6.421638527836924,6.1612284185189505,4.955827057601261,8.823539228869567,8.922791623969637,8.899161261786173
7.36691419317612,0.0,0.0,0.0,5.818146549357801,7.496097345175956,6.141796602403049
6.934593316307014,0.0,0.0,0.0,5.504876920415264,7.0909098220799835,6.090222723461563
7.369478815175649,0.0,0.0,0.0,5.618167576681157,7.601402334583733,6.340892540720346
6.471080283245808,0.0,0.0,0.0,7.608566211333066,7.244941546337007,7.690236496816737
5.4758836306716026,6.345671447932334,5.512985099381202,5.778054719030789,7.2672977173262945,8.071218539969863,6.380730606225423
5.697108127337824,7.912056888179006,7.251344983372214,7.186144304522325,0.0,9.711176264112805,7.15179798403075
7.971350136371057,7.920936759085807,7.581209826196346,6.677524170166032,0.0,9.105090961257085,6.759546878953928
2.7460689100865565,4.480740107609915,0.0,4.480740107609915,0.0,8.987321812850125,6.508423176985395
5.7423460681074605,0.0,0.0,0.0,7.9414576815652484,8.922791623969637,7.9418450044297915
8.152294142903779,7.078324716009074,6.631935899072868,6.059193286583309,8.759534621713025,8.853808274977197,8.364587571236022
6.897727396411912,0.0,0.0,0.0,6.328294805346093,7.0909098220799835,6.97810147537836
7.625514455224462,8.11489306945123,7.554282438906856,7.269616749608169,6.08029489168922,7.824445930877619,7.430375868838879
8.019111593820238,7.112156280918971,0.0,7.112156280918971,8.788952070740738,8.537191877922927,8.961911186390873
6.978453590845245,0.0,0.0,0.0,3.6955050314209745,7.0909098220799835,5.661094017154883
8.53678343714144,4.946416721769604,4.946416721769604,0.0,8.121596312474159,8.699681400989514,8.105960335886042
6.8843032800622845,4.2153815572649345,0.0,4.2153815572649345,0.0,6.90875477931522,5.542351008557672
8.670571689416402,6.36126793466206,5.883378097242924,5.397981689660982,7.692810796908895,8.699681400989514,7.480070097537147
8.928584801202033,0.0,0.0,0.0,7.98158211024993,9.04793908261736,7.46130413913012
4.486410602413966,6.690780163688303,6.690780163688303,0.0,0.0,6.90875477931522,7.034722628082844
8.092332590207517,5.833552636043785,5.5273634635148605,4.511848028756718,7.890747797197535,8.699681400989514,7.157236138413722
3.8350446561422324,6.113704303481307,0.0,6.113704303481307,0.0,8.922791623969637,6.178715650364794
5.460364899706013,6.426973776564523,5.14049328135447,6.105908681498851,5.647804392186325,7.824445930877619,7.270476016126805
3.6341287951866734,5.8888779583328805,0.0,5.8888779583328805,0.0,8.006700845440367,5.66098533985776
5.814508072487919,0.0,0.0,0.0,7.48681668875818,7.244941546337007,7.502494516971269
5.268510214470225,7.579157747619787,0.0,7.579157747619787,0.0,7.824445930877619,7.545770849816895
6.096281190143903,5.861669024565474,0.0,5.861669024565474,5.038079648876277,8.412054873292933,5.989801384820013
3.1941826422776667,5.6791481936978405,0.0,5.6791481936978405,0.0,7.824445930877619,6.120055466605919
7.535795252466645,5.949339620807311,5.739792912179234,4.297285406218791,0.0,7.576097340623111,6.141905771117468
7.820755641122133,5.179815322467036,4.214938458520516,4.7091697760065765,5.0350815934271775,7.824445930877619,6.755744630653135
8.074989574064137,7.698337652632782,7.483064422373143,6.059123195581797,6.982367413596034,8.699681400989514,7.605120439842708
5.830139783721716,2.7265447837383743,0.0,2.7265447837383743,0.0,9.259225769705994,7.142268205315071
9.312805934497902,8.137664799729018,8.137664799729018,0.0,8.966791815077416,9.392745258631441,9.299769906448226
6.802612027498519,6.8275642269727905,5.549465114271844,6.50255013707983,8.683518213824247,8.517393171418904,8.759297984474781
7.052210631794271,0.0,0.0,0.0,7.86111011250149,8.006700845440367,7.866381204744685
6.7419641676141495,6.083587835983788,6.083587835983788,0.0,8.442348002692839,9.581972891547895,6.9974339451744365
6.394332368518662,0.0,0.0,0.0,3.6265312524743116,7.313886831633462,7.361315143805723
8.392718594946352,0.0,0.0,0.0,7.604916622498762,8.517393171418904,7.175422827684271
8.185085709379713,4.955827057601261,3.713572066704308,4.624972813284271,6.978582039200072,8.37816098272068,8.25447649851314
7.584140447666018,6.791962760930473,6.364905650190947,5.738409318799255,0.0,7.824445930877619,7.868636388063152
3.0396362817869784,5.930200658504068,0.0,5.930200658504068,0.0,8.699681400989514,5.968994357729641
7.916114815803735,5.136915460006586,5.136915460006586,0.0,6.142123453498032,8.071218539969863,7.011551390297351
5.978128181804969,0.0,0.0,0.0,6.514186060375177,6.90875477931522,5.768597251381683
6.131519618255834,5.413162758217077,0.0,5.413162758217077,0.0,6.2166061010848646,6.213411260497327
8.477654581963282,0.0,0.0,0.0,6.857080534305896,9.04793908261736,7.14035416261835
8.805372443853564,0.0,0.0,0.0,7.710402388793915,8.922791623969637,7.469273549763156
7.12210011326536,3.8426729272933526,3.8426729272933526,0.0,7.814664598294419,7.313886831633462,7.880087994052742
8.962200952259831,5.448460024977757,5.448460024977757,0.0,8.321291493541919,9.510519035757246,7.374389324426437
7.017064166251689,6.402033276225189,0.0,6.402033276225189,0.0,7.496097345175956,6.51839114963249
7.101203495110604,5.5843230346188735,5.5843230346188735,0.0,0.0,8.006700845440367,5.81040922530003
5.355975253130705,6.499862225799305,6.499862225799305,0.0,0.0,8.922791623969637,6.591938004355878
8.778639086927406,6.105908681498851,6.105908681498851,0.0,7.417864890472507,8.987321812850125,7.554125131757639
8.041424554964118,7.663670664594425,6.944318618289184,6.996974217513768,7.7612744043918696,8.881975184248867,8.624391850013744
6.814059972767291,6.8168454036222945,6.5085902834224525,5.493966383552854,6.624145121022687,7.0909098220799835,7.297994202845618
8.198235909912485,5.9511632503344565,5.9511632503344565,0.0,3.9153770543122683,9.305741456739435,6.968552248298829
4.473354771658884,6.8151025649855805,0.0,6.8151025649855805,0.0,8.853808274977197,6.785651966103125
4.47217733403879,6.6726024035421965,6.6726024035421965,0.0,0.0,7.824445930877619,7.223420918254997
4.980265924500402,6.632660322035828,0.0,6.632660322035828,0.0,8.006700845440367,6.758727724343024
7.076083494902916,0.0,0.0,0.0,5.5573592333442114,7.0909098220799835,6.222902903212366
3.5211048258306445,6.470784023786626,0.0,6.470784023786626,0.0,8.294299608857235,6.363057132429468
0.8611196126437753,4.110873864173311,4.110873864173311,0.0,0.0,8.294299608857235,0.0
4.7925125175717,6.97474080376276,0.0,6.97474080376276,0.0,6.90875477931522,6.720425102769006
4.90704031525696,6.042632833682381,5.662960480135946,4.897839799950911,0.0,8.922791623969637,6.25466876448547
4.863601959106412,6.1395827825604385,0.0,6.1395827825604385,0.0,8.006700845440367,5.946362311661894
6.620297622680502,5.111385197196399,5.111385197196399,0.0,7.4994625366400225,7.601402334583733,5.257470955063023
7.343157992010708,0.0,0.0,0.0,6.310032606236275,7.601402334583733,6.013883814190855
5.154049139857765,7.419350606450218,0.0,7.419350606450218,0.0,7.824445930877619,7.190751153590565
5.589029289364022,0.0,0.0,0.0,7.353553243121828,7.313886831633462,6.676609008661928
6.311580984255321,7.350939974117316,6.817502290004575,6.469188299368856,0.0,9.305741456739435,7.734700672879293
0.0,6.995482233218622,6.7052718303642305,5.620364633176702,0.0,7.496097345175956,0.0
9.054883131720464,5.14166355650266,5.14166355650266,0.0,8.089879965289416,9.105090961257085,7.340909047531517
8.826353219664439,6.456392818486935,5.107882989643532,6.1579107547436465,8.25956308372377,9.210440366976517,8.059007065366014
7.978878609895214,4.961515075464842,4.961515075464842,0.0,7.7965893329144595,8.987321812850125,6.902028828114807
6.298595296355207,5.400964203508179,5.400964203508179,0.0,0.0,7.601402334583733,6.413102218133718
7.767959678508029,7.947321490942319,7.311612428350607,7.193986299166603,0.0,8.006700845440367,7.467192552699131
8.334662858990168,6.6664859436838455,6.427361862336348,5.124499550245303,0.0,9.105090961257085,6.9786175902438226
7.174310773346542,0.0,0.0,0.0,4.379060941349592,7.313886831633462,5.981757770917969
7.379440024983917,4.134526351854933,0.0,4.134526351854933,0.0,8.294299608857235,5.992387156373135
8.424537801197518,7.280008252884188,7.280008252884188,0.0,7.723887801926622,9.105090961257085,6.919531187997555
6.623265903112931,7.590094260825479,6.618071203859683,7.115582126184454,6.4183227784407455,8.160803920954665,6.974528842425786
7.320600920490774,7.547633530662742,6.296317109348734,7.211320543061456,0.0,9.105090961257085,7.445940305558711
8.158188603391322,6.947437424120841,6.947437424120841,0.0,8.343313800012965,9.105090961257085,6.996154473757011
8.761763225917523,7.527169801564567,7.240800220560222,6.139086820329655,7.670978955096344,8.922791623969637,7.730476421984289
7.191921568054113,3.086486636822455,3.086486636822455,0.0,0.0,7.313886831633462,5.665353846387513
9.129959322504849,6.510719543676433,6.510719543676433,0.0,8.727929613071458,9.392745258631441,7.91107426233688
8.143957928921475,5.885214747265271,0.0,5.885214747265271,0.0,8.922791623969637,7.227663096404584
7.019601455201107,6.165333817086952,0.0,6.165333817086952,0.0,6.90875477931522,6.414830476859827
7.511864645260065,0.0,0.0,0.0,6.536960878723191,7.741099090035366,7.811149098861644
8.01051561160817,6.368667345498175,0.0,6.368667345498175,8.109616581355999,8.77971129020447,7.998379015297344
4.611953507156056,0.0,0.0,0.0,6.083129935905909,9.259225769705994,6.496592122787906
7.325517573144353,0.0,0.0,0.0,6.125549704813816,7.576097340623111,6.161577953424592
4.625219135885544,0.0,0.0,0.0,7.5214544467941264,8.77971129020447,8.579608620450403
2.620118764623989,5.035197816924508,0.0,5.035197816924508,0.0,7.0909098220799835,5.076113729625869
7.035986982907131,6.256210588276705,6.256210588276705,0.0,0.0,7.0909098220799835,6.56188664880216
3.225752128807633,5.602118820879701,0.0,5.602118820879701,0.0,9.04793908261736,5.938045682137107
6.639478493459398,7.115110853495733,7.115110853495733,0.0,0.0,8.853808274977197,7.7930652055073955
8.996516889080107,0.0,0.0,0.0,8.258862672805968,9.04793908261736,7.78958345922887
6.61493694114047,6.186558356975435,6.186558356975435,0.0,0.0,8.006700845440367,5.258076385498428
3.5238691295495896,5.267806611343015,4.242764567340374,4.831428880202447,0.0,8.699681400989514,5.043318666092268
9.011843979048587,0.0,0.0,0.0,7.976167118437306,9.546884034617925,7.669832462586188
6.43768118485381,0.0,0.0,0.0,7.6595026349608,7.0909098220799835,7.517439870693813
7.661283953452382,7.805547972214156,7.626823585493481,5.998092533398203,0.0,8.922791623969637,6.251854862696582
6.846250739464144,3.9318256327243257,3.9318256327243257,0.0,0.0,6.90875477931522,5.757136130873162
7.225107388265365,8.008448733854072,7.319195831840656,7.31205971376955,5.7561221698753915,8.006700845440367,8.150002017830957
4.82075459886845,5.029914908828212,0.0,5.029914908828212,0.0,8.160803920954665,6.1051979406881145
4.301280991457369,5.432148714181557,0.0,5.432148714181557,0.0,7.824445930877619,5.075453001257782
7.7740005010301125,0.0,0.0,0.0,7.187586233405932,8.006700845440367,6.310750564507455
4.064867604131233,6.160151912626133,6.160151912626133,0.0,0.0,8.885755383014674,6.395663151872598
8.92274604020841,5.081404364984463,5.081404364984463,0.0,8.190018019405366,9.514215624322715,7.582724556027125
7.355894361636396,7.193685818395112,0.0,7.193685818395112,7.553514801900414,8.987321812850125,6.984630944251627
8.443714347196952,8.480877694033843,8.310073076419874,6.630775729663492,0.0,9.127067452782361,6.982062958621563
8.911841880674611,6.805301645357028,6.7567230650151835,3.7796338173824005,0.0,9.581972891547895,7.72971119878617
8.6999193956627,0.0,0.0,0.0,7.785650117637505,9.105090961257085,7.2232189479533115
7.0283250175061145,5.225746673713202,4.948759890378168,3.828641396489095,6.604787376569525,8.716207971151853,7.681278254966504
3.742842975270699,5.404837209925709,5.404837209925709,0.0,0.0,9.510519035757246,7.125694503249021
7.356648349524698,0.0,0.0,0.0,7.892629904056357,8.006700845440367,8.137302073614869
8.605347887700537,5.572154032177765,0.0,5.572154032177765,8.3460540938558,8.853808274977197,7.4586637635683575
5.119761488677056,6.109825193692828,6.109825193692828,0.0,8.97405823825191,9.105090961257085,6.498209143799536
3.01035282056475,5.651787179537821,0.0,5.651787179537821,0.0,7.601402334583733,5.594608786978801
7.815645286574448,6.277545338192789,0.0,6.277545338192789,8.763416126571656,8.853808274977197,9.348524914388168
8.599130021460715,5.351384087484729,0.0,5.351384087484729,9.014889576124576,8.853808274977197,8.952141597685811
8.56414957867264,0.0,0.0,0.0,9.19005269462024,9.210440366976517,7.205324022587583
4.9647924453225984,5.110058217087329,3.5186840771178223,4.889897898613436,0.0,7.824445930877619,6.2929809665355
8.34120607021635,6.111467339502679,6.111467339502679,0.0,7.816719110960908,8.412054873292933,7.148657661443701
7.905808505064227,6.398594934535208,6.398594934535208,0.0,8.585597644885924,8.517393171418904,7.33790313296533
6.0725677637814695,6.293659545728696,5.756691130311603,5.419782503829213,0.0,8.77971129020447,6.604652221324731
4.858328218230813,7.938474091606596,7.702750313019442,6.379529140535979,0.0,8.77971129020447,7.777225625657835
5.927661805884636,8.185921408961939,8.05181246009272,6.112730399599464,0.0,8.699681400989514,8.158855922294556
3.0800126205070164,6.308116656279888,0.0,6.308116656279888,0.0,7.550135342488429,6.957151035933714
7.631836885567571,0.0,0.0,0.0,8.371420628911087,8.294299608857235,8.603847670125251
7.465058012726223,0.0,0.0,0.0,5.29478798058628,7.496097345175956,6.266178848415375
7.715164765139999,7.13966033596492,0.0,7.13966033596492,8.004239208967597,8.699681400989514,8.430145940910434
7.9580865815276685,0.0,0.0,0.0,8.598689586896555,8.699681400989514,9.286900224313513
7.3341500855390525,0.0,0.0,0.0,4.1054521110289945,7.3783837129967145,5.852285364270494
5.824459496469901,0.0,0.0,0.0,7.391214444481365,8.006700845440367,6.886828413607085
8.545992992874014,7.589194184409922,6.522533877351015,7.168132956106415,9.378833911741959,9.510519035757246,9.111651160378717
8.446854004982466,7.470332392148309,6.640084962284453,6.8987448063238554,7.130221222371943,9.15915233520675,6.950090949077275
7.790512273183919,7.726217061613813,7.164426445399795,6.882837391019174,0.0,8.294299608857235,8.313087397754103
7.291800940525986,4.68213122712422,4.68213122712422,0.0,8.557300504116268,8.699681400989514,5.595863852795884
7.349908256840635,5.1298987149230735,0.0,5.1298987149230735,0.0,7.313886831633462,5.2675854259987585
4.852515263475816,6.118757772765358,5.8045323777563445,4.816241156068032,0.0,8.853808274977197,6.388503896328981
5.563077293738068,5.9369819618082325,5.67431933450556,4.483002552013883,0.0,7.313886831633462,7.362659127555316
3.382538787710204,5.119190700650601,5.119190700650601,0.0,0.0,8.612685172875459,5.468155929796196
0.01948885258384694,5.24185282956691,0.0,5.24185282956691,0.0,8.922791623969637,4.873607013527267
7.138684199905281,4.962844630259907,3.7612001156935624,4.61512051684126,0.0,7.0909098220799835,5.709343072502937
7.960807604858378,0.0,0.0,0.0,6.873350852955307,8.77971129020447,7.079947109565872
5.625629833847093,7.265702413343358,4.61512051684126,7.193227411314089,0.0,7.937731775260109,7.167841469068994
7.965381798955844,0.0,0.0,0.0,7.35533320446016,8.006700845440367,6.483575319924524
6.215426939080656,8.800552433887312,8.725627490150746,6.174140207866394,4.702401564562178,8.987321812850125,8.364499258650893
7.820061034574739,0.0,0.0,0.0,7.420221587688211,8.006700845440367,7.098724791679339
3.8169089923818644,5.048958168415415,0.0,5.048958168415415,0.0,7.824445930877619,5.213092391174297
5.310561826250356,7.768892644388264,7.768892644388264,0.0,0.0,8.517393171418904,7.541556979462422
7.827978435927701,0.0,0.0,0.0,4.094037381713665,8.699681400989514,6.120684625295579
3.60937431650705,6.056010880715036,5.5557463958287965,5.129602813160299,0.0,8.77971129020447,6.088336447700407
6.089468171332029,6.893859173790026,6.2766434893416445,6.120736882812121,6.962718808658522,8.699681400989514,7.4216977032750995
6.6651109117221194,5.175019150203543,5.175019150203543,0.0,7.627485222720599,7.824445930877619,7.407855451782967
6.239436210124827,7.985933541063481,7.430321708951148,7.13406979746172,0.0,8.922791623969637,6.725737485647391
8.68314688798212,7.441877419298563,7.041017885486907,6.335763219978659,0.0,8.987321812850125,7.54311034189546
5.354782984627079,5.673323267171493,0.0,5.673323267171493,0.0,7.901377353792616,5.480663614703824
5.132695486698846,0.0,0.0,0.0,6.765723954355895,7.0909098220799835,6.483887027553107
7.036848786746722,6.768929897896505,5.973453314306131,6.170698007302703,0.0,8.853808274977197,7.487869544490745
6.6065920601846075,0.0,0.0,0.0,7.353808087285785,7.313886831633462,7.590949645700832
6.755979476067644,8.01821049584961,7.7033958689761235,6.7103769355539535,6.03817481646167,8.77971129020447,8.548865512001614
7.633386640338727,7.288654433145052,7.14172006892793,5.303304908059076,0.0,8.160803920954665,8.185424808189797
2.836324440748788,4.852030263919617,4.852030263919617,0.0,0.0,8.412054873292933,5.253294058858223
7.725239554353421,5.771441123130016,5.771441123130016,0.0,8.414326829879577,9.210440366976517,8.559578693836752
7.332307658580517,0.0,0.0,0.0,7.979070498288178,8.77971129020447,5.824522807270263
8.569239356295663,9.108427240588266,8.755682393623378,7.895596143096278,0.0,8.699681400989514,8.984064867839011
8.825440371137741,6.463076257697572,5.431973751360711,6.024488213555164,7.549250526640901,8.867990898182093,7.545743514196772
7.9507159534291185,0.0,0.0,0.0,7.6138299137682885,8.006700845440367,6.2325423244806
3.1058453926793144,6.240957873744974,0.0,6.240957873744974,0.0,7.601402334583733,6.575489533259688
5.5612961344772875,7.587259820500924,7.366432506022654,5.9710577373303195,3.015312229001811,7.496097345175956,7.6833674087569515
6.028751569770903,6.679008559197492,6.679008559197492,0.0,0.0,7.601402334583733,6.703600813344532
4.961318375215917,7.245940333607025,0.0,7.245940333607025,0.0,7.313886831633462,7.923329761922939
3.450956631671741,5.889154928283412,5.262690188904886,5.130490255904535,0.0,7.313886831633462,6.772554835981919
7.089879571320738,0.0,0.0,0.0,4.071514716520384,7.0909098220799835,4.8628831885500645
8.730402651110222,7.615805850251758,6.952040071092441,6.893402772757737,8.68847489247195,9.61587214452889,9.05015350663115
3.8421532638887106,0.0,0.0,0.0,5.958296824389819,9.210440366976517,5.5521626705704845
5.883355245887187,0.0,0.0,0.0,7.493428710912826,7.576097340623111,8.456096456371888
6.698913320608768,6.893990984206281,6.753542930586745,4.869378902254231,0.0,8.612685172875459,8.6936726381019
7.976397934119084,0.0,0.0,0.0,7.66035227342419,8.922791623969637,8.25751852734867
8.822507637277722,2.613006652415316,0.0,2.613006652415316,8.415639331907329,9.210440366976517,9.288673557402724
5.439364087589343,7.650116343453433,7.650116343453433,0.0,0.0,8.006700845440367,7.812481783384302
7.2907812733962425,6.322044458024357,4.740138046398576,6.094156505331528,7.173996408686573,7.496097345175956,6.3410023755723355
7.748027592623569,8.201092439868777,7.997259548619519,6.51193847592392,6.66116289129838,8.922791623969637,7.137036008830884
8.343594162528854,6.137727054086234,6.137727054086234,0.0,8.47158994532446,8.987321812850125,6.919485379560601
7.6430101336220595,5.294660689044493,5.294660689044493,0.0,0.0,8.987321812850125,6.619472531494556
3.9664070943852905,6.685998265979261,3.9433278552565585,6.620766299619174,4.54298804374119,8.294299608857235,6.778242609604174
2.664708507025786,5.480222169845649,0.0,5.480222169845649,0.0,6.90875477931522,5.292618609433128
7.040842313644282,8.700324420337232,8.153450472351492,7.836176142434509,0.0,7.824445930877619,8.831892617177877
6.642827096784844,7.28874325128314,7.004183015904997,5.895779296973574,0.0,8.699681400989514,5.315967364874571
5.053483088098438,7.173789723169709,5.337970678424688,7.000963250694592,0.0,9.210440366976517,7.239746322897544
7.064495772630382,0.0,0.0,0.0,6.936311232908294,8.517393171418904,6.379995567822584
4.36979409631517,5.935079363660113,5.935079363660113,0.0,5.909908108488294,7.313886831633462,7.344894731869893
8.805742466339236,5.914907424385826,5.914907424385826,0.0,7.855388250177606,8.922791623969637,7.173390816995107
8.02569743059659,0.0,0.0,0.0,7.620042156854612,9.433563920090563,8.891095547688446
5.840651756159614,8.140458387099732,7.934101487914338,6.462467676686801,0.0,9.259225769705994,7.901462034398152
8.380512888917687,6.557105007347188,6.557105007347188,0.0,0.0,8.412054873292933,7.225060133667534
7.973041273585622,8.025428089588988,5.567122383230129,7.936320569338212,0.0,9.210440366976517,8.59488266033257
8.18055246644166,8.025208948783604,7.598569740868255,6.968586938188381,0.0,9.04793908261736,7.755473463592165
8.13552374575891,8.24046160955709,7.324687718531195,7.729730935770994,7.234144090457815,9.15915233520675,8.120859037970177
7.326726708699461,0.0,0.0,0.0,7.509993390227255,7.601402334583733,6.023753553414282
7.236933343406852,6.882868147474188,6.805633955915377,4.297285406218791,7.355415025024394,7.313886831633462,6.978096880257357
2.588767816984479,4.685920335673201,0.0,4.685920335673201,0.0,7.824445930877619,4.864242144451288
5.707576474992866,7.769530689204035,6.320768294250582,7.502385142366251,0.0,8.294299608857235,7.751702031244803
5.5942818821765625,4.867534450455582,4.867534450455582,0.0,7.823160744723833,9.392745258631441,7.5884723726086465
5.197846056997107,6.720220155135295,0.0,6.720220155135295,0.0,6.90875477931522,6.478435080289113
3.929888679609856,6.674119374947443,6.2897341236125905,5.535915938831831,0.0,8.294299608857235,6.5238072188872165
6.150898509358812,0.0,0.0,0.0,7.299543626460706,7.313886831633462,8.070729655411865
7.088452730964905,5.702147805979741,4.590056548178043,5.30831720112637,7.217544417059555,7.438971592395862,7.625544405483067
7.8760574068071865,0.0,0.0,0.0,6.285915245639376,8.006700845440367,6.605206399845524
3.237858037284736,4.51085950651685,0.0,4.51085950651685,0.0,7.824445930877619,4.866495888259594
7.238734420428733,6.275703197782002,6.275703197782002,0.0,0.0,7.3783837129967145,6.354137286755708
7.919308470612942,6.396095974467569,6.396095974467569,0.0,0.0,7.601402334583733,6.252482640509034
7.3305843760032445,4.900820428089049,0.0,4.900820428089049,0.0,7.313886831633462,6.344670930037946
5.012934834791434,7.26220775506777,7.194369281249976,4.548494008794535,0.0,8.517393171418904,7.103056181788224
7.219195499011242,6.668228248417403,6.472346294500901,4.948759890378168,0.0,8.517393171418904,6.3976553684892234
7.730171454291607,7.493217021122364,7.390008573781788,5.176714544788788,7.7726059924421405,8.853808274977197,6.583580674956436
7.868057979897345,0.0,0.0,0.0,7.8352777832826845,8.77971129020447,7.052968193430164
9.386961081441981,3.638375321940168,0.0,3.638375321940168,8.55115209356735,9.546884034617925,8.02090329719848
4.57309760555194,7.0999859116528725,5.313156716744676,6.917666005090652,0.0,8.987321812850125,7.013770019088472
7.8317159233328075,6.991333268637233,6.921825822958919,4.30406509320417,6.190856226796249,8.006700845440367,6.564826971311021
8.761154504955712,8.385335825398403,7.641021807263884,7.741298983136677,0.0,9.350189267092581,7.168894206107287
6.8438056574758015,7.603389364628574,6.123851535151307,7.345597221419476,0.0,7.0909098220799835,6.942040222587073
7.435017791117859,4.51085950651685,4.51085950651685,0.0,6.072631663166644,7.496097345175956,5.862819840873255
4.72652667812569,7.349783726397348,7.313300383890472,4.038479429380705,0.0,8.294299608857235,7.253239959819331
2.7030832863784373,6.139410301856289,6.049214452648886,3.713572066704308,0.0,7.601402334583733,6.954724890760808
8.007936891284178,5.859218042946334,0.0,5.859218042946334,0.0,7.919719760924575,5.282343607670859
2.691309521256711,5.372403909900735,5.372403909900735,0.0,0.0,7.313886831633462,7.285673080920061
5.178849795984079,6.398594934535208,6.398594934535208,0.0,0.0,7.313886831633462,6.538831447059223
7.661866129287037,6.914740823155849,6.532348848157168,5.771441123130016,0.0,8.517393171418904,6.370252077009369
8.70697465495243,0.0,0.0,0.0,6.289798708454831,8.77971129020447,7.283137883901351
6.6877490299345626,7.437218145364941,7.104981868496278,6.175867270105761,0.0,8.612685172875459,6.867301022046461
7.934747073770999,0.0,0.0,0.0,5.439891635232532,8.006700845440367,6.308223559365025
7.281983283996094,4.546905277856116,0.0,4.546905277856116,0.0,7.313886831633462,5.89338466872727
8.577818001091478,7.758243758212989,7.758243758212989,0.0,8.687967540582713,8.77971129020447,8.834345226241089
4.0799568030303925,0.0,0.0,0.0,5.028672160739891,7.0909098220799835,4.394017246598759
7.461326724054345,0.0,0.0,0.0,5.2399805298169655,8.853808274977197,6.216862605111042
4.756832807449278,6.107356907675215,6.107356907675215,0.0,0.0,9.105090961257085,6.05106415907538
7.387979052306891,7.867599631087582,7.786539347879343,5.319687392284229,6.7862324788657915,8.188966863648876,6.537291501670835
4.72552715955567,7.055261073233525,6.851121433414544,5.3706380281276624,0.0,8.853808274977197,7.0990701106124
2.52038639989758,5.5254529391317835,5.5254529391317835,0.0,0.0,7.496097345175956,7.277140429237453
5.1359131128276845,8.470307013514027,7.060776750064539,8.19052909732209,0.0,8.412054873292933,8.293899414068662
6.9251857085663495,4.795790545596741,0.0,4.795790545596741,0.0,6.90875477931522,5.8834087970112225
4.724988074371135,6.715504591110298,6.715504591110298,0.0,5.84437467227407,8.77971129020447,7.993906572936547
7.818910477348978,7.962126540448913,7.474335331462047,7.011159883091447,0.0,8.612685172875459,6.578825750680931
7.911718421748196,5.051905188294473,0.0,5.051905188294473,6.571935566420786,8.412054873292933,6.448194295026492
6.148940391727838,7.013168793235513,6.463294632366978,6.154858094016418,6.7032963638232745,8.294299608857235,7.830075142659099
5.113146538433036,5.334263493321505,0.0,5.334263493321505,0.0,8.006700845440367,5.606664877790614
7.789634997013003,6.537271139769218,6.537271139769218,0.0,7.054111928397101,9.04793908261736,7.367636853893572
7.796993793807638,8.875861547188741,8.686473411784238,7.119514271429709,7.342602385353429,9.15915233520675,7.557907426516275
7.30389815916585,3.89630004496291,3.89630004496291,0.0,4.674926651196471,7.438971592395862,5.82756529481463
7.452772366555226,6.494676258468288,6.082401542100084,5.414009328544109,4.9777961365007695,7.601402334583733,5.9844590911012805
7.46152705877509,5.981414211254481,5.981414211254481,0.0,0.0,8.699681400989514,6.341231473541613
7.556789140488235,0.0,0.0,0.0,9.164815241907053,9.210440366976517,9.90345703657052
5.7142023091366765,8.192360155733619,8.114040407823941,5.610167523805638,0.0,9.259225769705994,7.961107886983281
5.229637369325113,6.124792794099828,0.0,6.124792794099828,0.0,8.006700845440367,6.104034062622079
7.7278877601815035,0.0,0.0,0.0,8.119947455331863,8.160803920954665,6.003000150455428
6.621500143970711,5.743644008081332,5.743644008081332,0.0,0.0,6.90875477931522,6.301115888800033
7.735806656064989,0.0,0.0,0.0,7.0708261615258,8.699681400989514,8.170117446818518
2.176767075656611,5.141780508727809,0.0,5.141780508727809,0.0,7.601402334583733,5.924331757096367
6.778334154477493,8.960262321921768,5.375278407684165,8.932265337135755,0.0,8.77971129020447,8.899660880021976
9.362512085798427,9.623076978543066,7.771067086065406,9.45246032700491,0.0,9.392745258631441,9.68074717243748
7.970441870843285,0.0,0.0,0.0,7.080975043179156,8.294299608857235,6.778389077606754
7.371541727173032,0.0,0.0,0.0,7.331773260566789,7.601402334583733,5.664178078839473
7.840592755671769,6.739786230412583,6.739786230412583,0.0,5.291393728385858,8.853808274977197,6.358384085035882
6.931593664385307,7.338842648723875,6.998208226966565,6.098658381210097,5.513597965717514,9.105090961257085,6.976488089589522
8.278650570697312,0.0,0.0,0.0,7.477660844536879,9.392745258631441,7.654343960879939
6.984723821941978,0.0,0.0,0.0,7.139320677970465,7.0909098220799835,7.230299025119915
7.842520299831044,0.0,0.0,0.0,7.211411854922755,8.006700845440367,6.575657282408226
7.414822377332311,5.783825182329737,5.783825182329737,0.0,7.621065598316777,8.294299608857235,6.236782876609072
8.408681005124683,6.384013263282919,0.0,6.384013263282919,7.246882590627272,8.77971129020447,7.298263197955227
5.818182820648759,8.082856275032126,8.082856275032126,0.0,0.0,7.601402334583733,8.051377583354308
9.013821746351828,8.559181225847643,7.782223516002453,7.94371526648079,0.0,9.61587214452889,7.667924346915356
6.615699683271521,4.932313327320786,3.58351893845611,4.641502115235482,0.0,7.601402334583733,7.801789084462517
5.714033186133166,0.0,0.0,0.0,8.213134080624998,7.601402334583733,8.302396287970478
6.085751803904914,8.202101552127647,8.132938542672882,5.500523246647367,0.0,8.922791623969637,8.04914255431922
6.473498594799149,0.0,0.0,0.0,6.791685202373343,7.208600337960199,6.672201270534114
9.134223672603204,4.61512051684126,0.0,4.61512051684126,8.38578440572403,9.770013301136158,7.801850931102699
7.914427798425679,4.61512051684126,0.0,4.61512051684126,8.848764876066284,9.105090961257085,7.030086415884012
5.08469275973645,5.705048339777434,5.705048339777434,0.0,6.730742058806133,7.0909098220799835,3.7434662140848163
1.2198607203052634,4.7535901911063645,0.0,4.7535901911063645,0.0,9.04793908261736,4.6097211745122975
5.302079565593737,7.35897738442803,6.847484969389712,6.445275276146428,0.0,8.922791623969637,7.300913306028414
7.40791858391366,4.855617571829646,4.855617571829646,0.0,0.0,8.160803920954665,6.028898104152547
7.217847834874191,0.0,0.0,0.0,4.31740597682985,7.313886831633462,5.747838935047452
7.706276746355086,0.0,0.0,0.0,8.771718690110124,8.853808274977197,5.988458152428935
4.626331419372687,7.253342986034887,6.304485364824866,6.764808269662204,0.0,8.160803920954665,7.214065065996246
3.016092294497073,5.442071330192733,0.0,5.442071330192733,0.0,7.601402334583733,5.5418336022528445
5.247653400407707,6.0658296290632885,0.0,6.0658296290632885,0.0,9.210440366976517,6.585863654323933
4.232083299877886,5.69251928237749,5.247024072160486,4.678792325858705,0.0,8.006700845440367,5.9290100821492695
7.199915572218397,0.0,0.0,0.0,7.582113451460334,7.601402334583733,7.747152029071636
8.537162509916705,6.692641899363192,6.5466419284444735,4.705467907303455,6.377478352598224,8.517393171418904,7.561796395616327
4.237329349128451,6.289121702581841,0.0,6.289121702581841,0.0,8.006700845440367,6.360229752149694
8.301461110179892,5.8918375632979165,4.65757286478114,5.551757312093597,0.0,8.366602832783736,7.155342832863856
2.373071235663081,4.607567310587813,0.0,4.607567310587813,0.0,6.90875477931522,5.279887688525522
5.420160349453789,7.754052639035757,0.0,7.754052639035757,0.0,8.922791623969637,8.241812525983041
7.229774297086884,0.0,0.0,0.0,6.1209808139548105,7.313886831633462,6.664034790896524
7.610332034528418,7.0375108019746735,7.0375108019746735,0.0,4.990015084670873,7.824445930877619,7.790384970807095
6.0166307353485795,7.101865410017526,7.101865410017526,0.0,7.468752663501884,8.699681400989514,8.699314849565123
8.049279242866145,6.061829809768546,6.061829809768546,0.0,6.53576714287846,8.366602832783736,6.60113710217471
7.042643636013875,0.0,0.0,0.0,3.8762204134370672,7.0909098220799835,5.649207137094482
8.346825008974413,0.0,0.0,0.0,8.97098523921559,8.922791623969637,8.556102503974001
4.0245112841209885,6.155112838636315,0.0,6.155112838636315,0.0,9.210440366976517,6.950056794471269
7.339839098033288,6.446957148815795,6.051830311894415,5.332187251055652,0.0,7.601402334583733,6.328537635324573
7.859606219067041,0.0,0.0,0.0,7.836254934513911,8.517393171418904,7.407887283062244
6.683448834269424,6.493784096580028,6.275119772683821,4.873898770522785,5.2511223522003805,7.62608275807238,7.122437286593405
8.836131607383365,0.0,0.0,0.0,8.243322132995084,9.105090961257085,7.223921943666001
5.461897830169046,7.805662056767231,6.016083986289537,7.623392648577254,0.0,8.77971129020447,7.962391219355165
8.394278137854604,0.0,0.0,0.0,8.072134615714486,8.434028950155469,7.948788182390733
8.658505074968277,8.62073305068461,8.061549956363793,7.7732788938026385,7.909681984245224,8.853808274977197,7.771129487323805
7.759027581087659,7.675467113115254,7.139723775665505,6.796544349646135,0.0,8.922791623969637,6.6535065641758715
6.931166551006197,6.018398548348063,0.0,6.018398548348063,5.182831686198942,6.90875477931522,6.653651803350621
7.312466697137371,6.694116414682173,6.526040876594677,4.835885002798619,0.0,7.438971592395862,6.718163643894925
4.756518339547475,4.019441402195416,0.0,4.019441402195416,6.591082070042782,7.0909098220799835,6.0207005885299925
7.070511550262123,6.74436538206704,4.7535901911063645,6.598863189325449,6.940669869505186,7.0909098220799835,7.658478566885952
6.240390197306779,6.826762119772606,6.500884182935995,5.550903208462204,0.0,8.612685172875459,7.524320138942278
3.729182970247499,6.458071790158384,6.458071790158384,0.0,0.0,8.922791623969637,6.509074979913801
9.419372451976194,6.898028123223555,6.898028123223555,0.0,0.0,9.798182590890704,9.163589113854426
6.875415623118794,5.3442462984364365,0.0,5.3442462984364365,0.0,6.90875477931522,6.069356668543179
4.589579845741002,5.816307265498046,5.816307265498046,0.0,3.022948625662303,7.824445930877619,5.46074203235313
5.851577502907916,6.869139183011044,6.869139183011044,0.0,0.0,8.853808274977197,6.016433755588524
3.5034015613282126,4.310127759130018,4.310127759130018,0.0,0.0,8.294299608857235,3.2643295722410817
3.7048023591289287,0.0,0.0,0.0,3.8324508920077625,8.517393171418904,0.0
7.551420198979184,0.0,0.0,0.0,7.729288861182611,7.824445930877619,7.9202188453761115
6.399887805571899,6.635132576201249,5.600382997867079,6.198173791958767,0.0,8.412054873292933,6.72228366516405
7.960548496708912,4.912654885736052,4.2626798770413155,4.189654742026425,8.377084827914208,8.853808274977197,7.394803075154345
8.516384314963867,0.0,0.0,0.0,7.8401981345371805,8.764209507142004,7.0112036067734955
8.592911976086025,0.0,0.0,0.0,8.29951736481412,8.987321812850125,9.016551133429008
7.518936178987908,0.0,0.0,0.0,7.860769903006177,7.824445930877619,5.922940727206277
7.940984395495418,4.197201947661808,4.197201947661808,0.0,0.0,8.006700845440367,6.2823632543885415
7.175278932421372,6.236134728966472,0.0,6.236134728966472,4.543495442987359,7.0909098220799835,6.81808268409122
5.557402614759031,6.073505257444191,0.0,6.073505257444191,0.0,8.699681400989514,5.4416576945100505
5.098171919785299,5.410305868496084,4.5612182984589085,4.859812404361672,0.0,8.35490952835879,5.910037163296101
8.296199837519817,4.430816798843313,4.430816798843313,0.0,9.105433609467935,9.210440366976517,7.177072605560596
2.5462432533793655,4.624384404911896,0.0,4.624384404911896,0.0,8.699681400989514,6.342230984901657
7.233461614992133,0.0,0.0,0.0,4.6378228477920365,7.313886831633462,5.2168410609305145
8.85098017511355,8.38958706681109,8.294299608857235,5.993961427306569,6.818248749869699,9.210440366976517,7.334064219856305
7.994674274463676,4.779543572932872,0.0,4.779543572932872,5.064499408425924,8.006700845440367,5.888563546029626
4.373074660047249,6.953454958233127,4.162003210695915,6.891178642577335,0.0,8.853808274977197,6.852241868205967
7.17697117195838,7.155848970699195,5.473949935191195,6.950987167374138,0.0,7.496097345175956,6.301540337447162
3.3651525002126035,5.332332245135314,0.0,5.332332245135314,0.0,7.0909098220799835,5.7938319990209095
4.360623194009417,5.147843253193202,0.0,5.147843253193202,0.0,7.313886831633462,5.800871459327452
6.694675774827428,7.1495478512680775,5.8795268938671175,6.8209875086816245,0.0,8.699681400989514,7.7299061796467985
8.598695102181068,7.422702397707298,4.69033819835797,7.356062739312775,7.926254971617909,9.04793908261736,7.7884503253597455
7.163578357230518,7.325978653188964,6.93325731999448,6.203405583914198,3.6902458202104786,7.438971592395862,5.687747922240697
3.579874444236496,5.878631738833638,0.0,5.878631738833638,0.0,6.90875477931522,5.66240901560733
6.700195762092888,6.326292575616706,6.200590306653988,4.205289456173828,0.0,9.04793908261736,6.544766881356332
7.012213913767646,4.736198448394496,4.736198448394496,0.0,5.251231571366267,7.824445930877619,5.306988934587885
6.877331785292673,3.948354934675536,3.948354934675536,0.0,0.0,7.0909098220799835,5.549314437809864
4.396520538738637,6.960840966073726,6.960840966073726,0.0,0.0,8.006700845440367,6.87882162889226
6.411674679404873,5.33194554752802,5.33194554752802,0.0,6.98239158018834,8.699681400989514,5.5592616579461716
0.0,5.3019607214628355,3.1354942159291497,5.185876287202287,0.0,9.105090961257085,8.623076520503302
7.472900407897413,8.283077162034337,8.161477786972204,6.118075171367044,0.0,8.922791623969637,8.178289483202349
5.136168298055011,7.350939974117316,5.348677725886986,7.20662206863354,0.0,6.90875477931522,7.1193743749270055
5.596855095070928,0.0,0.0,0.0,8.635295896328515,9.105090961257085,10.437289438463957
7.26729534413834,6.929281909526417,0.0,6.929281909526417,0.0,8.517393171418904,6.264560284325638
5.489339562764913,6.67405621372841,4.1728476237100445,6.589888875353041,0.0,7.313886831633462,6.173678373099182
7.303644848940239,7.891442942842344,7.72886462275796,5.9971483635762795,8.319966896656117,8.517393171418904,8.727580880339488
4.0218292441981385,6.138417960064145,0.0,6.138417960064145,0.0,8.517393171418904,6.0490480033823735
7.431637377014466,5.093995569474415,4.304605487705297,4.499809670330265,0.0,7.496097345175956,5.805180494988595
7.075847520881242,4.875197323201151,4.2626798770413155,4.110873864173311,0.0,7.0909098220799835,5.636358938974541
7.742873772936917,0.0,0.0,0.0,8.164046019281095,8.006700845440367,8.008250798257798
8.99117302831046,0.0,0.0,0.0,8.498069461996735,9.04793908261736,8.606736796259021
0.7660830017273174,4.115779842942166,4.115779842942166,0.0,0.0,7.0909098220799835,6.549039964903243
5.245453165247858,6.804004577988209,6.804004577988209,0.0,0.0,7.0909098220799835,6.911531911519338
7.667539165917447,0.0,0.0,0.0,7.659950979727322,8.699681400989514,7.061156132331201
7.466718335077332,8.022700128937807,7.8247657517806415,6.307369578503503,4.790294569524175,8.006700845440367,7.23805749942677
7.8779030610316445,0.0,0.0,0.0,7.094291829363409,8.006700845440367,6.265308366704516
6.21548263790104,0.0,0.0,0.0,6.2104789813394525,7.0909098220799835,6.864282411500768
3.1058038746019365,5.738956549663855,0.0,5.738956549663855,0.0,9.04793908261736,6.0998912933225435
7.336477212358016,8.781051723524937,8.11489306945123,8.060483208800893,0.0,8.699681400989514,8.508152701456286
4.1424192006227445,6.170489007782642,0.0,6.170489007782642,0.0,8.699681400989514,6.371701065474013
7.166516137434785,0.0,0.0,0.0,4.626773994105312,7.313886831633462,6.2076379492728355
6.490467973776809,6.418772683138599,0.0,6.418772683138599,7.260722645542132,7.313886831633462,7.707134888822726
7.904692363991549,0.0,0.0,0.0,7.412435842883127,8.006700845440367,6.474458652318696
6.537798373294852,0.0,0.0,0.0,7.736651513212589,7.496097345175956,7.815178512548298
8.753148213211292,0.0,0.0,0.0,8.610837288802998,9.588845298501564,9.803225875125424
8.400076452484882,0.0,0.0,0.0,5.5056044580353305,8.517393171418904,7.085505949339771
7.068736509676861,0.0,0.0,0.0,7.260867136059415,7.496097345175956,5.478897370218324
3.1303281993619505,5.130371975698589,0.0,5.130371975698589,0.0,7.313886831633462,5.291954053547251
7.326227950074211,0.0,0.0,0.0,8.554109295805306,8.612685172875459,8.816698128108994
6.968322652101073,0.0,0.0,0.0,4.932727509740163,7.0909098220799835,6.103152916850547
7.365641267780072,0.0,0.0,0.0,4.835816044486155,7.496097345175956,6.142694611085881
1.9670137504458776,5.135857258849637,0.0,5.135857258849637,0.0,9.210440366976517,6.596944511117086
7.954981436672812,4.571303116476514,4.571303116476514,0.0,5.611518640359351,8.612685172875459,6.522296118675608
3.5030191934865678,0.0,0.0,0.0,6.632163980313806,8.922791623969637,6.732988190798694
8.66989847041196,0.0,0.0,0.0,8.079259431644104,9.15915233520675,7.1025546110381725
6.8871109261944286,7.246040157489259,0.0,7.246040157489259,0.0,8.412054873292933,7.478837449115458
7.371141909725692,6.717756326260229,6.717756326260229,0.0,6.818866227537378,8.294299608857235,5.558977079091974
7.334253327828656,6.872822160942021,6.872822160942021,0.0,0.0,8.006700845440367,5.667694247740985
5.199771230179209,7.411501905667829,6.905853471692541,6.48891613582852,0.0,9.350189267092581,7.488171690727381
5.549786447314075,4.721974965530176,4.721974965530176,0.0,0.0,9.210440366976517,9.731713684972977
7.4930300244323025,5.291796149557771,5.291796149557771,0.0,5.60910636945075,7.576097340623111,6.377176787181954
7.007589977696194,0.0,0.0,0.0,7.636200263620216,8.77971129020447,5.811291751073205
7.486962199581419,0.0,0.0,0.0,4.610321773744301,7.601402334583733,6.119786338921249
8.178002823500918,0.0,0.0,0.0,7.2910592885459735,8.294299608857235,6.787976559898641
8.466392543027139,5.739342650054752,0.0,5.739342650054752,0.0,9.059633754551479,8.680064691593666
3.545695741655122,6.37434315654335,0.0,6.37434315654335,0.0,6.90875477931522,6.362659314856622
4.834214962769536,6.913041283411374,0.0,6.913041283411374,0.0,8.294299608857235,6.879336701397318
7.932898442313512,0.0,0.0,0.0,7.3448925604144195,8.987321812850125,6.7320248799057385
8.78554945655312,7.349500884606874,5.268373490174964,7.2169444077183496,7.193150760175562,8.922791623969637,7.102158938168368
8.3804641092276,0.0,0.0,0.0,6.487180491431725,8.412054873292933,7.205181717265866
6.921888059108526,0.0,0.0,0.0,6.404386789877968,7.0909098220799835,6.285489002187305
8.884159312509476,0.0,0.0,0.0,8.211586810857792,9.392745258631441,7.57416163904275
7.749926676914948,6.07993319509559,0.0,6.07993319509559,8.101400222281356,8.294299608857235,8.448019325407909
9.081615824168454,0.0,0.0,0.0,8.218181889715709,9.392745258631441,7.716740300533426
3.1663597199946576,6.75080902851941,4.824305715904762,6.5947553985460665,0.0,8.699681400989514,6.388906072191677
6.989139663435492,4.709530201312334,4.709530201312334,0.0,5.837810158274639,7.0909098220799835,6.2254186789564585
1.5570497030563695,5.0466457316192885,5.0466457316192885,0.0,0.0,8.24301946898925,5.192387777887769
8.694432395909752,10.016055680835818,9.860111256897904,8.081150312093932,0.0,9.581972891547895,9.920555405016737
7.718848634334997,6.806198630550472,6.806198630550472,0.0,0.0,7.824445930877619,6.672410633621585
5.791941955100538,6.991324070401455,5.241747015059643,6.80146099416422,0.0,8.853808274977197,7.85592199199507
8.155477215082996,5.241747015059643,5.241747015059643,0.0,7.9189861196473315,9.04793908261736,6.740035892873218
7.713444266591576,4.795790545596741,4.795790545596741,0.0,0.0,7.824445930877619,5.840940984663538
7.385677634070399,6.863374877501403,6.774052443090628,4.4157031610332655,0.0,8.517393171418904,6.557090972061326
8.100450027751428,7.980731760391598,7.924072324923417,5.088028340670028,8.24350629206598,9.472781556562168,8.751757799535802
7.270858178576982,5.56014302445459,3.277899165317662,5.45677305224001,4.971399859767952,7.313886831633462,6.497372687848781
4.375042552651601,7.2216385815859105,0.0,7.2216385815859105,0.0,8.699681400989514,7.114889370443816
8.185255528059795,5.8377304471659395,5.181783550292085,5.111987788356544,8.596022096082713,8.699681400989514,8.69115861174362
7.0214982240074475,0.0,0.0,0.0,6.619061664427438,8.006700845440367,7.576669579221135
5.256832840101967,8.01047910368996,0.0,8.01047910368996,0.0,8.922791623969637,7.841500031746077
8.493391272660316,6.746153575762523,6.746153575762523,0.0,0.0,9.350189267092581,7.001675198276564
6.793591209959302,6.551066049227077,0.0,6.551066049227077,7.0983714542845116,7.313886831633462,7.674974131394099
4.834157000141576,5.710658778595633,5.710658778595633,0.0,0.0,8.517393171418904,6.598443540094167
7.507260030917324,8.492625870976477,7.758828859501316,7.838934623350043,0.0,8.412054873292933,7.169345812658683
5.361668531494655,6.428105272684596,5.811140992976701,5.655991810819852,0.0,8.699681400989514,5.938547105559818
7.6668802789240695,7.378439926282427,7.262719760914419,5.170256696480519,4.377015625512479,7.824445930877619,6.552248619476163
6.262120465604285,8.669134575402849,8.443981432927664,7.068546717225728,0.0,8.699681400989514,8.571854537843414
7.884845918203438,0.0,0.0,0.0,7.687286196023276,8.006700845440367,6.796361586927606
2.9131692425320788,5.001930853466109,0.0,5.001930853466109,0.0,8.294299608857235,5.1822783828984145
5.853859993270738,3.3250360206965914,3.3250360206965914,0.0,6.156653665725635,6.2166061010848646,3.389626159206999
7.697363670292417,0.0,0.0,0.0,7.908674955740318,8.006700845440367,8.142619323479218
5.140787962755996,7.434865584618351,3.6888794541139363,7.411574414535091,0.0,8.294299608857235,7.232460356201973
7.368565790085535,0.0,0.0,0.0,6.0906149483594945,8.294299608857235,6.6924120298055225
8.5235584562663,4.605170185988092,4.605170185988092,0.0,8.00662394644906,8.699681400989514,7.0434928937328705
6.890777308444227,6.079292257473503,3.8426729272933526,5.968886572094735,0.0,7.741099090035366,6.822768719755642
5.456930405225941,7.072523676528502,6.805168690207036,5.626253272146963,0.0,8.699681400989514,7.002511177018882
7.091866560762451,6.747832975331628,5.5662430606341395,6.383101147279612,0.0,8.188966863648876,6.887113667196877
3.6272166607713845,5.417876601605676,5.417876601605676,0.0,0.0,7.650168700845001,5.921828825287024
7.775398225390531,7.268362481448475,6.191830650732204,6.852728708794921,5.543029193327025,8.853808274977197,7.53797492593366
5.2952003988474265,0.0,0.0,0.0,8.264539367030425,9.105090961257085,8.732554634442142
3.3529141139989793,0.0,0.0,0.0,7.098681267914444,9.305741456739435,9.559429019498074
7.223273731108465,7.479299637782834,7.479299637782834,0.0,6.134447739161312,7.496097345175956,7.434567676573959
4.61549267530448,6.029434478359611,0.0,6.029434478359611,0.0,6.90875477931522,5.462219378645966
7.253890087236022,7.154224655599844,7.154224655599844,0.0,0.0,9.259225769705994,7.168404881179198
8.15319529340798,7.076611584822521,6.578903929492285,6.142467420644509,0.0,8.699681400989514,6.863456154579687
6.0231923012969855,7.989255318040284,7.903814219319906,5.491042946640714,0.0,8.294299608857235,7.832553594519377
8.126219642700958,6.892956312470066,6.892956312470066,0.0,6.232757563920664,8.24301946898925,7.435899063370143
5.94792914284805,6.922249725132589,6.922249725132589,0.0,6.169081868818342,8.160803920954665,7.717542070181611
6.110260849236462,8.18813897313872,7.949490290758191,6.639732032637967,0.0,7.601402334583733,8.269446022920198
7.035119267709157,6.727407772468191,6.727407772468191,0.0,0.0,8.922791623969637,5.656799561424554
7.215091721416996,0.0,0.0,0.0,5.166896710465303,7.313886831633462,5.823265037150203
5.184874073073768,7.691602026788724,4.624972813284271,7.644383316153618,0.0,8.922791623969637,7.772000850730628
7.179185685350803,6.472778967499584,6.047773989562574,5.416589171626073,7.762777721955638,7.313886831633462,7.472716715160714
6.993536894958894,6.081762185088762,5.017279836814924,5.662265794453267,0.0,6.90875477931522,5.8974990250960175
5.835492612719684,5.627836917741397,0.0,5.627836917741397,0.0,7.937731775260109,7.95890808218507
7.162651248879007,6.794586580876499,6.335054251498059,5.799092654460526,0.0,8.160803920954665,6.486379739058129
6.394088395992576,6.537662140954444,5.4375139317363255,6.135131896920395,4.313386406358161,8.163972591783025,7.7527709862377465
6.796915274977267,7.551034464721828,7.525160075541612,3.903990833730882,5.335703609628,7.313886831633462,6.854491772368913
7.308566376631597,7.795741182061307,7.427560465528704,6.619446343426063,0.0,8.853808274977197,8.38358506807656
4.731931982766795,6.132334570986185,5.619131945035693,5.2249937021291935,0.0,7.0909098220799835,5.359532665644999
6.680104037028792,8.134177205545159,8.134177205545159,0.0,0.0,8.517393171418904,8.665278691455994
7.595123100673905,7.720918555617685,7.382988957644925,6.473334986418552,6.8972181074716685,8.006700845440367,6.802118985301047
8.853137074197425,6.908524982684227,0.0,6.908524982684227,8.780804887978231,8.987321812850125,7.960113152899046
4.297531294353172,6.26530121273771,0.0,6.26530121273771,0.0,6.90875477931522,6.3180172113315525
6.296396450801814,6.32039052506306,6.32039052506306,0.0,6.151884835372943,8.853808274977197,7.824784626812355
7.560311186320288,0.0,0.0,0.0,8.599478947912273,8.612685172875459,7.985333628220324
4.1245168493824425,5.962087228397305,0.0,5.962087228397305,0.0,7.313886831633462,5.854033331477817
3.554047930971604,5.0689042022202315,0.0,5.0689042022202315,0.0,7.0909098220799835,5.188036482373016
6.200337455445941,8.418176952651256,8.372932444578629,5.304945352838257,0.0,7.741099090035366,8.328525350292159
6.599855089570299,4.436396441739405,4.436396441739405,0.0,0.0,9.105090961257085,5.278983108549831
8.631909844835416,5.652068038969523,4.835329072196206,5.075173815233827,8.199424985246772,9.581972891547895,9.403077462455792
6.014473540768033,0.0,0.0,0.0,6.657899069126619,7.313886831633462,7.306419281916371
6.365867747243638,0.0,0.0,0.0,7.034020284368592,7.0909098220799835,5.375394780542211
7.904740706923811,5.874705986497786,5.874705986497786,0.0,5.834289007418109,9.04793908261736,6.906683936299454
8.248637280384996,5.288267030694535,4.400603020246817,4.7664383335842135,8.275805390793861,8.853808274977197,6.552724277315246
7.111474889049553,0.0,0.0,0.0,5.681487709763188,7.244941546337007,5.861010782296228
8.255241899463858,0.0,0.0,0.0,7.567066774145446,8.630700432209832,6.209084543641704
8.612742638230293,0.0,0.0,0.0,8.50349951067509,9.105090961257085,9.214113707981259
5.901310688600438,0.0,0.0,0.0,6.580987628565904,8.77971129020447,4.56364526739125
6.536681817833339,6.690307973212807,0.0,6.690307973212807,0.0,7.601402334583733,5.5403609575566035
8.238022452184701,6.640124169001876,0.0,6.640124169001876,5.635283088528175,8.853808274977197,7.403206670986425
7.240968700715165,0.0,0.0,0.0,5.637263690090616,7.3783837129967145,5.968239634668611
4.772427274659934,5.375278407684165,5.375278407684165,0.0,0.0,7.467942332285852,4.470532146970551
8.383533637665142,7.580720160179585,7.35949309942098,5.966146739123692,8.541910583602032,8.853808274977197,6.711559970021439
7.983521070639387,5.017279836814924,5.017279836814924,0.0,7.269014446393704,8.006700845440367,6.360828771264069
5.7419351914222645,6.783177964397178,6.236115154706623,5.921578419643816,0.0,8.922791623969637,5.620169143219392
6.878451016662558,4.795790545596741,4.795790545596741,0.0,5.980471686409374,7.313886831633462,7.406752108799372
6.837487968957557,7.531284392661212,7.531284392661212,0.0,5.007580091714842,7.601402334583733,5.2745552452913005
7.303840926486368,5.14166355650266,5.14166355650266,0.0,0.0,7.313886831633462,6.009279103912752
7.585246417296935,7.204781062687051,7.204781062687051,0.0,7.828045920142528,8.160803920954665,8.2358220221906
4.326169983467296,6.404567082345357,5.539693686123306,5.860786223465865,0.0,7.824445930877619,6.070067993387712
4.451828825240445,5.321056853517526,0.0,5.321056853517526,0.0,7.313886831633462,5.334997205373946
6.506893665514124,6.859583423620411,6.501034382701967,5.663446473133327,0.0,6.90875477931522,7.218136672640762
8.240519665683259,7.873620629165867,7.713194893840704,5.967120623718465,0.0,8.922791623969637,7.629696754088096
4.08162398093269,6.676264486180099,0.0,6.676264486180099,0.0,9.210440366976517,6.637398915199957
5.428487071903299,6.507561254272764,6.507561254272764,0.0,0.0,8.987321812850125,6.998077106711458
5.382635927410514,5.602893428542784,5.602893428542784,0.0,5.4548148975074735,8.699681400989514,6.118958474613269
7.3482884385848894,7.636959519772472,7.326070799069122,6.319022166339621,0.0,8.853808274977197,7.833230984740106
7.032135137896338,0.0,0.0,0.0,7.312814109237297,7.576097340623111,6.497759647031947
6.9559773360950246,6.4819445962085425,6.4819445962085425,0.0,0.0,8.294299608857235,7.73011136924538
6.13547175471005,4.98552259328118,3.590439381300684,4.709800435066175,7.2481505767547265,8.987321812850125,7.119798693493596
8.678325436671672,4.995047770754542,3.7764323511217976,4.654150808209713,7.699620496001111,8.987321812850125,7.5767214876787685
5.64314517296771,6.161924364136748,0.0,6.161924364136748,0.0,7.313886831633462,5.038314538194278
7.097455057134436,4.969813299576001,0.0,4.969813299576001,7.214795154810606,8.006700845440367,5.989605535215644
2.3153542195842642,4.395189621200163,4.395189621200163,0.0,0.0,7.3783837129967145,0.0
6.835693441604637,0.0,0.0,0.0,7.197620268885025,8.699681400989514,6.066657702380313
6.811377086755529,4.59511985013459,0.0,4.59511985013459,7.8952746915114735,8.006700845440367,6.244823516112583
6.61353568207614,7.395770717279558,6.441313299524955,6.910601225432056,0.0,8.699681400989514,6.795406974384879
0.0,4.163559631243574,0.0,4.163559631243574,0.0,7.901377353792616,0.0
7.313436987630711,0.0,0.0,0.0,2.950913395877379,7.313886831633462,5.738395962622867
4.502361267790494,6.7226297948554485,0.0,6.7226297948554485,0.0,8.294299608857235,6.829036015919317
6.96427068741619,6.673247397588877,6.607946642732442,3.9318256327243257,0.0,8.987321812850125,7.192878622677748
7.678385440369914,5.869918189028486,4.854215374824954,5.424685665362843,5.2258630647889595,7.824445930877619,8.228602626943857
6.608313346973863,5.017279836814924,5.017279836814924,0.0,0.0,7.496097345175956,7.501644945956519
6.503261858132963,0.0,0.0,0.0,7.270242075638831,7.313886831633462,6.099987062870235
7.165527513894192,0.0,0.0,0.0,7.26315325714701,7.313886831633462,5.688017084738769
7.216559456365895,0.0,0.0,0.0,6.139585893408012,7.313886831633462,5.7171328899526594
2.664587082994679,4.791317747615575,4.115290326737563,4.0975062255596795,0.0,8.922791623969637,6.283649625792093
7.965446951253125,6.813620408231461,6.243739624928439,5.9823733470962015,7.863960263071135,8.006700845440367,8.319859328043535
7.491788011131621,6.369644100521724,6.180451341770698,4.621437158451963,0.0,9.350189267092581,8.35429888747429
7.57086725390846,7.031078495014136,7.031078495014136,0.0,7.502489424156419,8.006700845440367,6.340603101167235
7.986181135030225,6.620073206530356,5.703782474656201,6.111467339502679,8.872229236353379,8.517393171418904,8.333905430877742
6.7901235535027915,0.0,0.0,0.0,5.534646157286748,7.313886831633462,7.459328361754681
2.7053558412391308,5.016484818885147,3.4307561839036995,4.795625242678768,0.0,8.294299608857235,5.466983443560814
8.392641057571476,4.02749225523426,4.02749225523426,0.0,0.0,8.517393171418904,7.2687861916984975
7.973014444870287,6.379240792345062,6.379240792345062,0.0,0.0,8.006700845440367,7.082060199912447
7.863843543386516,7.172347828208886,7.065527962854679,4.890349128221754,0.0,8.412054873292933,6.275801303976018
8.313003919417502,0.0,0.0,0.0,8.161473880429135,9.546884034617925,8.98892652011899
6.6747099577981555,6.751335359710835,6.751335359710835,0.0,0.0,8.902591637374087,8.584418032912213
6.857843219723689,6.93131554339115,6.93131554339115,0.0,0.0,7.313886831633462,6.708223080297622
1.5352487062117501,4.285653390016292,0.0,4.285653390016292,0.0,7.601402334583733,5.604825449855487
8.82098608172599,9.562123369834488,9.562123369834488,0.0,6.1437466858706244,9.105090961257085,8.66123485072436
6.811057597943013,4.867534450455582,4.867534450455582,0.0,7.682157915539004,7.438971592395862,7.67505199654626
7.442162202449259,0.0,0.0,0.0,8.22157560523007,8.294299608857235,5.647638684734804
7.745939460819292,5.767852135896146,0.0,5.767852135896146,8.172659276856004,8.517393171418904,6.268552834928357
7.724811234929463,5.40357787720553,5.40357787720553,0.0,0.0,9.105090961257085,8.823527668441008
5.943722460763056,7.1043166335658015,7.1043166335658015,0.0,4.984005138180509,8.006700845440367,7.382086775734191
8.076987493876569,0.0,0.0,0.0,7.197662733184127,9.581972891547895,6.691608329267522
7.645135447922718,7.136872949655992,6.780614849150885,5.934576684900933,7.231904099702748,7.824445930877619,6.458408318509825
4.650256250824963,6.868224117644805,0.0,6.868224117644805,0.0,7.901377353792616,6.845655301112992
7.371578537144047,0.0,0.0,0.0,7.235675602008824,8.006700845440367,6.122178424574304
8.759495376197304,5.819132924343376,0.0,5.819132924343376,7.866542426494754,9.105090961257085,7.37341466942202
8.30135177152873,0.0,0.0,0.0,5.622904363408027,8.412054873292933,6.794837634466292
6.5882784849631735,9.077447632512165,9.063895095796658,4.777946329938515,0.0,8.294299608857235,9.065234260629445
7.477388837646537,5.568802414171296,5.457626149032919,3.3527071725017215,6.865987528000195,7.576097340623111,7.319255870860284
7.568439664256424,0.0,0.0,0.0,8.341911892465857,8.853808274977197,6.524430110115445
7.305535675854992,6.4224836852978,5.74370806752852,5.718046918669906,0.0,7.438971592395862,6.347647325202972
8.30363943740643,6.914452800429858,5.3981627015177525,6.66787240366363,8.733048216718242,8.699681400989514,8.222888642427217
2.1921320769838606,4.04305126783455,4.04305126783455,0.0,0.0,9.259225769705994,5.747098415904406
4.998518521602167,7.960295705547811,0.0,7.960295705547811,0.0,7.824445930877619,7.859530167924488
7.026905422387393,6.472284468787567,4.109233174715851,6.375127029255301,7.102660784719604,7.313886831633462,6.543381006853124
7.576587683737402,0.0,0.0,0.0,7.953426419454968,8.006700845440367,5.709479383080826
6.880675462135677,0.0,0.0,0.0,8.07443388940031,8.699681400989514,6.027796659576185
8.688234676406607,5.389071729816501,5.389071729816501,0.0,7.835378699080423,8.987321812850125,7.178405518210016
7.579530115404802,7.209843088741519,6.807271740403815,6.107646301397391,4.564102765520019,7.824445930877619,7.123973068076514
7.234027123758967,4.900373899838718,0.0,4.900373899838718,0.0,7.972810784121404,7.538432078328068
8.969371267306467,7.473949382277683,3.9889840465642745,7.443400336564641,8.91186262186495,9.61587214452889,7.6572720022772485
0.0,4.271793154274181,4.271793154274181,0.0,0.0,8.294299608857235,4.5719618526017705
8.558850338667346,0.0,0.0,0.0,8.004802903201007,8.699681400989514,7.227689954415651
7.513761968217556,7.35321644061518,7.178736159710507,5.525293563882423,7.529953408661782,8.294299608857235,4.122490846293801
6.410503873895019,6.310063722194484,5.384265678684401,5.808532804188332,4.22571371681056,8.412054873292933,6.157199209215907
9.185444496094227,9.230204762070883,8.430859402993434,8.633230704534158,4.737254110285599,9.61587214452889,9.02324580969269
4.207126863169304,5.561911643470728,0.0,5.561911643470728,0.0,7.313886831633462,5.95395818002338
6.757616204229996,3.895080284697834,3.895080284697834,0.0,9.120428723990928,9.210440366976517,5.933260790911573
3.8084734268113403,6.223072176834322,0.0,6.223072176834322,0.0,9.04793908261736,6.217107653928921
8.236725176829577,0.0,0.0,0.0,8.112762674733748,8.699681400989514,6.782615050432261
4.610433540205578,6.966580636033274,6.966580636033274,0.0,0.0,7.824445930877619,7.271967169050992
7.997640057150765,4.119687369893896,0.0,4.119687369893896,6.8970844183197,9.04793908261736,8.64718238031304
7.571635926620699,5.57245816843315,0.0,5.57245816843315,0.0,8.517393171418904,6.324821719092189
7.956250656491134,6.054063688864502,6.054063688864502,0.0,0.0,8.006700845440367,6.588673071288566
6.070873432420095,6.707619995716847,5.541812414110144,6.335904953378372,0.0,8.537191877922927,7.936679014590118
5.488170973599374,4.0943445622221,4.0943445622221,0.0,5.28779335287034,8.517393171418904,8.54413332346591
6.886625470610643,6.31269623431291,0.0,6.31269623431291,0.0,7.0909098220799835,6.975342208061748
8.907721146038556,5.342334251964811,5.342334251964811,0.0,8.81428280233704,9.546884034617925,7.386865486563562
7.282891063953761,4.2626798770413155,4.2626798770413155,0.0,5.69400529004569,7.313886831633462,6.536063378563917
3.1341430861729904,5.817111159963204,0.0,5.817111159963204,0.0,6.90875477931522,6.611734900613202
4.04465545412362,6.0063531596017325,0.0,6.0063531596017325,0.0,8.814073736948934,6.317958820797836
8.686342864752708,6.803283257385426,0.0,6.803283257385426,7.435595305969509,8.77971129020447,7.412119280962405
5.383130237343003,7.6991673607636875,6.979601409385,7.032641913122869,0.0,8.922791623969637,7.571603307283564
9.172722494099862,0.0,0.0,0.0,8.38329460795684,9.392745258631441,7.811968580217552
6.77053129311903,5.135974892069394,3.044522437723423,5.010835274098922,6.072463639607412,8.517393171418904,6.099112985224023
6.766473260276119,6.691065854907726,0.0,6.691065854907726,0.0,8.216358332386156,7.070117508703143
6.0658463690828475,6.80166116097056,5.69035945432406,6.404136953465499,0.0,8.77971129020447,6.764974983960266
7.541817055896341,7.215151739543018,4.76754410497235,7.125484197594848,0.0,7.0909098220799835,5.718871070436034
7.496677435636088,7.429692934802707,7.391224094337691,4.168214410788556,0.0,8.987321812850125,8.384131996345802
6.14299431964204,6.080619458418875,0.0,6.080619458418875,0.0,7.496097345175956,6.261835472547341
7.537584658622316,4.168523960396352,4.168523960396352,0.0,0.0,7.601402334583733,5.951355678461351
7.294755839725741,6.360576825750348,0.0,6.360576825750348,6.27300379473462,7.313886831633462,7.144347466620395
6.0186462568850825,7.272231712012947,6.967588999883588,5.937800022522289,0.0,8.006700845440367,6.0534904431515315
5.682520744186531,7.943363868071246,7.624936318616628,6.645312011393981,0.0,8.853808274977197,8.385665103065655
8.55208363806074,4.231784971343338,4.231784971343338,0.0,7.888423161849402,8.699681400989514,7.072897501585807
8.958982115591983,4.6851821239574765,4.6851821239574765,0.0,8.13306832580905,9.04793908261736,7.545550812750396
7.354808920384629,5.8722304591842835,5.8722304591842835,0.0,0.0,8.699681400989514,7.998653432403598
8.946781669151125,6.498282149476434,6.498282149476434,0.0,8.615583412474411,9.105090961257085,8.073261141597706
7.71985453871185,8.223833699542364,8.079881315668725,6.216446407695832,0.0,8.055475141757274,8.165381893609494
7.93186466557325,7.453590839937577,6.55257921116714,6.933423025730715,6.913165519203189,8.517393171418904,6.701388526858022
7.780442069474392,7.846715114117235,7.357186234522044,6.898613621064854,8.316868886354005,8.77971129020447,7.198409781882205
8.393794144649162,6.8679744089702925,0.0,6.8679744089702925,6.865963671831115,8.412054873292933,7.413202313032705
5.42650809819718,7.806594617242537,7.7105413100594715,5.420534999272286,0.0,8.699681400989514,7.601060549045278
5.008847697296717,6.279758932058197,5.8396527965186,5.25227342804663,0.0,8.006700845440367,6.167923730806061
6.677090044348892,1.7900914121273581,1.7900914121273581,0.0,0.0,7.824445930877619,7.028226637414106
6.868204505284867,0.0,0.0,0.0,7.2142486559143135,7.313886831633462,5.733468805982395
7.607346600890347,5.344723739362192,0.0,5.344723739362192,0.0,8.853808274977197,6.251052038753869
8.894822286804414,0.0,0.0,0.0,7.538245651138773,9.04793908261736,7.505049643787497
6.941587538923868,6.928831604584053,6.928831604584053,0.0,5.20367174087869,7.0909098220799835,6.6972524744705675
7.227246920739572,0.0,0.0,0.0,7.41450557125399,8.006700845440367,6.164493599508491
0.5211356918861465,2.928523523860541,2.928523523860541,0.0,0.0,7.313886831633462,2.986944927671563
7.1926105086761725,4.948759890378168,4.948759890378168,0.0,0.0,7.3783837129967145,5.7913693793313294
4.487869941269405,6.427297191832543,0.0,6.427297191832543,0.0,8.294299608857235,6.608062484381425
9.093630947942538,8.219210246678818,7.3783837129967145,7.655187025612318,6.378513947202631,9.105090961257085,7.797730372281524
4.9496150707065025,6.469498348048981,0.0,6.469498348048981,0.0,7.313886831633462,5.993724835729966
6.192382755118193,4.6441985729555695,0.0,4.6441985729555695,0.0,8.853808274977197,5.234632273137404
8.119046197371654,0.0,0.0,0.0,7.513223397700523,8.160803920954665,6.495632995975519
1.3341757262325522,5.147029252334255,5.147029252334255,0.0,0.0,8.294299608857235,5.4310637004696005
7.805655720933987,6.434803307644228,0.0,6.434803307644228,0.0,7.824445930877619,7.0953682390766595
7.671829367973289,6.154497094681408,6.154497094681408,0.0,0.0,9.04793908261736,6.9343154704633445
8.41311925664705,0.0,0.0,0.0,8.457228419575916,8.922791623969637,7.4885091309725444
7.249491024007147,6.298397624151875,6.298397624151875,0.0,5.725205898862258,7.3783837129967145,6.226656944662788
8.297589135441372,7.860482081257468,7.579213955096929,6.4562671745616536,7.27133914635013,9.04793908261736,9.02920063527767
9.361542999421275,9.594724836473109,0.0,9.594724836473109,8.138484331867991,9.517898598432753,9.341509089430595
7.518026407570178,3.3002714630721948,3.3002714630721948,0.0,5.074994042825736,7.576097340623111,6.26710109198282
6.7408828880843865,0.0,0.0,0.0,8.60393480147204,8.699681400989514,7.046946500266123
7.093296517865839,0.0,0.0,0.0,7.251049754690132,7.313886831633462,5.963682975780582
6.982478981178062,7.69872765585752,6.778659747647184,7.191165741082996,0.0,6.90875477931522,7.830227719066373
7.374390448833213,0.0,0.0,0.0,5.348111983228956,7.496097345175956,6.419113572440571
0.0,4.130515758526928,4.130515758526928,0.0,0.0,7.8636512654486515,0.0
3.145996439231354,5.469240878389622,5.469240878389622,0.0,0.0,8.294299608857235,5.558591024142141
4.897793045126578,7.233217123083298,7.215070846781037,3.254242968705492,0.0,8.853808274977197,7.148138064317288
8.601450938945758,5.664452422192262,0.0,5.664452422192262,7.41636388257407,8.77971129020447,7.168909614858071
6.50297591169998,7.601252398306371,5.863631175598097,7.408348732181879,0.0,8.03947991910045,6.504465367417721
7.530088084230979,0.0,0.0,0.0,7.984740856444091,8.006700845440367,6.879064029387944
8.193400532753822,5.902633333401366,5.902633333401366,0.0,5.935794279840214,9.15915233520675,7.103796621780055
7.475767422093113,7.711683258885441,7.711683258885441,0.0,0.0,9.472781556562168,7.7007732702053895
6.116099936118489,8.531989188783902,8.466585977411182,5.775389703508636,0.0,8.853808274977197,8.275009628785346
4.176882554082976,6.296372400224832,0.0,6.296372400224832,0.0,8.922791623969637,5.935073010319117
9.142399650713578,0.0,0.0,0.0,8.207359603749692,9.305741456739435,7.744805912705544
7.726762066379392,0.0,0.0,0.0,7.855138625720185,8.006700845440367,6.236500841863801
7.287738203887744,5.1911218349444805,0.0,5.1911218349444805,0.0,8.77971129020447,6.503325335905728
6.740327654470739,7.695021020559755,7.5336027966252415,5.794689033343877,7.90759238398098,8.517393171418904,8.094103783019944
7.246685905570638,0.0,0.0,0.0,4.704092878259336,7.313886831633462,6.084571549425446
7.517064033234385,0.0,0.0,0.0,6.571226512563145,8.160803920954665,7.992894810946138
5.813563257522584,8.45097432595724,8.12880051642537,7.162319974971091,0.0,7.824445930877619,8.240383333926776
8.417945355871183,7.49969995403292,6.884998291859521,6.7226297948554485,8.37919267190459,9.105090961257085,7.193385883110982
4.31769209273114,6.305727691789675,0.0,6.305727691789675,0.0,8.294299608857235,6.51357797621618
4.49415686774881,0.0,0.0,0.0,6.085676894969829,7.824445930877619,6.180010384481783
7.319737179927447,5.9220072820927605,5.787878495009303,3.867862109642376,7.067718658291399,7.824445930877619,7.989496467626063
1.5944515761655371,2.9338568698359038,2.9338568698359038,0.0,0.0,7.824445930877619,6.477808259584523
4.192799760962623,5.860786223465865,5.860786223465865,0.0,0.0,8.987321812850125,5.914500440467155
9.293953790605292,0.0,0.0,0.0,8.481267482792276,9.798182590890704,7.914480542892876
7.520837904504894,5.560296941647445,5.560296941647445,0.0,5.530175570728248,7.601402334583733,6.188455135639351
8.396947980943652,7.3426173639410885,7.3426173639410885,0.0,7.691418655181482,9.105090961257085,6.950350407770291
7.034081281141459,3.5787855313168624,3.5787855313168624,0.0,0.0,7.0909098220799835,5.7376684867667
6.961738306392419,4.9684234452869465,4.9684234452869465,0.0,0.0,7.0909098220799835,6.247592935777
6.109521096467193,4.189654742026425,4.189654742026425,0.0,5.874416435703601,7.824445930877619,4.784609718737589
7.473868436082039,0.0,0.0,0.0,5.902562560405213,8.160803920954665,7.5333273957049744
7.744652923267264,3.8877303128591016,0.0,3.8877303128591016,0.0,8.006700845440367,6.427916552131627
7.604934429216859,4.330733340286331,0.0,4.330733340286331,7.147715804964154,7.824445930877619,6.119624889557043
8.707183969078105,0.0,0.0,0.0,7.874736506917432,9.04793908261736,7.319111825767496
8.38820893220728,6.035672801772303,6.035672801772303,0.0,7.662919827742736,8.575650760987806,6.934792785037706
6.877653200502778,0.0,0.0,0.0,8.884430901819277,8.556606193773073,8.871181768420206
6.666826848872405,0.0,0.0,0.0,5.74710911233743,7.3783837129967145,5.66409509316352
6.236174496810234,3.091042453358316,0.0,3.091042453358316,0.0,9.350189267092581,10.049817955265567
4.832796387197912,7.423663962085254,7.423663962085254,0.0,0.0,7.496097345175956,7.782398050737013
5.175756344472412,5.583421117985017,0.0,5.583421117985017,7.350920350258501,7.313886831633462,8.590596192636333
5.527418094597711,6.2179425330110645,6.2179425330110645,0.0,0.0,9.392745258631441,6.381299623522428
7.459417994050426,7.539516297827734,7.539516297827734,0.0,6.840601535262461,8.294299608857235,8.29081343648935
4.507647617656086,7.500861105361856,7.500861105361856,0.0,6.112393573386782,8.922791623969637,7.544959475238898
7.578616127884214,6.924946656794714,6.924946656794714,0.0,0.0,8.922791623969637,6.17910512860897
4.417162501768769,6.5667990040708615,5.973809611869261,5.765473194654634,0.0,8.922791623969637,6.530549321652755
5.11526200658638,6.151881268513887,5.818300928098793,4.8993312245375815,2.9510843758408267,7.438971592395862,7.237125307381324
6.842446976839177,6.472083508816571,6.472083508816571,0.0,7.866533634150456,8.77971129020447,8.617105846834813
7.362220314019892,6.768792017576404,0.0,6.768792017576404,0.0,7.313886831633462,7.202617404797454
6.726987602290934,7.066705849452852,6.753764586356244,5.755742213586912,0.0,8.77971129020447,6.942998508771743
0.0,4.650908077661946,4.650908077661946,0.0,0.0,7.824445930877619,5.445239781009421
4.057642869670685,6.372192874983733,6.372192874983733,0.0,0.0,9.15915233520675,6.980424715081696
3.965747376353011,5.551019720103791,0.0,5.551019720103791,0.0,8.294299608857235,5.647192429852201
7.892316333154104,7.137493040622534,7.018330176092519,4.958288813724047,0.0,8.699681400989514,7.231263349199788
7.554002038657524,5.267239410977175,4.9344739331306915,4.023206534388761,0.0,8.922791623969637,7.303627581570667
5.209955458001072,7.568461909049742,7.568461909049742,0.0,0.0,9.510519035757246,7.848072466784307
5.499583613270689,7.599025699529222,6.019104032911399,7.368995622557716,0.0,8.648396877031582,7.789421356425508
7.664401857697072,4.164803025870662,0.0,4.164803025870662,7.03245135287637,7.824445930877619,7.027093651142045
8.447067864944124,0.0,0.0,0.0,6.663379683366859,8.517393171418904,7.058579081456304
4.869951711140865,4.5591262474866845,0.0,4.5591262474866845,0.0,7.313886831633462,4.897435688458113
7.582860235576305,4.227563406008323,0.0,4.227563406008323,7.568881143941754,7.824445930877619,6.133245870898454
7.0627570405365745,7.805348292922884,7.341282924855185,6.815639990074331,0.0,7.313886831633462,7.139347543196278
3.7841196541970104,5.442590855704461,5.442590855704461,0.0,0.0,5.303304908059076,5.239043246768068
8.310320473735148,5.863631175598097,0.0,5.863631175598097,7.788643554075506,8.517393171418904,6.556656729443632
3.2617697067467373,5.18604412406525,0.0,5.18604412406525,0.0,7.313886831633462,4.936196147110202
7.047656609903131,3.4531571205928664,3.4531571205928664,0.0,4.730796092438787,8.006700845440367,8.061609138891066
5.355031760436827,7.892276458438656,7.033233078308987,7.342028098272074,0.0,8.517393171418904,7.823142299832466
6.7994435193514695,0.0,0.0,0.0,6.898476712914473,7.824445930877619,5.638489033971894
8.650059501647489,0.0,0.0,0.0,7.935704137628513,8.699681400989514,6.3126660106588925
4.237111044414659,6.285998094508865,0.0,6.285998094508865,0.0,8.294299608857235,7.094899616616993
4.424651786528386,7.171695224488916,3.4339872044851463,7.148385051303622,0.0,8.922791623969637,7.143111072385585
4.5671352103701235,6.350257247017716,0.0,6.350257247017716,0.0,9.082620630373812,6.327611391509174
8.47413605144343,0.0,0.0,0.0,6.084063295210555,8.517393171418904,6.715190297391181
2.7028764402534264,5.210032451680465,0.0,5.210032451680465,0.0,8.612685172875459,5.449155613464698
8.739867766538302,0.0,0.0,0.0,8.616005964518108,9.210440366976517,7.2884318571333395
6.01708653257561,8.070412216853148,8.070412216853148,0.0,7.420471058278142,8.699681400989514,8.517423353326953
8.21321153149352,0.0,0.0,0.0,9.28243267073882,8.853808274977197,9.29716634061208
7.981268649212166,0.0,0.0,0.0,8.827417785106721,8.77971129020447,7.806378291413716
4.232207194803415,6.221623433316097,0.0,6.221623433316097,0.0,6.90875477931522,7.168779452082003
9.056293154563171,0.0,0.0,0.0,8.786429833369468,9.210440366976517,7.729888810156032
8.733994899042871,0.0,0.0,0.0,8.209394069474799,9.04793908261736,7.257121924244946
4.306628440156522,5.303105883279834,5.303105883279834,0.0,0.0,7.601402334583733,5.894435894324421
9.02911982572761,8.596246486705807,7.725939123909774,8.05386483289388,0.0,9.314790473332646,8.308766818197308
7.228522510076476,0.0,0.0,0.0,5.1646281557565965,7.313886831633462,5.906035596511936
8.618603455634315,7.821173890263833,7.279401590611004,6.950536952077413,8.162122587549744,9.259225769705994,7.429248278641262
8.399770127987077,8.650937061465832,8.02502574946878,7.886081401775745,8.18215394437485,8.517393171418904,9.139581920662922
8.228998952896472,0.0,0.0,0.0,8.28690144426642,8.699681400989514,8.830947250976475
4.829255997235945,2.7713379403381286,2.7713379403381286,0.0,0.0,7.438971592395862,6.411054702047787
8.683885796261139,7.404851078599752,7.404851078599752,0.0,7.675982887136276,9.409273194575334,7.272471753767936
8.489347637731898,4.0118683403978626,0.0,4.0118683403978626,8.002038172998043,9.105090961257085,7.3842680918273
8.933381367910622,8.421937010153965,7.368314449399873,7.993532212446962,6.156322903885593,9.350189267092581,7.585080111773199
2.6491026347418205,6.746929033732789,5.017279836814924,6.553135364879542,0.0,6.90875477931522,6.643124183593694
8.703626318774331,7.07587648637495,6.071314928595715,6.621179261292875,8.365478833744488,9.210440366976517,8.26604129638323
5.250822013998123,7.48030421490088,5.447728259884732,7.340543682739192,0.0,8.81001204797317,7.42632445133855
7.0740136059602765,0.0,0.0,0.0,4.852295853647543,7.0909098220799835,5.995160271996042
8.4456660246713,5.8888779583328805,5.8888779583328805,0.0,8.358950651000995,8.517393171418904,7.892462989295337
5.875284393025292,5.6011958858811,5.6011958858811,0.0,0.0,7.601402334583733,6.868623039354958
8.046711711698148,9.283282235918499,8.777977747262366,8.358886554215987,6.354103781005532,9.210440366976517,8.556428234851456
7.650667205794937,5.220355825078324,5.220355825078324,0.0,7.540501313253132,7.824445930877619,7.710765954702873
4.344411497892751,7.273737772977291,3.3181780259420632,7.255110932919535,0.0,9.392745258631441,7.17946762367936
6.768272504535986,3.709417105331484,3.5409593240373143,1.9919755158985601,0.0,7.576097340623111,5.582448756530983
7.303636936841547,5.993861671707704,0.0,5.993861671707704,0.0,7.0909098220799835,5.225783103157168
6.717828653624227,8.833061765712646,8.833061765712646,0.0,0.0,9.259225769705994,8.768743003147842
6.0512164870718825,7.818647464894494,7.762298258564883,4.921731217990249,0.0,8.412054873292933,7.859853599382421
7.939993827884229,0.0,0.0,0.0,5.618454240386813,8.006700845440367,6.683146617417868
7.28357206930236,4.407938016458383,4.407938016458383,0.0,5.525044026853293,7.496097345175956,5.935570770923695
8.484748443947897,6.223845303774674,6.223845303774674,0.0,8.963416603952487,9.210440366976517,9.02501381095619
8.200601475096681,8.113456588581743,5.3928090296407545,8.045678020366557,0.0,8.699681400989514,7.49228036515882
5.725239764921983,0.0,0.0,0.0,5.946466352202007,8.699681400989514,5.99943306397932
8.590515035924005,6.218779386491002,6.218779386491002,0.0,0.0,9.105090961257085,7.3006642078347435
7.033167198341668,4.921366826338073,4.921366826338073,0.0,0.0,8.537191877922927,5.852163530740109
5.155121693411189,5.9121236764225715,5.9121236764225715,0.0,7.457356513973626,7.824445930877619,0.0
5.375351992939667,0.0,0.0,0.0,6.94275315870388,7.313886831633462,0.0
7.659689478234915,0.0,0.0,0.0,8.483736457070519,8.699681400989514,7.957633557954122
7.407597673703238,5.7824396074794775,5.7824396074794775,0.0,0.0,8.517393171418904,6.508685458358951
7.950968387920716,3.58351893845611,3.58351893845611,0.0,6.691488701981552,8.006700845440367,6.428483982871141
6.832189645571643,7.1065405618067565,0.0,7.1065405618067565,0.0,9.472781556562168,7.977307828562634
7.1785328536305455,6.225548038460526,5.340418542566672,5.696757859719236,7.938002723912578,8.922791623969637,7.493670597896954
1.5962351381162958,3.433664571799657,3.433664571799657,0.0,0.0,7.496097345175956,2.984118949193316
5.727123979789876,8.071218539969863,0.0,8.071218539969863,0.0,7.824445930877619,8.012539623267774
7.95707810880397,0.0,0.0,0.0,5.813884764313273,8.006700845440367,6.569489489105447
2.4690352799630846,4.460144413937834,0.0,4.460144413937834,0.0,7.313886831633462,5.50933745679111
5.2310282125527285,6.180513424651363,5.9744201124987235,4.51085950651685,6.807762101139202,7.0909098220799835,7.755766073314388
8.784822380428382,6.225211681206383,5.461243713040235,5.601897394152591,7.744706444454315,9.305741456739435,7.421574038843755
3.943177330262801,6.061456918928017,4.709530201312334,5.765191102784844,0.0,7.438971592395862,6.296040138987211
6.304024107132872,4.638604962074329,0.009950330853168083,4.638508245598602,6.268998657728879,7.313886831633462,6.7013992307085966
7.373985868632598,0.0,0.0,0.0,4.997982328547162,7.438971592395862,5.790569281987508
4.396655250317193,7.0909098220799835,0.0,7.0909098220799835,0.0,7.0909098220799835,6.945655197192749
6.573742019796323,5.525293563882423,0.0,5.525293563882423,6.7213570875934385,6.90875477931522,5.2471660094553325
6.624411847667165,8.299251089081492,8.19667382834822,5.973809611869261,8.636494984820429,8.006700845440367,8.932684845822934
5.135266525021902,7.747026728024149,4.839451481712757,7.6913280016315,0.0,8.987321812850125,8.002367385914079
7.136510682357629,6.303973369494782,4.709530201312334,6.079338052358222,5.9459523703376025,8.853808274977197,6.33325065969169
6.282249752359077,7.160146904655332,7.030698312256591,5.058027656398856,4.569815541152687,7.0909098220799835,4.038951330707218
4.387787645637004,6.9800480331956125,6.9800480331956125,0.0,0.0,8.999742789830492,6.7658273222406295
7.050635461545612,3.9318256327243257,3.9318256327243257,0.0,7.684117697262209,7.824445930877619,4.607835032129485
6.6737618323529455,8.206395329201952,7.91785688544588,6.823753912815853,0.0,8.517393171418904,8.35088425927614
7.899284927394117,0.0,0.0,0.0,8.21945186105095,9.04793908261736,8.128569203196394
5.9011688544715595,6.958220230388349,6.958220230388349,0.0,0.0,7.0909098220799835,7.087470127094494
5.160944341436445,4.290459441148391,0.0,4.290459441148391,0.0,8.993551586299981,5.261101196555002
5.716266470954352,8.016298096327155,7.618221613412548,6.903747257584598,0.0,7.783640596221253,7.970723780197305
6.770541114413003,7.503769118789381,6.821325550983749,6.800915892556022,0.0,8.922791623969637,7.3029371143447985
7.939965923888215,6.930162354892965,3.258096538021482,6.905412536903659,0.0,8.77971129020447,6.591708761573442
6.056704429265652,7.705411112467858,7.631189152146955,5.074110750380562,0.0,9.105090961257085,7.727475579188078
7.3304466749428565,5.017279836814924,5.017279836814924,0.0,5.583346560727914,7.496097345175956,6.598836814124033
6.967164469755542,3.7887247890836524,0.0,3.7887247890836524,5.1774323559883095,7.0909098220799835,6.517877418575648
6.9745221074727946,7.398682230839812,5.655991810819852,7.206992828993124,0.0,8.188966863648876,8.172559673069872
8.7848219712039,0.0,0.0,0.0,8.356559296594293,9.04793908261736,7.433694387887164
4.864130502052681,6.580639137284949,0.0,6.580639137284949,0.0,6.90875477931522,6.395799987381642
7.31541272682306,0.0,0.0,0.0,5.24577193066368,8.434028950155469,6.302579665448456
6.908283701342446,6.498252028540875,6.369900982828227,4.394202210604015,6.207776804173208,7.244941546337007,6.5401739864508714
6.763608568998493,7.54723793495639,7.3794449859995295,5.682899263739777,6.696403808240564,8.31898612539206,7.167774467445509
6.144899718162736,8.84232710579832,8.55327629510931,7.460703171545267,0.0,9.15915233520675,8.64689412383613
7.690744594071013,0.0,0.0,0.0,6.795473988805299,8.006700845440367,6.133622217433842
7.637521321101655,7.448397924075438,7.448397924075438,0.0,0.0,8.853808274977197,7.383413686042475
8.186901154756391,0.0,0.0,0.0,7.160345942417287,8.412054873292933,6.711057579265467
7.529640077162434,5.5152416180483295,0.0,5.5152416180483295,8.232660266656344,8.294299608857235,6.807904356491811
7.071364506239236,0.0,0.0,0.0,7.505584631858513,7.601402334583733,6.645476349073549
4.994824905997876,6.765696200208271,6.530688105394485,5.207845463383961,0.0,7.824445930877619,6.99105402124784
7.242358487915904,3.265759410767051,3.265759410767051,0.0,7.560731232393468,7.824445930877619,6.020094201806191
3.8973632950343107,6.621405651764134,5.5254529391317835,6.2166061010848646,0.0,8.77971129020447,6.817775804090113
7.273486887444497,0.0,0.0,0.0,4.051122084679818,7.313886831633462,6.1646720383647695
8.935409587201338,7.260606923417014,7.088392084045222,5.421154276507099,8.476189338902486,9.210440366976517,7.733888717420155
6.16263954241261,7.856176261370573,7.383827954254254,6.880271023379889,0.0,9.04793908261736,7.7660081483912125
8.192723084298668,7.884007824828836,7.617764493017265,6.4321037302238,8.165470070937726,8.77971129020447,6.767993836406854
0.8615079880119666,0.0,0.0,0.0,5.261401114882549,7.0909098220799835,6.388728067287042
6.533291445358815,7.814985084365778,7.39357073974396,6.748700929126529,5.538409881251473,8.294299608857235,7.378842299897125
8.716272878896143,0.0,0.0,0.0,8.578085523842049,9.392745258631441,7.286895154217085
8.68742903446729,7.75222772306582,7.75222772306582,0.0,6.137429236524843,9.472781556562168,7.30687905527856
7.035667033979956,5.929429556188449,0.0,5.929429556188449,6.96923988760977,7.0909098220799835,6.0314596982874775
7.315864905932577,6.514416350671813,6.514416350671813,0.0,7.080467867993587,7.783640596221253,7.981615044990303
7.212426855017095,0.0,0.0,0.0,4.795342164097043,7.313886831633462,5.82759552723644
7.994213245895825,8.3892802712879,5.707110264748875,8.318656883194869,7.817934632366979,8.006700845440367,8.869369360284452
7.291968826517101,6.212265356343714,6.07718342251052,4.159351723530711,0.0,7.313886831633462,6.589598712330869
7.460511739427627,7.797250188069129,7.496097345175956,6.4518912132901205,0.0,8.517393171418904,7.3140342331610615
8.26045425448377,0.0,0.0,0.0,6.638405273343738,9.210440366976517,6.565193995685756
7.401542607881998,0.0,0.0,0.0,8.708071793049445,8.77971129020447,8.628432959668693
7.989520188862406,6.735162246265829,6.236369590203704,5.8035674759808416,6.0230312859783215,8.006700845440367,7.327730326254319
2.4668864230717196,5.954281755980266,0.0,5.954281755980266,0.0,7.313886831633462,6.48681373883566
4.846765963020482,6.57787526583017,6.57787526583017,0.0,0.0,8.922791623969637,6.974454297999977
8.259231904720266,6.7016900592026785,6.5188522591729505,4.919834929769759,8.076606214969487,8.699681400989514,6.690515461287069
7.652972149231784,0.0,0.0,0.0,5.385937581491553,7.719129840906732,6.347066910788108
8.495539772325062,6.820900253405352,0.0,6.820900253405352,7.42605823409875,8.922791623969637,7.060954768285375
7.170754760887076,6.398162228618692,6.264350190317006,4.333886259345946,5.085784324161091,7.313886831633462,6.381186712836523
4.244312277065516,6.654036534075647,6.654036534075647,0.0,0.0,8.922791623969637,7.098988198045368
6.380343148156532,7.420926150503466,6.967513643352967,6.413458957167357,0.0,8.006700845440367,7.967249511574214
6.7107220092807776,6.5237678650502025,0.0,6.5237678650502025,0.0,7.0909098220799835,7.072631524875087
5.648527007886964,6.185158690196904,5.723585101952381,5.195675374576157,0.0,6.90875477931522,5.837391098048351
8.12216364127101,6.8014832368991875,6.684336689848494,4.609162207257629,0.0,8.77971129020447,6.752454045021245
7.170191006280715,5.783794412625586,5.783794412625586,0.0,9.270042571315313,9.04793908261736,7.706616122236153
4.547098952125271,6.9988840013932165,5.398207949362832,6.774680924756795,0.0,7.313886831633462,6.661248999576531
7.535541378328044,5.3981627015177525,5.3981627015177525,0.0,5.802162483165629,7.601402334583733,6.575868398130497
2.5483265767823515,4.2612704335380815,4.2612704335380815,0.0,0.0,7.601402334583733,5.588200650804533
7.435511976961659,6.083405420806339,5.15675380222625,5.583195511667084,0.0,7.496097345175956,6.682276625938748
4.158678671844061,6.543091365177904,4.143134726391533,6.449569542540326,0.0,9.04793908261736,6.386912315451265
8.295599073859337,7.262789878290937,7.097920989799141,5.383485378917915,7.877780629325652,8.621733370690162,7.382780319190211
7.543770739404677,0.0,0.0,0.0,7.3371137528883565,8.81001204797317,6.343495228133834
6.912518836206589,5.089261614551446,5.089261614551446,0.0,0.0,7.0909098220799835,5.5554295668868505
6.778050308258963,8.847256362353793,8.770656420481336,6.241989775163409,4.139842837876611,9.105090961257085,8.920976729811542
6.509402648630386,5.857933154483459,0.0,5.857933154483459,0.0,7.576097340623111,6.3362100602440705
2.8136084772041507,4.2740237421222265,0.0,4.2740237421222265,0.0,7.313886831633462,2.855631981445016
6.7947016828746305,0.0,0.0,0.0,5.626174178895985,6.803505257608338,6.2398232573882515
6.945183089692104,6.309918278226516,6.309918278226516,0.0,6.784201335372077,8.294299608857235,7.832917508492973
8.095373033844016,7.36671691923272,7.168379569033266,5.6549073068740645,0.0,9.04793908261736,6.90510272908015
6.836566484649034,8.019665424594221,6.087138297176264,7.8636512654486515,0.0,7.824445930877619,8.003998169842934
4.141888140201919,6.48648085966721,6.48648085966721,0.0,0.0,7.313886831633462,4.762970480718668
8.233952765830482,0.0,0.0,0.0,7.439206825749254,8.294299608857235,6.615187851258126
6.870941383996918,7.517895780308105,7.314586120718085,5.827886233131163,0.0,8.517393171418904,7.194666089087564
6.842008046847657,7.69038661003907,7.481623305258161,6.0236896944027185,0.0,7.438971592395862,8.058572512907833
7.879223721999122,7.063784193821168,0.0,7.063784193821168,8.150229851832588,8.987321812850125,6.289962225088467
3.705494678603208,5.771191870885455,0.0,5.771191870885455,0.0,9.210440366976517,5.904990512087931
7.05598862616366,5.214935757608986,5.214935757608986,0.0,0.0,7.0909098220799835,5.607817981502244
7.326031035214182,7.270166737612802,6.637415292836953,6.514223682438503,0.0,7.313886831633462,6.981643326454199
7.677749922932207,0.0,0.0,0.0,8.01589715125583,9.105090961257085,7.2392903112146625
8.836927832146944,7.816670881324058,7.620332468405028,6.094449743928339,7.413630807617964,9.04793908261736,7.537462334413357
4.893006579031837,5.884269015504426,0.0,5.884269015504426,0.0,7.313886831633462,4.465200247483237
8.22502748702566,0.0,0.0,0.0,7.68170118197981,8.412054873292933,6.991843684081924
6.994369319460736,0.0,0.0,0.0,5.664226674700941,8.006700845440367,5.92507560299332
6.076985284479539,7.587092540049789,6.113549427658219,7.327537407685094,0.0,8.81001204797317,6.425176467725592
5.512172021333159,5.700309785177228,0.0,5.700309785177228,0.0,6.90875477931522,7.196162968610087
9.007348496102388,8.616133139271142,8.514676026011907,6.279590271131849,0.0,9.105090961257085,8.222777335716415
3.5911715545757126,3.1561489949598958,3.1561489949598958,0.0,0.0,8.922791623969637,4.237073518943627
4.487603780615673,6.7980631732967165,6.7980631732967165,0.0,0.0,9.711176264112805,6.9880993929205495
5.3798678369758175,6.729477534945203,0.0,6.729477534945203,0.0,8.612685172875459,6.67958844834955
8.112216895619866,6.840621392796505,6.735863146178696,4.543294782270004,0.0,9.350189267092581,6.7665055168017965
8.711590751717939,5.326904823399949,0.0,5.326904823399949,8.362795632483508,8.853808274977197,7.5461058351275545
4.161520913724068,6.694203083206077,6.694203083206077,0.0,0.0,8.922791623969637,6.5603021332543685
7.190927929506742,7.818333726782796,5.927405910807262,7.655191761413794,0.0,8.922791623969637,5.994407230664626
6.993929855034835,0.0,0.0,0.0,7.814745605451817,7.824445930877619,5.143032432030401
8.330285428035609,6.258280426878378,5.303304908059076,5.775544840883092,7.628034489941712,8.517393171418904,7.045905756688751
7.7147130929791405,0.0,0.0,0.0,8.9818028767169,8.006700845440367,8.99539954886165
6.089642789631051,6.794205769295225,6.794205769295225,0.0,0.0,8.922791623969637,6.430124244497238
6.467604328791925,0.0,0.0,0.0,7.569257860067094,7.576097340623111,8.293683493078387
4.227063485299275,6.4637780066406085,6.4637780066406085,0.0,0.0,6.2166061010848646,6.277072876465105
6.439817707568299,7.103848239860009,7.103848239860009,0.0,0.0,7.824445930877619,5.700158599679167
3.287132649539143,5.673323267171493,0.0,5.673323267171493,0.0,7.313886831633462,5.573548185369703
8.07048481287608,0.0,0.0,0.0,8.338126174935912,8.517393171418904,8.716853288213718
3.699638047343958,6.095283875746979,0.0,6.095283875746979,0.0,7.650168700845001,6.181491294613411
7.8834337234511125,0.0,0.0,0.0,7.427287631738055,8.006700845440367,6.650157063139738
5.231804679359699,7.843040468534108,7.036465066327443,7.2524649233811065,0.0,9.392745258631441,8.441287366215894
6.508729845588757,0.0,0.0,0.0,7.300095006242918,8.006700845440367,7.3884614084821845
3.292026987997552,5.705946797485578,5.705946797485578,0.0,0.0,9.105090961257085,5.5713141396428005
7.126677472891288,0.0,0.0,0.0,5.727889224605655,7.313886831633462,6.456203564446596
7.584204655420178,8.238296414992384,7.804251383528112,7.195254834778766,0.0,7.496097345175956,8.291532679211825
4.953822366451431,7.35461821578623,0.0,7.35461821578623,0.0,7.824445930877619,7.040488699936936
3.4746215581761555,6.921658184151129,0.0,6.921658184151129,0.0,8.412054873292933,7.304672324279581
4.758691519246908,3.856510295497887,0.0,3.856510295497887,5.9389017314297075,8.922791623969637,6.113185567602735
6.962824718600626,0.0,0.0,0.0,5.9395642632764485,7.0909098220799835,7.1925481963418445
6.775138577614276,0.0,0.0,0.0,6.325326596223184,7.438971592395862,7.558050904251828
2.7691264856095756,5.94672865326659,0.0,5.94672865326659,0.0,8.006700845440367,6.401923069015084
4.783012015436565,7.3611657500712315,7.3611657500712315,0.0,0.0,8.517393171418904,7.5172087905042995
6.313865356436148,7.445481806974043,6.288638924743108,7.068759561981825,0.0,8.294299608857235,7.366625430432315
4.977289801584122,7.331413877282266,6.914423000240128,6.257380190266061,0.0,8.006700845440367,0.0
6.51460991373929,6.538038516176027,0.0,6.538038516176027,6.821595448051499,7.496097345175956,7.380667567723503
4.812689341666512,6.830539405378974,6.0473721790462776,6.221960999467375,0.0,8.748463629942055,6.672454552774743
4.290918459071215,6.731531095369349,3.6888794541139363,6.683898973719169,0.0,7.824445930877619,6.856016182081516
8.378308914550004,6.929702663464962,6.092553452414886,6.36413094346476,9.325610596275968,8.699681400989514,8.873239539309866
7.254182538100392,7.426364531561168,7.3328203794783295,5.017279836814924,5.974717276153254,7.496097345175956,7.744767521293693
7.134703422846841,6.504258232968671,6.504258232968671,0.0,0.0,7.783640596221253,8.019420678907794
5.566955474621135,6.5136454549121074,6.5136454549121074,0.0,6.170899163613761,5.707110264748875,7.0486769546935015
4.48069923474745,6.800793481957337,6.800793481957337,0.0,0.0,8.294299608857235,6.781366294524684
7.613566019130239,0.0,0.0,0.0,7.226844621148074,8.006700845440367,8.131260784177393
3.9794092990597383,7.2977818234011105,6.469358838038913,6.724973616355726,0.0,8.853808274977197,7.047533777741977
2.5444856270694696,4.789822358120328,0.0,4.789822358120328,0.0,7.438971592395862,4.755803567367101
8.08434203552808,0.0,0.0,0.0,7.913408652887858,8.699681400989514,6.643094167078922
7.448531938541471,5.221598296134632,0.0,5.221598296134632,0.0,7.438971592395862,6.237252793020239
6.825298264213261,0.0,0.0,0.0,7.302609749515959,7.601402334583733,7.644366656369485
6.453764319895732,7.6940694352334225,7.633490649135234,4.867842095435704,0.0,9.210440366976517,6.015428279495559
7.199102589235872,8.80421254431792,8.666733258685813,6.753146160754718,0.0,7.438971592395862,8.689009581832591
7.439267051976773,0.0,0.0,0.0,5.553727069399812,7.824445930877619,6.710142281770157
6.074049015615004,7.845239826863294,6.441759607133938,7.5637404258533145,0.0,8.517393171418904,7.947967483963133
5.268393242684674,5.511652976871161,5.511652976871161,0.0,0.0,6.398594934535208,8.172365934778172
4.093081715166313,6.110136076825481,0.0,6.110136076825481,0.0,7.601402334583733,6.044185174495967
7.5990667777086705,0.0,0.0,0.0,5.351719294454489,7.601402334583733,6.237430557511472
7.638505454317379,0.0,0.0,0.0,8.428334958328207,8.922791623969637,7.045097145770028
0.0,4.839214111770589,0.0,4.839214111770589,0.0,7.313886831633462,0.0
7.0904856480343055,7.647094012147991,7.454766244588657,5.906641682667704,0.0,8.294299608857235,7.949589017064881
8.182532715085724,0.0,0.0,0.0,7.707902013442562,8.294299608857235,6.629210660554003
6.942401144420924,4.976733742420574,0.0,4.976733742420574,5.9043081541495,6.90875477931522,5.9264818660126455
3.494531519471761,6.28136914791286,0.0,6.28136914791286,0.0,9.210440366976517,6.3757493103027425
7.329456331918157,7.501634457883413,7.501634457883413,0.0,0.0,7.523481312573497,5.912316667081742
4.0396335569154935,7.204060068724803,0.0,7.204060068724803,0.0,8.648396877031582,7.154171312246671
4.448955881685096,6.307260203218562,5.06600692740901,5.968707559985366,0.0,8.699681400989514,6.490690412557927
7.728827973046763,7.7781612219935745,5.160548436803141,7.702836110199478,0.0,8.517393171418904,6.822513899349847
7.686957965749429,0.0,0.0,0.0,6.897406121718288,8.006700845440367,6.466199156659725
5.857399512121699,0.0,0.0,0.0,3.3583055033541744,5.017279836814924,6.69092097494295
7.824137582263503,5.386190871798276,0.0,5.386190871798276,8.556057198265082,9.210440366976517,5.890933945834435
3.07555177170275,5.703115585668497,0.0,5.703115585668497,0.0,8.517393171418904,6.274323578624013
4.8576942945329336,0.0,0.0,0.0,5.836688829068365,9.305741456739435,7.306737170384558
7.572522953442413,0.0,0.0,0.0,5.993327775219911,7.601402334583733,6.6190502087798775
7.959360835969266,0.0,0.0,0.0,6.588664567034383,8.412054873292933,8.54389139439182
6.840142324614331,7.963762734817809,7.4714939845714134,7.019868940732596,5.839484677283471,8.853808274977197,7.767599653373445
5.415153051387082,8.536095413469253,8.228286369264639,7.208600337960199,6.9823302683520545,8.006700845440367,8.678478674521674
7.842937407029037,0.0,0.0,0.0,6.3220104684758,8.006700845440367,6.446197982824995
8.238272829232532,4.110873864173311,4.110873864173311,0.0,4.658919196634736,8.517393171418904,6.796886801201287
7.1663782867452595,8.026202874151018,7.516422421463611,7.1091602502523585,0.0,8.853808274977197,8.62353925162545
1.835128138218364,3.1570004211501135,0.0,3.1570004211501135,0.0,8.006700845440367,6.710378220759248
8.236229124150254,0.0,0.0,0.0,8.976139388084036,9.105090961257085,6.801262277860208
7.094959720898736,0.0,0.0,0.0,4.080635690227456,7.313886831633462,7.414049883767819
7.4450779704273,0.0,0.0,0.0,7.942582747120112,7.824445930877619,7.199528907341352
9.117424861221876,6.8885724595653635,0.0,6.8885724595653635,8.882269304996118,9.210440366976517,7.762189867378257
6.480406803057877,7.436982549128679,7.26278286677452,5.607271574275357,0.0,8.434028950155469,7.425623319615637
6.38674359971544,4.663439094112067,0.0,4.663439094112067,0.0,8.79497643168877,6.041408571515052
6.56832314959706,5.052352887448124,5.052352887448124,0.0,0.0,9.04793908261736,6.424654085086463
3.2439631302888157,5.332332245135314,0.0,5.332332245135314,0.0,7.313886831633462,5.2474724347888335
7.324850642054061,6.339671236375865,0.0,6.339671236375865,0.0,7.313886831633462,6.755529660534647
8.52849247855328,4.849527133701499,0.0,4.849527133701499,7.526063670714589,8.612685172875459,7.222223192910798
9.21962074875726,9.072424524518715,8.824794060886823,7.555868482062491,0.0,9.798182590890704,8.424718372753775
7.803382870208675,7.654234673918853,7.355257642881359,6.3029119731100245,0.0,8.853808274977197,6.595679840861158
6.948339809790117,5.733082343701063,0.0,5.733082343701063,2.976379969846922,6.90875477931522,5.834457195041826
6.8592741257639025,0.0,0.0,0.0,6.99532669620329,7.0909098220799835,5.189409494231598
8.370112917025843,8.276033316415152,7.713936458576208,7.432625809668712,0.0,9.305741456739435,7.3260925100352265
8.69942000405544,0.0,0.0,0.0,8.870848032090715,9.04793908261736,7.396722949327541
8.377213625132713,0.0,0.0,0.0,8.540105890167668,8.517393171418904,6.943667396880957
7.732565353422062,7.428202466692091,7.106606137727303,6.139410301856289,0.0,8.922791623969637,7.243803384958377
7.652527506868541,8.32286787693055,5.444579873526289,8.265251423541848,9.14410133196229,8.987321812850125,9.627311389176949
8.054401584742678,5.090308702818097,5.090308702818097,0.0,7.165806543515027,8.294299608857235,6.790348932744386
9.209775464546022,0.0,0.0,0.0,8.101879416814908,9.581972891547895,7.8561171341863405
7.470903786366736,0.0,0.0,0.0,7.413902489218111,7.496097345175956,5.742964840920404
5.962671412293307,7.973100297534101,6.804170962725567,7.601522267421488,0.0,8.922791623969637,7.856454289287575
8.144472394288965,6.2166061010848646,6.2166061010848646,0.0,0.0,8.853808274977197,6.979391989511257
7.476757024114716,7.664083810140207,7.664083810140207,0.0,6.22968074521212,8.400884069015854,7.546583297620759
3.8016594844730505,6.262712313096338,6.262712313096338,0.0,0.0,8.77971129020447,6.200707334934907
4.599342769530809,0.0,0.0,0.0,7.7530082963879625,7.313886831633462,7.838557947884727
6.632250140490357,0.0,0.0,0.0,5.725716971693229,7.576097340623111,5.964216325792194
7.758976540043219,7.116872925563219,5.968835429047621,6.736421138844292,0.0,8.936035096566041,7.106400963401801
9.222809521998654,8.47563967940229,7.604406313868759,7.933965319409186,0.0,9.61587214452889,7.845331579619674
4.91108240739271,6.246920387889438,4.927253685157205,5.9386437709244,0.0,7.601402334583733,5.119489041310064
7.1116764211050825,7.519497157291392,7.519497157291392,0.0,0.0,7.0909098220799835,7.752698681235392
5.255674413004458,7.578186392298349,6.656070782234342,7.072074087725022,0.0,8.294299608857235,7.607727418435105
8.23996745194197,6.577944803474401,6.411851107893148,4.7098904967584945,8.756142991997795,8.922791623969637,5.688678796187421
4.308836502714411,0.0,0.0,0.0,5.945035047376401,7.0909098220799835,6.943579378244953
7.025072631113666,6.839883207735302,6.211804171089457,6.079429635836626,7.9094508051828445,8.294299608857235,5.82978136533459
7.188617294123465,0.0,0.0,0.0,6.525760938779465,7.313886831633462,6.745019883704394
2.7271407448617166,5.621161445967864,0.0,5.621161445967864,0.0,8.922791623969637,5.9550363751794135
6.6755435772416565,0.0,0.0,0.0,8.02587489840952,8.006700845440367,7.965093135378799
6.286193323122772,9.058622896172263,8.988383616141538,6.369575587427132,0.0,6.90875477931522,9.034974239201436
5.43775519553456,7.642610461441853,7.642610461441853,0.0,0.0,6.90875477931522,7.618677145680378
8.069129543540392,7.543405753193557,7.006903538471999,6.6657091951648635,0.0,9.259225769705994,9.08456609793294
7.1577606778577785,0.0,0.0,0.0,4.340993901804027,7.313886831633462,5.9908952976162295
3.4690962193567656,5.442417710521793,0.0,5.442417710521793,0.0,8.412054873292933,7.181783623578681
3.7448165418831802,6.4873643326873545,6.4873643326873545,0.0,0.0,8.699681400989514,6.5323130998580545
7.639326598783821,6.175742522200324,5.278114659230517,5.655781998601018,5.844286810954001,7.824445930877619,6.4306847136622185
8.248893915137346,7.7142757867097655,7.490361883842714,6.110136076825481,0.0,8.575650760987806,6.851407241404512
7.995318396089367,0.0,0.0,0.0,7.383001928917247,8.160803920954665,6.648537623743231
8.707453334419139,6.221543989423305,6.221543989423305,0.0,8.053320496564663,9.105090961257085,7.618656041920014
6.767394233280414,9.041326276837722,8.923723065792887,6.843728626817288,7.401485268170865,9.105090961257085,8.961145323593659
7.529453379399981,7.469118111374864,7.257129638387154,5.816753953315362,0.0,8.160803920954665,6.605218831217173
8.690320054944353,0.0,0.0,0.0,6.372362097347774,8.699681400989514,7.3294805013383435
6.813624856889931,5.303304908059076,5.303304908059076,0.0,8.075465819895562,8.294299608857235,5.013274561497288
5.036847713796127,0.0,0.0,0.0,6.115485716199151,7.0909098220799835,4.020212902608346
8.211677124302849,0.0,0.0,0.0,6.672063356391055,8.343077871169383,6.889398631952419
8.04737483268686,7.390854041477585,7.090843208703993,6.043036552651969,8.143620466455744,8.188966863648876,8.426141202793742
7.425788361701707,8.035660962506082,7.300904861367653,7.383082214259218,0.0,8.31898612539206,7.42095934680625
5.011563836200908,7.255887840443057,5.209486152841421,7.118356503121197,0.0,8.699681400989514,7.079714543019937
8.384820286342947,3.8467375387295166,0.0,3.8467375387295166,7.692963098484606,8.612685172875459,7.604353486891233
5.6140159056083485,7.744820968803092,0.0,7.744820968803092,0.0,8.922791623969637,7.805616231788598
6.32138002437174,6.432988323087331,6.282883379169149,4.473921899378137,0.0,9.259225769705994,5.854354455715836
6.418873035216898,7.017506142941256,6.573680166960646,5.993961427306569,0.0,7.496097345175956,7.250307313263865
7.502671153900964,6.803505257608338,0.0,6.803505257608338,4.607928278950447,7.438971592395862,7.0464959391565545
8.010904814427327,8.853745424837621,8.853745424837621,0.0,0.0,8.160803920954665,8.602992890537307
8.337307117384963,0.0,0.0,0.0,9.207254097025379,9.259225769705994,6.988812905605001
6.098121721490416,0.0,0.0,0.0,7.005056617840162,6.90875477931522,5.260051326749099
8.213884478931368,0.0,0.0,0.0,8.654983008168518,9.15915233520675,9.094784073973324
8.30068913926493,0.0,0.0,0.0,7.082060368760616,8.639587799629844,7.037997868793554
7.921364302145358,0.0,0.0,0.0,4.9904200764964015,8.006700845440367,6.4098470979877105
3.715266581422479,6.726581063740067,6.726581063740067,0.0,0.0,8.853808274977197,6.643263846195449
7.689183286688799,5.945682354452854,5.945682354452854,0.0,0.0,7.783640596221253,6.96034231827073
8.46667733600783,0.0,0.0,0.0,8.153065398435853,8.517393171418904,7.887510839041825
8.622664989741917,8.796957500948402,8.187424436174126,8.012892897965386,0.0,9.15915233520675,8.613296710443764
7.324143080689116,6.760924410517091,0.0,6.760924410517091,7.7846078047091245,8.517393171418904,8.68425498991119
8.816682140471139,1.6937790608678513,0.0,1.6937790608678513,9.896658207555907,9.711176264112805,9.973074185178698
8.84378096298651,0.0,0.0,0.0,7.444948441427312,8.922791623969637,7.55832823023388
4.601946997091187,6.293419278846481,6.293419278846481,0.0,0.0,7.438971592395862,5.901358496551909
6.498907487044664,6.412113790541186,6.412113790541186,0.0,6.835874587826328,7.901377353792616,6.423243741125731
6.7997465966908415,4.866456947080341,0.0,4.866456947080341,0.0,7.0909098220799835,7.382651146068308
7.945051108757222,0.0,0.0,0.0,9.279763066409348,8.853808274977197,9.169859795624445
6.982881265212219,6.146115101976891,5.989212012054688,4.231203744939298,5.612706093995701,7.0909098220799835,5.891581568979771
7.884333454328615,5.551718505022944,3.7232808808312687,5.3811868443703315,7.520865605559746,8.294299608857235,8.55192593618854
3.126302755756428,0.0,0.0,0.0,5.616343202496125,7.0909098220799835,6.355212035785278
5.580717228909506,5.170483995038151,0.0,5.170483995038151,0.0,6.90875477931522,5.035572462146357
7.080953751709928,0.0,0.0,0.0,7.593778336129641,7.496097345175956,7.660925165184494
7.748556155603314,6.609376196982021,6.609376196982021,0.0,7.005106049001717,9.012011377036412,6.955113833172558
6.920962935618515,6.4433519388026905,6.4433519388026905,0.0,7.682930514800519,8.294299608857235,5.723255227288278
7.194223618908507,6.951427607438323,0.0,6.951427607438323,0.0,7.170888478512505,7.099969523053709
8.696892284890541,8.335920684177333,8.299295854621981,5.017279836814924,7.766474122229777,8.853808274977197,7.998268819140022
7.9457266208255595,7.093446153245695,6.660741589252924,6.049544758184506,8.166805676959171,9.04793908261736,8.380438207227519
8.737499680793412,0.0,0.0,0.0,9.151080891193068,9.259225769705994,8.947879194272756
7.894333381024837,0.0,0.0,0.0,7.531862326402602,8.853808274977197,7.94007615607528
5.073032424091517,6.6240652277998935,6.6240652277998935,0.0,0.0,7.824445930877619,6.764083108319103
8.380448234420367,0.0,0.0,0.0,7.924655749703506,8.517393171418904,7.538960031769422
6.689640815579584,0.0,0.0,0.0,7.488208353167272,8.131824785007195,6.18392321186563
7.1284510072204395,8.674120014190247,8.25435461448037,7.604007633495497,0.0,8.517393171418904,8.483551376557752
5.014232994603691,6.487927520038136,5.23590990641942,6.15328573323946,6.8051226891490035,8.006700845440367,5.427397592411861
7.040366063101659,7.168171493385457,6.96719331473075,5.469030134674274,6.196774602713237,7.496097345175956,5.664832968989511
3.5298134094833378,5.066448358915468,5.066448358915468,0.0,0.0,7.496097345175956,5.160901301200487
2.0399837204186486,4.8993312245375815,0.0,4.8993312245375815,0.0,7.824445930877619,6.03893706022309
6.2875728000053845,7.886536185563964,7.850197071589068,4.564035642629536,0.0,8.294299608857235,6.83788559427823
4.969990395004791,7.180336403898678,7.180336403898678,0.0,0.0,5.707110264748875,7.101347153149419
0.0,5.831442497808794,5.831442497808794,0.0,4.647600914601469,8.77971129020447,6.0728769647619085
8.632798375674934,8.388495810393973,6.698514632836919,8.184792654165078,7.148342187289969,9.210440366976517,7.900409228887348
5.383774192933093,7.81677161648938,5.6351109800935815,7.697480017701247,0.0,8.853808274977197,7.971989701865353
7.24507695829616,0.0,0.0,0.0,3.9033613211132563,7.313886831633462,5.681074182000164
4.163013945836936,6.745906712975834,0.0,6.745906712975834,0.0,8.294299608857235,6.788513197560966
7.813779925669971,0.0,0.0,0.0,6.8516940042413905,7.824445930877619,5.056638129652948
6.3015618310837525,6.566939623358435,5.945499139554353,5.799577385444326,0.0,7.496097345175956,7.282740256362648
1.0541151462797487,0.2151113796169455,0.2151113796169455,0.0,0.0,8.006700845440367,5.019800544577232
7.241374354206654,0.0,0.0,0.0,8.472643581085741,8.612685172875459,7.450327568704393
8.077980289397267,0.0,0.0,0.0,6.8424167525923485,8.412054873292933,8.529000267154242
7.480610743464208,6.354613489422198,4.990432586778736,6.061783206016935,7.749102197730963,8.922791623969637,7.887876700915542
6.802979621150514,0.0,0.0,0.0,7.218783051246832,7.313886831633462,5.3144649399124555
3.889217260083619,6.476972362889683,5.000046092541988,6.219754831241722,0.0,8.699681400989514,6.438221372999155
5.537663425438385,0.0,0.0,0.0,7.41211019600711,7.496097345175956,0.0
8.02430941280388,7.544755298919081,7.126006884215919,6.473736363455911,5.210630721616321,9.082620630373812,7.490233804495542
6.385482977928176,0.0,0.0,0.0,6.9656037072073955,7.496097345175956,5.38238038807279
5.660402892851665,3.3502549029245805,3.3502549029245805,0.0,6.771017903539466,6.2166061010848646,6.599736537859463
2.0865329630102036,4.463606621666305,0.0,4.463606621666305,0.0,7.783640596221253,4.89420461858853
4.918266500836714,8.293557018784067,8.280186489142826,3.9908341858524357,4.605968936901629,8.630700432209832,8.227562028454365
3.463813117933124,5.454850919362802,0.0,5.454850919362802,0.0,9.680406499268875,4.473471934989447
3.594096217950422,5.888434646788438,0.0,5.888434646788438,0.0,8.517393171418904,6.2243873453344065
5.496766345369954,6.673790893036262,6.2948415571323615,5.523937847737139,8.260340187474142,9.210440366976517,8.236280571232596
7.426461318547048,0.0,0.0,0.0,6.315160358122363,7.496097345175956,5.890030028517124
7.204412152652346,0.0,0.0,0.0,6.495303352805779,7.313886831633462,5.590223513771146
7.31647141742639,8.100925949773986,8.002904912908189,5.7329852264642955,6.7372785417203245,7.741099090035366,8.501793459893408
4.893891216036466,7.478028361391548,6.2166061010848646,7.145787442790097,0.0,8.699681400989514,7.472192935004022
8.165601187991575,8.29921875716703,7.567216401887276,7.643952370412594,0.0,9.392745258631441,8.124912917116056
6.732919507651671,5.558718166217954,5.558718166217954,0.0,7.705814149692808,7.601402334583733,7.890368807102861
4.550426028425913,6.5151570365807965,4.255612709818223,6.406549898593137,0.0,8.594339400592892,6.7012192585263906
7.010230999416571,6.24800418904062,5.66230054020126,5.4388181663356026,0.0,9.392745258631441,7.532994187699947
2.65140104580341,7.126473050967382,6.4683817226227855,6.398661488060905,0.0,8.476579508530941,7.307860395298267
8.333014040602334,6.835399616789997,6.449522105335317,5.699774453258662,7.860662571916216,8.987321812850125,6.841224843566558
8.240201140799247,3.9314333989479695,0.0,3.9314333989479695,0.0,9.04793908261736,6.954580014866917
3.741076380103446,5.481596797767104,5.481596797767104,0.0,0.0,8.699681400989514,5.738937964822303
7.953192589971505,4.768563732896527,4.768563732896527,0.0,5.442204956289485,8.006700845440367,6.723360639636685
5.019605646577601,5.8690708988939155,5.8690708988939155,0.0,0.0,8.03947991910045,0.0
6.1713206505011895,6.24726888066174,6.24726888066174,0.0,0.0,8.922791623969637,6.416113066327745
5.688121661792473,7.52428056089064,0.0,7.52428056089064,0.0,7.244941546337007,7.30033726355522
4.091198903153675,5.916202062607435,5.916202062607435,0.0,3.0310841663097343,7.0909098220799835,7.3028829601984615
8.40692567320069,5.89150608073915,5.44673737166631,4.874815570953721,6.735735374291109,8.922791623969637,7.710353805531893
8.832301143434721,6.508664809622172,5.319050932934943,6.147912585983923,8.431424111474174,9.15915233520675,7.824365635770807
8.35017347301709,7.398082233270782,7.398082233270782,0.0,8.378213451810712,9.210440366976517,8.73434992754213
2.54937126194437,4.36131359307634,0.0,4.36131359307634,0.0,7.0909098220799835,4.650481744915038
2.8973350136173575,4.572233685741827,0.0,4.572233685741827,0.0,8.294299608857235,4.770317302774023
4.687090741708511,6.320768294250582,0.0,6.320768294250582,0.0,6.90875477931522,5.752191067623902
7.393266031990294,0.0,0.0,0.0,5.41292035119779,7.496097345175956,6.662248766487456
8.349441488928878,0.0,0.0,0.0,8.139337646434294,8.853808274977197,7.112906690933351
3.8861344294585907,6.089883525948758,4.663439094112067,5.818211744573904,0.0,7.0909098220799835,6.515788827185641
6.8796316707268295,7.756760252850184,7.521312565999418,6.197115999797643,0.0,8.294299608857235,5.705400578153682
3.526816332484676,5.692249558842477,4.6913478822291435,5.239416258627876,0.0,8.006700845440367,5.713378835278539
5.953039316074887,8.794717346470254,8.794717346470254,0.0,0.0,9.15915233520675,8.382988376665354
7.454112513175878,5.594711379601839,0.0,5.594711379601839,8.532175421399655,8.412054873292933,9.007989481732551
5.6682426196251905,5.836855428880563,5.836855428880563,0.0,0.0,6.90875477931522,5.513127995298813
5.1412262971760425,7.601402334583733,0.0,7.601402334583733,0.0,8.853808274977197,7.529968688048141
7.511481833915017,8.196185952870824,8.196185952870824,0.0,7.155726598630818,8.699681400989514,7.582679188276326
8.588432728139775,8.306721511725934,8.259486662836109,5.23590990641942,8.485577538599099,9.472781556562168,9.5674549581581
6.751966340441591,0.0,0.0,0.0,5.701748781436628,8.853808274977197,7.242998833225068
4.215662675455723,0.0,0.0,0.0,5.78806215674015,7.824445930877619,6.416394357775134
8.862986207157716,0.0,0.0,0.0,9.357336873877093,9.350189267092581,8.982834317768592
6.606818332871582,5.944896911291647,5.780743515792329,4.074141854904581,6.8918617432220985,8.412054873292933,6.1426206827599765
6.910295926801462,7.8548079725063324,6.5807778239227135,7.527255919373784,7.715314440907687,9.648659816955295,8.262667183357976
8.816489213209557,7.27146045284207,5.763622475012218,7.022110223219539,7.580073200369692,8.987321812850125,7.369324282825124
8.58360787302606,0.0,0.0,0.0,8.996676327080849,8.699681400989514,8.754003378412092
6.888607826931776,5.62040086571715,0.0,5.62040086571715,0.0,6.90875477931522,6.289147077250619
7.773032721474207,5.831354478679247,5.831354478679247,0.0,7.269041612800231,8.699681400989514,6.435171631549948
6.452673997227623,0.0,0.0,0.0,7.193765972207502,7.313886831633462,4.766444376119149
7.9724771993603065,0.0,0.0,0.0,8.141104502316866,8.294299608857235,6.01225439037745
7.890688141729614,7.74428826257797,7.68069282768837,4.964451729791774,0.0,8.922791623969637,6.471864226238111
7.038181659416728,6.155218963077935,6.155218963077935,0.0,6.318305685380194,7.650168700845001,0.0
9.071202370394477,9.924396920110464,9.733028951806622,8.176962299893438,0.0,9.741027444837728,9.472958752614963
7.15435869507258,5.438079308923196,5.438079308923196,0.0,7.276038607551764,7.3783837129967145,6.019225591146302
7.227120274772872,0.0,0.0,0.0,4.9649697551968766,7.313886831633462,5.901114760187469
8.411323492146435,6.8525173727275215,6.8525173727275215,0.0,0.0,9.15915233520675,7.047690861933073
6.862880360575318,0.0,0.0,0.0,8.242677763153264,8.412054873292933,7.789191462740963
7.238207326287906,6.586723226848802,6.586723226848802,0.0,0.0,8.853808274977197,6.90732689723978
7.194125550399046,5.722277057292366,5.722277057292366,0.0,0.0,8.987321812850125,7.1789189601606855
5.185108365278613,7.29475087080664,7.29475087080664,0.0,0.0,10.12667110305036,7.237179868463295
3.000931782648066,5.780033387167461,0.0,5.780033387167461,0.0,8.575650760987806,6.01749902971965
7.374446480692193,7.42522676996923,3.546163151912341,7.404948401016831,7.223430805370413,7.496097345175956,7.341967167822215
1.7928816726555166,4.618086411254637,4.618086411254637,0.0,0.0,8.517393171418904,5.246095757198927
6.277300048195792,7.377771408149748,6.707839853787134,6.662136030902743,0.0,8.987321812850125,7.223043994354685
7.0779448980231745,6.149151822943575,0.0,6.149151822943575,7.7574090809582446,8.77971129020447,6.807536826892885
2.83722428944948,5.213848209921586,4.382026634673881,4.6520537718869415,0.0,7.0909098220799835,5.689239702636073
8.801744753429434,0.0,0.0,0.0,7.846983637725567,8.936035096566041,7.408269968093223
7.93903882537473,4.411706788775292,0.0,4.411706788775292,0.0,8.006700845440367,6.733823974176646
8.228115770985765,5.9119883456061855,4.864992761560793,5.483842120955737,7.264861962807791,8.853808274977197,6.618939130375686
8.694787832593274,8.714815426860344,7.636520537143828,8.299283419950635,0.0,9.04793908261736,7.831064010188974
3.927698756323028,6.55250788703459,0.0,6.55250788703459,0.0,6.90875477931522,6.491448431033841
6.922355057649187,7.67055911067857,5.429871806288338,7.558600203308176,8.191898532668446,8.922791623969637,7.988528525558198
7.342960204662792,0.0,0.0,0.0,6.160070536559119,7.3783837129967145,6.65015415463067
4.374523632417575,5.45677305224001,0.0,5.45677305224001,0.0,8.03947991910045,5.634167452530814
6.5707579825411395,6.402414585446716,6.028254423554833,5.243385883021818,0.0,8.922791623969637,6.123512438638698
6.822155387559725,5.059425458265688,5.059425458265688,0.0,0.0,7.0909098220799835,5.480459036329959
6.7311880573989695,8.584088932127488,8.207341853387843,7.4260370365674255,0.0,9.04793908261736,8.41703833610004
8.774842775531928,5.630135934487902,5.630135934487902,0.0,8.39880742135196,9.210440366976517,7.343285444981597
3.5962335694212206,5.939065378308774,5.939065378308774,0.0,0.0,7.601402334583733,5.9658254772682175
6.418338252056546,0.0,0.0,0.0,7.692064984706625,7.438971592395862,7.906591259023157
6.333234641337391,7.983436652359525,7.731930721948486,6.48156181522349,0.0,8.294299608857235,6.237072259125337
7.784962107480126,0.0,0.0,0.0,6.810565112710154,7.824445930877619,6.99450889650465
6.490910841693866,7.166335469788257,6.570434682605528,6.367174667064738,4.6811993764195154,8.294299608857235,7.4979460666638
6.2213831240183275,0.0,0.0,0.0,7.239554046223638,7.313886831633462,0.0
6.612564997003302,7.334087806770934,7.334087806770934,0.0,0.0,8.006700845440367,5.977910649123897
5.654279425944955,4.4331949212482815,4.4331949212482815,0.0,0.0,8.77971129020447,6.942101911927787
7.2583099798831,0.0,0.0,0.0,4.804612214220431,7.313886831633462,5.623013623404219
8.63590468232462,8.126801900325283,8.126801900325283,0.0,6.3180678563841,9.259225769705994,7.338660244976199
7.099675433986507,7.639204481597126,7.364939590765613,6.213547536224871,0.0,7.313886831633462,6.780947009148675
7.932134184350825,7.072684800666519,7.072684800666519,0.0,0.0,9.04793908261736,8.340399856685513
5.6521347525542875,6.708926219999356,6.254770675574596,5.704448919199361,6.854878444087449,8.987321812850125,8.437985684865122
9.172780506651279,8.565274533001714,7.983508273504164,7.747199523158668,0.0,9.952325334619427,8.64310813410975
4.665476140564926,7.276936690013055,7.035752637045492,5.739792912179234,0.0,9.510519035757246,7.145712983269288
3.7395814799867044,5.638354669333745,0.0,5.638354669333745,0.0,9.105090961257085,6.175379945561236
6.861984319972365,6.416862992923597,6.342684640363751,3.8013148834437245,0.0,8.160803920954665,6.679601722273327
8.66220877668861,8.563106841430468,8.095132129135653,7.579397884754572,0.0,8.699681400989514,8.176558189336887
8.81417076323713,7.435721165565717,7.285150076495209,5.472270673671475,8.679683144644205,8.853808274977197,0.0
6.997203283399249,6.438327483912075,0.0,6.438327483912075,0.0,6.90875477931522,6.4835963924076365
8.010750818156538,10.232482618948207,9.589255460247303,9.486867711073197,6.152892122420362,9.392745258631441,10.234258695189002
5.007370356650534,6.333705825049111,5.857933154483459,5.367096881942863,0.0,9.105090961257085,2.9553583036557147
7.766877044678315,0.0,0.0,0.0,6.826618025678689,9.105090961257085,6.427069282273803
3.398163517480139,5.182064409723787,0.0,5.182064409723787,0.0,7.0909098220799835,5.1120195167688545
8.292612293864664,7.626068130954191,6.738981534733451,7.096116891193358,5.925160532403403,8.556606193773073,6.994690502905529
4.718362433416442,5.017279836814924,0.0,5.017279836814924,6.329102288193491,7.601402334583733,6.596006003563943
4.290810886233647,5.409858741280944,5.409858741280944,0.0,0.0,8.922791623969637,5.969368034918399
5.417491891411891,7.794806677579103,6.757513615651594,7.357849525233506,0.0,9.770013301136158,7.415453676469187
7.711766269806855,0.0,0.0,0.0,4.611659107326858,8.517393171418904,6.2860534151388
6.050864600623085,7.573258872105253,6.929604829508674,6.829123242510611,0.0,9.350189267092581,7.47831451917242
8.091356937621935,7.672297111111401,0.0,7.672297111111401,0.0,8.987321812850125,9.045703172056328
8.114430052200222,5.267651952237151,0.0,5.267651952237151,6.822416268625736,8.160803920954665,7.036799281941956
3.439982807784089,5.849295961087796,4.795790545596741,5.4249059636476105,0.0,9.105090961257085,4.613897997591801
8.845695721987093,8.164692380791982,8.164692380791982,0.0,0.0,8.987321812850125,6.780162130889024
9.169453572543635,6.662084893086316,5.810991281171645,6.107535006030503,8.69430139996173,9.392745258631441,7.909988425475841
6.888950439090501,6.551551652527296,0.0,6.551551652527296,0.0,6.90875477931522,6.911340401742652
4.968656185933703,7.2450700177415905,4.454347296253507,7.18248888064749,0.0,8.006700845440367,7.362715497647266
8.064240994751723,5.041617031704984,5.041617031704984,0.0,0.0,8.160803920954665,6.9845130392729295
7.468723474858683,0.0,0.0,0.0,7.941813673950074,8.699681400989514,8.268554794909114
3.598698094397576,6.1293769540595315,0.0,6.1293769540595315,0.0,6.90875477931522,5.999358723444324
7.123614657810166,7.327123292259293,6.647688373563329,6.621405651764134,6.801526522067489,7.244941546337007,7.780856012326307
7.898660382939352,9.473819399479796,9.195231810295383,8.060050504566432,0.0,8.853808274977197,9.328213996418167
8.178533535296435,5.503296947234575,5.503296947234575,0.0,8.247031771201618,8.612685172875459,7.246789760961634
8.113180573732944,6.784898141818506,4.673669602412784,6.657112053965342,8.582896125923854,8.699681400989514,8.304018615583363
7.836825216667,0.0,0.0,0.0,7.908087663342668,8.160803920954665,6.570378204718787
6.666904836881067,0.0,0.0,0.0,5.988943369107956,8.160803920954665,5.4127171030748515
7.398529239941179,0.0,0.0,0.0,4.7571521759064375,7.496097345175956,7.517929833805825
4.901030220069268,7.146157817542654,6.00950090959408,6.760345163753366,0.0,8.699681400989514,7.347673768013546
3.7249092885549575,6.318030737609729,0.0,6.318030737609729,0.0,9.350189267092581,6.280276916158821
3.164748243998543,5.090678001769792,5.090678001769792,0.0,0.0,7.601402334583733,6.841497322061737
4.150868269122653,5.673323267171493,5.673323267171493,0.0,0.0,8.476579508530941,4.368066214900957
6.68326824810327,8.053317945211614,7.763658860841197,6.674195163144731,0.0,8.77971129020447,8.359338914900407
6.067482479304799,7.463013012951942,6.336825731146441,7.071904379029589,0.0,8.517393171418904,7.0271061569312145
7.029426895409978,0.0,0.0,0.0,4.32045543999868,7.0909098220799835,5.656962975450422
7.94399236529476,3.6615082573178044,0.0,3.6615082573178044,0.0,8.006700845440367,6.628455909296426
7.356296002218941,8.0186188795779,6.667719859997709,7.719298640519782,8.854252724687862,7.824445930877619,9.515165601701929
7.947913149653712,8.23418020181272,7.062063089320893,7.863920356499154,7.677114523042251,9.210440366976517,8.039510944739755
7.941415029085954,0.0,0.0,0.0,7.287118022533085,8.160803920954665,8.321326427663498
6.722718399834845,0.0,0.0,0.0,7.4978937052133485,9.546884034617925,7.6845402513035115
7.487424246576376,5.45570565679678,5.45570565679678,0.0,8.405210730102946,8.006700845440367,8.727330612514573
5.420412690907967,7.642831041568478,0.0,7.642831041568478,0.0,9.04793908261736,7.414528988218625
7.05282769752443,4.143452136329128,4.143452136329128,0.0,2.99978211187719,7.0909098220799835,5.38804566477898
5.821758208782079,6.775959522127203,5.834810737062605,6.283238237463016,0.0,8.294299608857235,5.705253894919587
6.4627654329898565,6.361630575729091,5.944556360906547,5.29088985071924,7.522907692114989,7.601402334583733,7.718021539272949
5.914541479750841,8.102898214502794,4.487512142519859,8.075934052367446,0.0,8.699681400989514,7.763949632669621
4.46771271926804,6.8207148106602675,0.0,6.8207148106602675,0.0,9.15915233520675,6.75315246128929
8.362763577590508,9.006062734869595,8.036919404178086,8.529179072892191,7.895852353033575,9.15915233520675,8.830677017865295
4.492309256866105,6.508396489305733,6.508396489305733,0.0,0.0,8.366602832783736,6.450663801549439
7.1346707221599015,4.481871969643598,4.481871969643598,0.0,0.0,8.77971129020447,5.718287650757629
7.305530490143685,3.5700959181239695,0.0,3.5700959181239695,0.0,7.601402334583733,7.666216922839906
0.0,6.898714534329988,0.0,6.898714534329988,0.0,7.313886831633462,0.0
8.67016676930218,6.452222440964855,0.0,6.452222440964855,7.131205935934583,8.81001204797317,7.437227459699486
7.840574583889205,5.951371453541538,0.0,5.951371453541538,0.0,7.972810784121404,7.451313303793488
6.513251756078642,6.459904454377535,6.459904454377535,0.0,7.792500261958989,8.987321812850125,6.672955264298051
6.859001621196339,5.634825316817224,5.634825316817224,0.0,6.316841544289676,7.0909098220799835,5.851723741634437
8.106722345682485,7.269533180656772,6.608000625296087,6.54517723167635,8.666198159203587,8.699681400989514,8.435807915217438
7.233377950638923,6.999541073612665,5.465525285531943,6.757780866398291,4.608179453597068,8.699681400989514,7.031343750438539
6.576429133690336,5.938459261784084,0.0,5.938459261784084,6.688204583126013,6.90875477931522,5.360044321748188
6.2971769032854885,6.051759702891737,6.051759702891737,0.0,0.0,7.824445930877619,6.647762355262413
6.63157099951217,7.845596130006642,6.344688543370456,7.593877844605118,0.0,8.853808274977197,7.847975085977325
8.577738531219348,7.208319025264479,6.790029741672692,6.137035670427201,8.35690452432743,8.699681400989514,7.70239904492677
6.600772822608855,5.389071729816501,5.389071729816501,0.0,6.860134626916745,7.313886831633462,6.901549393246092
8.468783656468311,0.0,0.0,0.0,6.111665574841669,8.517393171418904,6.69361703663349
4.144439826758387,6.675419609299012,6.345039691628857,5.411735333583594,0.0,8.412054873292933,6.795585585624417
8.244499521290201,0.0,0.0,0.0,7.665696215135818,8.294299608857235,6.761356260414102
4.535603289065773,6.7375717572803016,6.7375717572803016,0.0,0.0,9.15915233520675,6.4867378068884305
7.074697557779876,5.497332146283652,0.0,5.497332146283652,4.054607482441183,7.0909098220799835,6.213456878022201
7.990987527522381,5.772935333344518,5.241747015059643,4.893951653883173,5.569843574249755,9.210440366976517,9.10207199135182
8.40743444593246,0.0,0.0,0.0,7.640068661594276,9.105090961257085,7.212650663167582
8.385089741538886,0.0,0.0,0.0,6.0039783518288505,8.412054873292933,6.655751339328605
7.013533344253989,8.127310051434357,7.760160076737486,6.948321240728799,0.0,8.699681400989514,0.0
7.154226372675352,0.0,0.0,0.0,6.114427008573114,7.496097345175956,0.0
8.894566649499168,8.163442538994751,7.740860034953764,7.099036577147563,4.1823241356360485,9.392745258631441,7.342313990528773
8.974639693410516,0.0,0.0,0.0,9.363774718726726,9.472781556562168,7.407285511528706
4.300320292886528,0.0,0.0,0.0,4.910831349103296,5.303304908059076,4.5590680782556205
5.241605714071837,4.762173934797756,4.762173934797756,0.0,0.0,8.294299608857235,5.501810959791527
5.947062422396078,7.144565021060162,7.051474597994149,4.733035556985987,0.0,7.313886831633462,6.543637782113555
8.674837908778757,6.584515111129642,5.598421958998375,6.119857761876381,8.668746952567227,9.105090961257085,7.47994094085617
8.543297318375716,0.0,0.0,0.0,8.884273314610304,9.472781556562168,7.0859355642026145
5.673926123217951,5.846929983874686,5.39725731440294,4.839214111770589,0.0,8.699681400989514,5.933855116281044
4.640374478728025,7.623509972994066,7.166567087095738,6.621858279006709,0.0,9.210440366976517,7.753760849150481
5.41970315338441,5.965890295988552,4.787491742782046,5.6017497490910495,0.0,7.313886831633462,6.5116330246760565
7.267769748293523,0.0,0.0,0.0,5.871052382694494,7.313886831633462,6.265641160652291
7.3199824679342065,0.0,0.0,0.0,7.156294469851681,8.517393171418904,6.111432170369839
6.517483072042598,7.182580049431362,7.143870335377483,3.9314333989479695,0.0,8.294299608857235,0.0
6.529198637377454,8.907724679351155,8.267579886832179,8.15889407207557,0.0,8.987321812850125,8.835585274380017
6.521542485010933,4.098336583491638,0.0,4.098336583491638,5.611069112201219,7.0909098220799835,7.420691425427492
7.8743626352969835,7.559632448010525,7.2216385815859105,6.312478634079945,6.959199957760492,8.853808274977197,8.048822667927075
4.9825465326151335,5.023090735363602,0.0,5.023090735363602,0.0,7.824445930877619,5.389696242530392
0.00019898020212647435,0.009950330853168083,0.009950330853168083,0.0,0.0,8.294299608857235,0.05492937582399688
8.343075459359762,9.363416760673596,8.837187553335264,8.470005143173431,0.0,9.711176264112805,9.52231799283293
7.735949637907732,5.184308449936169,4.48863636973214,4.504797211841304,0.0,8.517393171418904,6.570738879130966
8.577966427694879,5.993761906156665,5.66988092298052,4.717784330357226,8.911009507156407,8.922791623969637,9.533768170069024
7.524222348041529,8.700812239437614,8.613922363973977,6.216566180128353,0.0,8.936035096566041,8.592425591164243
6.541448093594438,5.303304908059076,5.303304908059076,0.0,5.706147605527848,9.205428327615163,6.705928881509166
5.101910215914532,6.135456660116754,6.135456660116754,0.0,0.0,7.313886831633462,5.099497347527322
5.213354225036691,7.8096265482945,7.1676858151030745,7.063364894045639,0.0,9.15915233520675,7.767907279645616
6.182624963339137,8.080020674463652,8.080020674463652,0.0,0.0,6.398594934535208,8.103296792154685
8.20991380550195,7.917299531732244,7.170604041446132,7.275670810144088,6.999859011807171,8.699681400989514,7.528378193586492
5.493726863874499,6.532334292222349,6.532334292222349,0.0,0.0,7.3783837129967145,4.388934271919223
3.0097122960649454,6.063552623502236,0.0,6.063552623502236,0.0,9.259225769705994,6.0397874759495105
1.2460424362228997,4.75960653929251,4.75960653929251,0.0,0.0,8.412054873292933,0.0
8.165221299626918,7.960435315756336,7.1040865728451905,7.408160801570157,7.9659651916750365,8.612685172875459,8.120630059978492
5.301734551315985,5.664348405410794,0.0,5.664348405410794,0.0,8.412054873292933,7.013375561997502
8.560237967933201,4.615219521841093,0.0,4.615219521841093,6.199148786660588,8.699681400989514,7.170640880606716
7.356906787280839,7.425512821388923,6.423003427387493,6.969236004825158,0.0,8.412054873292933,8.90462668320608
7.891032718862311,0.0,0.0,0.0,7.206856649113947,8.922791623969637,8.696887905745209
5.120638820279345,6.682835150488822,6.682835150488822,0.0,0.0,9.15915233520675,7.784754642246973
9.554018802926397,8.516552986528815,8.132738804094767,7.373807361139244,9.93854915162988,9.711176264112805,9.924237396766944
7.506814315198173,8.643448678721331,7.643506864624428,8.185018507074451,0.0,8.699681400989514,6.728592307401735
0.0,5.19184512203752,0.0,5.19184512203752,0.0,7.550135342488429,0.0
3.0239559130176112,5.740596447778917,5.740596447778917,0.0,0.0,8.612685172875459,5.780540115478258
5.174089906373002,0.0,0.0,0.0,4.010606476709347,7.496097345175956,5.784148988360444
6.828839273507894,5.417876601605676,5.417876601605676,0.0,7.521035265631771,7.438971592395862,7.711292039729452
7.542686524664999,6.517213265531828,6.517213265531828,0.0,5.454050256876992,7.601402334583733,6.489217092345597
6.953167113492903,6.853605276507814,6.560592097320762,5.48728346606066,6.788145709352735,7.313886831633462,7.668471102096327
7.96438832843335,0.0,0.0,0.0,6.609165211409778,8.006700845440367,6.593133497308385
3.3691628446501243,6.7157106055199165,0.0,6.7157106055199165,0.0,7.824445930877619,6.513274197477572
5.984885447214552,5.662057294608887,3.979494720543159,5.460648778465489,0.0,6.90875477931522,5.454393604155561
7.403823273437705,0.0,0.0,0.0,8.003418402467892,8.006700845440367,8.389524221164452
7.792392760889599,0.0,0.0,0.0,8.216840215721335,8.006700845440367,7.383206728122921
6.793054619669063,6.630327121660191,6.630327121660191,0.0,0.0,8.006700845440367,7.5835420381817995
4.067464765737915,5.827473946998751,5.827473946998751,0.0,0.0,8.853808274977197,5.873123902891837
7.6079631431455645,4.110873864173311,4.110873864173311,0.0,8.438737083560621,8.160803920954665,8.140238831095472
8.488847692598318,0.0,0.0,0.0,8.483869936563677,8.987321812850125,7.027902206443422
5.41700079228714,7.32903467938466,6.898886063513072,6.279908829004327,0.0,8.922791623969637,7.175866065136346
3.297128882842847,5.706412346842217,0.0,5.706412346842217,0.0,8.922791623969637,5.7343656387913
7.891618804803591,6.077642243349034,6.077642243349034,0.0,8.207631226365844,8.517393171418904,7.042842296120175
7.530902291795409,0.0,0.0,0.0,7.600432883808653,8.006700845440367,6.620769458757178
2.7623027525662054,5.142189733836557,0.0,5.142189733836557,0.0,8.853808274977197,5.257271320888533
7.607406256926128,7.154779405956883,5.496799304791385,6.944376462437782,5.286213555069024,8.412054873292933,6.489170357779331
7.013058963325094,0.0,0.0,0.0,6.347180853450488,8.160803920954665,8.173553701568885
6.58999854228155,8.612146944071588,8.612146944071588,0.0,0.0,7.438971592395862,8.344971427889547
7.503076680770225,0.0,0.0,0.0,7.939262073231848,9.105090961257085,6.870039919495267
3.788726734783117,5.783825182329737,5.783825182329737,0.0,0.0,7.496097345175956,5.862209241833824
7.480110026438206,7.0707241072602764,0.0,7.0707241072602764,0.0,7.438971592395862,7.208616511034448
6.258403026193836,0.0,0.0,0.0,6.910356913793518,7.048386408721883,7.107640031763146
6.406576553899816,6.639875833826536,5.805134968916488,6.073044534100405,6.681659698464119,9.259225769705994,7.593706834515448
6.524547689809368,8.992405730704016,7.988777091741952,8.536032609877651,0.0,8.853808274977197,8.753487944218126
7.757044806682604,5.2552010754744085,5.2552010754744085,0.0,8.310764531715657,8.160803920954665,9.026495123954101
3.725196990779451,6.117237798025915,0.0,6.117237798025915,0.0,8.517393171418904,6.057731940852419
7.232282627199232,4.368307962532944,0.0,4.368307962532944,5.708874916137683,7.824445930877619,6.462034223931056
9.052552929553883,0.0,0.0,0.0,8.31175342396451,9.305741456739435,7.80801317792394
6.236120846940897,3.4931686602009657,3.4931686602009657,0.0,0.0,7.313886831633462,7.24210169264201
6.917571169115388,7.239810632664303,7.239810632664303,0.0,0.0,9.105090961257085,7.144304771762645
6.585028984324262,7.64785283710345,5.476463551931511,7.527331266373664,0.0,8.517393171418904,7.320182454227193
0.7056235262703667,4.105284502260435,0.0,4.105284502260435,0.0,7.438971592395862,0.0
4.8452564357606125,0.0,0.0,0.0,7.065846715532145,7.0909098220799835,7.032220949346912
6.884115597540155,8.83906797315321,0.0,8.83906797315321,0.0,8.724369949208368,9.0286844453613
7.03022485164827,7.1003736412534595,0.0,7.1003736412534595,0.0,8.294299608857235,8.129125246853524
7.743837663965338,5.888767148869639,0.0,5.888767148869639,7.95313640909693,8.294299608857235,7.302372518477263
6.785402190524174,5.238938843028536,0.0,5.238938843028536,0.0,6.90875477931522,5.578339244481431
6.774876934789348,5.957649198613251,5.761107541275471,4.248495242049359,5.672713311426853,7.601402334583733,5.883237267873978
6.099781280594856,8.225690496338666,8.225690496338666,0.0,0.0,8.294299608857235,8.667311373642802
0.0,7.0909098220799835,7.0909098220799835,0.0,0.0,7.824445930877619,9.563169704621314
5.810093306620414,6.647688373563329,0.0,6.647688373563329,0.0,8.612685172875459,6.327495252339984
4.631646455696408,6.415653269214249,4.465908118654584,6.264045672024523,0.0,7.313886831633462,5.786664909561956
8.32943480211676,6.980327071816367,6.980327071816367,0.0,5.253544117760592,8.699681400989514,6.832831191127342
3.7770228775970742,6.5638555265321274,5.7899601708972535,5.948034989180646,0.0,8.006700845440367,6.628439031231266
4.992208267826998,8.052286948394658,7.8241340069845196,6.46419881975125,0.0,8.517393171418904,8.003672797683604
8.263017666040536,0.0,0.0,0.0,8.359373382091748,8.922791623969637,7.203089511335845
7.3742306518702625,7.740442638199051,6.5297107664499645,7.387269786100079,6.320057455333517,8.412054873292933,6.987571338819147
6.839774740627333,5.212487109942844,0.0,5.212487109942844,7.743151316978895,7.824445930877619,7.470887499871011
4.0803698356740155,6.086479228711559,6.086479228711559,0.0,0.0,8.922791623969637,7.46706775863854
7.830384016796038,8.062552544891524,7.411048606092515,7.326610340209061,6.48785516974303,8.824824939175638,7.881278753289358
7.323012047270136,4.2626798770413155,4.2626798770413155,0.0,0.0,7.438971592395862,7.643027469888375
4.394537669273425,7.345603675676543,3.3870984572826535,7.3269852156660145,0.0,9.15915233520675,7.008835288531476
4.5444095011655055,5.081404364984463,5.081404364984463,0.0,0.0,8.556606193773073,6.4523403804228066
6.131135765802655,6.201968554875728,0.0,6.201968554875728,0.0,8.699681400989514,7.6557641020709495
7.235412031004227,0.0,0.0,0.0,6.552229327555764,7.313886831633462,6.744801989281273
8.426362305818014,7.439635686945015,7.188118131171531,5.9389072963693055,0.0,9.392745258631441,7.095158813126434
7.4444510196617575,5.8289456176102075,5.8289456176102075,0.0,0.0,7.601402334583733,6.419480701492736
4.562647892611987,6.936187232976371,4.543294782270004,6.841444521694716,0.0,9.798182590890704,6.949170484398012
8.733153392295367,0.0,0.0,0.0,7.760424950323001,8.922791623969637,7.23158472483804
4.184757390766305,5.8991025172358125,5.8991025172358125,0.0,0.0,8.699681400989514,5.840945425184773
3.2306902785504197,5.444450275495997,0.0,5.444450275495997,0.0,8.294299608857235,0.0
7.728762330700849,0.0,0.0,0.0,7.9612181357647644,8.987321812850125,5.794821205403165
8.517558240177829,8.105123319798201,8.030699139463483,5.474369310328396,7.61128115012127,8.922791623969637,7.876423498973356
8.222748014778544,0.0,0.0,0.0,7.038307746637221,8.412054873292933,6.836566375123066
5.855263213360694,6.54534966033442,6.54534966033442,0.0,0.0,8.294299608857235,6.156656520463673
6.742150352690665,9.035801253298658,8.826593701885157,7.369222577205586,0.0,9.210440366976517,8.995722971019687
3.7027174903150764,3.8426729272933526,3.8426729272933526,0.0,0.0,8.006700845440367,6.724185749794473
8.158534619960081,0.0,0.0,0.0,6.260634660692633,9.433563920090563,7.208507039011392
6.57984501622903,6.600414568867172,5.198497031265826,6.319688574872699,0.0,6.90875477931522,5.657660536603309
7.078277911426345,5.726847747587197,5.459585514144159,4.290459441148391,7.181928854391315,8.006700845440367,6.218267701897255
8.363138080888755,8.351381788849194,8.351381788849194,0.0,0.0,9.210440366976517,7.415372910639388
6.898157798150078,6.066038482112722,6.043392639968341,2.365559892155434,6.9380707560381225,7.313886831633462,5.279997564023605
8.04786429480723,8.119172306197306,7.695307684543755,7.057235067159497,0.0,8.853808274977197,7.0480515142495985
8.27214771365353,7.64092093132439,6.512458299789599,7.250763253916752,7.512460324779245,8.699681400989514,6.9264754451383945
6.153542266912073,8.540628428475355,7.849039066114123,7.846312267590445,0.0,8.366602832783736,8.570126542055998
8.173266743546439,7.218118185656976,0.0,7.218118185656976,0.0,8.922791623969637,6.93508495876945
7.1059574585279766,0.0,0.0,0.0,8.404845490578593,7.824445930877619,8.114327682819379
6.5236788984713066,6.457413090595657,4.67292228803891,6.275515033325713,7.834683853437913,9.392745258631441,5.739788622780967
7.267138305453077,0.0,0.0,0.0,7.255496788857857,7.313886831633462,5.466527608757266
4.888545254098375,6.6725771011789545,6.670107041465045,1.0818051703517284,0.0,8.517393171418904,7.61327939084717
3.6106123254166627,5.68697535633982,0.0,5.68697535633982,0.0,7.0909098220799835,6.221142576143533
4.863741867696863,0.0,0.0,0.0,6.1966963566746065,7.0909098220799835,5.300437407671898
8.29070348496405,3.044522437723423,3.044522437723423,0.0,7.175630476478717,8.699681400989514,7.093554812264643
7.454213724610351,5.4158781552871815,5.4158781552871815,0.0,5.5835665581938505,8.517393171418904,7.459244977791759
6.856403682895076,6.522004558983072,5.310245937413311,6.1707398019655315,0.0,7.601402334583733,7.468164203158982
4.290236662910504,6.90875477931522,6.90875477931522,0.0,0.0,7.0909098220799835,4.547871527020137
3.5235229141697335,5.972536537222463,0.0,5.972536537222463,0.0,8.77971129020447,6.006970985949103
8.248937128682472,6.90875477931522,6.90875477931522,0.0,0.0,8.517393171418904,7.057526042105579
6.365052702655837,6.633976111699347,4.454347296253507,6.515453157400254,6.903763023524572,8.294299608857235,7.086263032464791
2.3461108530438093,4.853123416210876,4.853123416210876,0.0,0.0,8.294299608857235,0.0
7.32021266934057,0.0,0.0,0.0,7.487186978159121,8.160803920954665,6.242976897745411
7.162316736730325,0.0,0.0,0.0,8.081520182593689,8.160803920954665,8.501077108381663
8.481866660595026,8.675300604468676,8.675300604468676,0.0,0.0,8.853808274977197,8.260254448631969
8.66538363570468,0.0,0.0,0.0,8.442511725153894,8.699681400989514,7.56928023168139
2.4202386980524286,0.0,0.0,0.0,6.539107511701862,7.0909098220799835,0.0
8.843574886036587,2.962692419475791,0.0,2.962692419475791,9.604909764102114,9.798182590890704,10.011565892261949
7.454075997279689,0.0,0.0,0.0,6.625688279129103,7.438971592395862,7.065405728891971
6.166837010618008,8.598354657661346,8.598354657661346,0.0,0.0,9.259225769705994,8.614665227996069
6.869398572307737,0.0,0.0,0.0,7.025791137787166,7.0909098220799835,5.62304905905441
7.219097245344117,0.0,0.0,0.0,5.5372852894412015,7.313886831633462,6.242249702848885
4.741703234133841,6.683360945766275,6.683360945766275,0.0,0.0,8.517393171418904,8.383207912029272
2.3893187814317782,5.314682720634301,0.0,5.314682720634301,0.0,7.313886831633462,5.281304210058096
3.314436918645527,5.9962281829570045,4.758835033532241,5.65704021210407,0.0,7.824445930877619,6.144570680157581
5.066814788209857,7.142439974342886,4.477336814478207,7.071157318423514,0.0,9.210440366976517,7.285995468050007
7.756778917214878,6.829999121825029,0.0,6.829999121825029,6.071345974853533,7.824445930877619,6.774896854149699
5.75920177303707,4.510419849442281,0.0,4.510419849442281,0.0,8.45553053102413,5.710935689303868
6.119982298976196,5.479596713763548,0.0,5.479596713763548,0.0,7.313886831633462,4.553958709306013
7.5575212356946775,6.29129132319315,6.191339471482838,3.9579519373165457,0.0,7.601402334583733,6.931385185637115
9.111880160036002,0.0,0.0,0.0,5.9055720194275105,9.210440366976517,7.834040129265623
8.083371417746601,8.012906144489829,8.012906144489829,0.0,8.332946147340866,8.612685172875459,8.12278649793039
7.8042938962923225,0.0,0.0,0.0,6.4900028089848965,8.006700845440367,6.542404982759523
5.8387751054020995,6.453089422426351,4.20409542618122,6.343353054312754,5.909484499001782,8.412054873292933,7.393914908748479
9.103213893256413,0.0,0.0,0.0,8.165888360859006,9.433563920090563,7.572667121754975
7.730408014972816,7.20388903512372,7.14147470802852,4.411099882159589,0.0,8.006700845440367,6.578643249460539
4.013265680405505,5.849382415173525,0.0,5.849382415173525,0.0,8.412054873292933,5.475791217178534
6.89277906421642,6.3978958549614715,6.3818160174060985,2.3589654264301534,0.0,8.006700845440367,6.664351322257334
7.913357032002906,6.950843503661908,5.736475518602719,6.5999521285341345,4.824050486549373,8.006700845440367,7.433875058022918
8.664951945024878,0.0,0.0,0.0,8.904399771405267,9.433563920090563,8.932084651144226
7.987917404002656,2.5817308344235403,2.5817308344235403,0.0,5.504089533258939,8.006700845440367,6.444631322425746
7.435344285038103,7.800154876996019,7.226129006900501,6.9726905963856565,6.975053910321111,8.612685172875459,7.296872359985591
5.252199184452946,5.91350300563827,0.0,5.91350300563827,6.899822265674969,7.824445930877619,5.682159531389733
7.433283862935664,0.0,0.0,0.0,7.215369358595456,8.160803920954665,5.926235539639582
8.02257279676766,7.148613003780448,7.123205310927329,3.494080375808869,0.0,8.071218539969863,7.104371901876881
6.0414135229290995,6.111467339502679,6.111467339502679,0.0,7.219767986811125,9.15915233520675,8.360951020144766
8.006026784590295,10.46687222927917,10.436722110111207,6.951226561039009,0.0,9.392745258631441,10.271516082601684
3.8206831175736133,6.46302945692067,0.0,6.46302945692067,0.0,8.699681400989514,6.392715019436504
8.638524120515527,8.723000128323546,8.531387967201846,6.977374620862194,6.912504009890641,9.472781556562168,9.351478546040362
7.906454793841584,0.0,0.0,0.0,5.765301077928579,8.006700845440367,6.50074257646727
4.570548937461715,4.63443768366866,4.63443768366866,0.0,4.594321895489809,8.006700845440367,5.729970557091803
7.426804508818263,0.0,0.0,0.0,4.341787621228798,7.496097345175956,5.499228932544006
2.7371252617641915,5.105339229565553,0.0,5.105339229565553,0.0,7.313886831633462,4.940044224742613
9.019400894992,8.21897851195476,7.792249827543349,7.162358736914619,7.775049891519551,9.04793908261736,8.831781497030562
8.497120724800704,0.0,0.0,0.0,6.053146101938588,8.517393171418904,6.781355478282051
4.938755359049089,7.196611661661687,6.499636653408409,6.508769136971682,0.0,8.922791623969637,6.909550679286011
1.6409582846842685,4.270536258640519,0.0,4.270536258640519,0.0,8.699681400989514,4.018156618169397
6.385897261544106,8.736972690646981,8.147780320600571,7.928157346613686,0.0,8.412054873292933,8.708362682869023
7.100765517743353,0.0,0.0,0.0,4.790633726577255,7.0909098220799835,6.027254658914141
2.2603011970831477,6.241425281781217,5.867883485336628,5.081963215009874,0.0,7.824445930877619,6.812554419902084
3.514883622086327,6.304229399927226,6.304229399927226,0.0,0.0,7.601402334583733,7.004784228128544
5.166013123524498,0.0,0.0,0.0,6.863896482208695,7.0909098220799835,5.476736485393082
5.002374447061231,7.192889107416232,7.192889107416232,0.0,0.0,8.294299608857235,8.435368772253705
5.860373192311295,8.071374728958856,7.649159148105371,7.006350964687075,0.0,8.853808274977197,8.045757577049033
6.706575195137083,8.983193819332154,8.967022174175234,4.858416081118745,0.0,9.210440366976517,9.042668372779511
8.064080552724175,8.679096031169694,8.600003757341257,6.104904833330228,0.0,8.699681400989514,8.808054122937463
2.7235715197991115,5.563868854111823,0.0,5.563868854111823,0.0,8.853808274977197,5.88128511688746
4.770839900545304,6.440850842274075,6.440850842274075,0.0,0.0,9.305741456739435,6.443755162138369
5.802831380946899,0.0,0.0,0.0,6.836753015733371,8.77971129020447,7.625587092588423
6.992617535181825,6.33778102691849,5.883043798153562,5.3358058109590285,0.0,7.244941546337007,6.09626651880917
6.01760061741183,5.25227342804663,5.25227342804663,0.0,7.59459642372682,9.350189267092581,5.70683098987488
1.4211693471878761,2.833213344056216,2.833213344056216,0.0,0.0,8.612685172875459,6.48775301306029
7.5800424102022195,5.626757431471986,0.0,5.626757431471986,0.0,8.006700845440367,6.340547414781554
4.34297436233365,6.7539512057465405,6.7539512057465405,0.0,0.0,7.741099090035366,6.058875940717766
7.286546753723364,5.978429964837522,4.905793162572673,5.563562093880882,0.0,7.313886831633462,6.085868275300057
6.941672275338549,3.1245651453969594,0.0,3.1245651453969594,7.1226625627729465,8.006700845440367,5.548219134160214
7.721373595018653,4.820200917191751,4.61512051684126,3.177637076851603,0.0,9.105090961257085,8.226530385789895
7.495010031332742,0.0,0.0,0.0,6.173450595541968,8.748463629942055,7.084738002031661
5.194120379283998,7.331335316515473,7.331335316515473,0.0,0.0,9.510519035757246,7.302015489363779
7.021498504248434,5.589792237238514,0.0,5.589792237238514,0.0,7.244941546337007,6.9492874772479984
7.6243272673440705,8.2883836184754,8.101614109066055,6.5200465884631855,0.0,8.853808274977197,8.135707180821727
6.160214797660443,5.883879336428045,0.0,5.883879336428045,7.5064934719420515,7.824445930877619,6.1865882802169745
7.5474967292162,0.0,0.0,0.0,7.565934843614886,8.612685172875459,6.644201026159271
6.9734345192521765,0.0,0.0,0.0,5.378203634293178,7.0909098220799835,5.410756732420568
8.496423597734715,0.0,0.0,0.0,5.984524304241,8.517393171418904,7.162168305977101
4.076574098681744,6.089044875446846,0.0,6.089044875446846,0.0,8.77971129020447,6.1388569597787646
6.219502931158293,7.090460095655974,6.104793232414985,6.624675931056929,0.0,8.77971129020447,6.207065903440922
7.261122390069048,5.07804469032551,5.07804469032551,0.0,0.0,7.3783837129967145,6.150863898527956
6.0520239738580885,0.0,0.0,0.0,7.425827082063092,7.313886831633462,5.760322754342443
8.26751086062506,7.092324308316571,0.0,7.092324308316571,6.9038095829515695,8.294299608857235,7.458898299900541
3.031398407438338,5.402226829938548,0.0,5.402226829938548,0.0,7.824445930877619,5.6218553038857975
0.0011453438432559072,0.0,0.0,0.0,4.580789169846504,7.313886831633462,7.215256738883763
7.028150592999764,0.0,0.0,0.0,4.47091880852239,7.0909098220799835,5.87183017347001
9.002427565016033,5.447340637940477,3.97855952922839,5.191288793789513,8.004101366087463,9.392745258631441,7.670742054657386
4.009092346092185,5.231055139488869,3.8284239815518326,4.955827057601261,0.0,8.294299608857235,5.9089258246880885
4.082813686465642,0.0,0.0,0.0,6.733535851911927,7.0909098220799835,7.86986627399423
7.8452585997676945,6.312859403419921,0.0,6.3715263734936105,0.0,8.006700845440367,6.173020183576503
6.083126448211068,7.569009234655008,7.339518214698447,5.987079948790158,5.985366028890799,8.294299608857235,7.8039544357307085
8.616889305660335,0.0,0.0,0.0,8.320199942185676,8.77971129020447,8.379321879751965
7.6445773960703765,0.0,0.0,0.0,7.013071651265659,8.699681400989514,6.168914728830815
5.09895482341474,7.191218464432296,6.931735442719133,5.718506870054583,0.0,8.699681400989514,6.875738465243958
5.577717893973706,0.0,0.0,0.0,6.731827987232391,7.438971592395862,5.637448889131925
6.938772623829205,3.26804686887465,3.26804686887465,0.0,0.0,8.006700845440367,7.035588344811975
7.259196131230333,5.977948617054461,5.977948617054461,0.0,0.0,7.313886831633462,6.162961994436232
1.961395768385942,4.312676556539088,4.312676556539088,0.0,0.0,8.294299608857235,4.289453935797278
7.585726093368712,0.0,0.0,0.0,7.498244414474429,9.259225769705994,6.392629963107456
6.1930585947856045,8.499014964067795,7.736900806730392,7.870765461148226,0.0,8.922791623969637,8.431770694978015
6.852085316730664,6.110335879243754,0.0,6.110335879243754,0.0,6.90875477931522,6.467458114861653
8.623783153514967,0.0,0.0,0.0,8.020378969234407,8.699681400989514,7.693925603344896
8.456601407123145,6.7899509930999695,6.69913081376713,4.358885942232239,6.642723176296819,8.699681400989514,6.996479595885493
8.477101678987296,0.0,0.0,0.0,5.66148977765526,8.517393171418904,6.895287411130382
7.453530506145688,7.638284945729413,7.518987166340815,5.457370296402637,0.0,9.04793908261736,8.241109613753236
8.138147198293622,0.0,0.0,0.0,5.663932125990743,9.04793908261736,7.236225200891237
4.605467401815091,7.311799377934855,6.0644129186132485,6.974104659523671,0.0,8.517393171418904,7.473686339538739
8.378957156152445,0.0,0.0,0.0,5.711089205364769,8.444837529224097,6.8930203004360875
8.413422472029032,7.57519996218971,6.305088451550566,7.246296801724727,7.534304373088497,9.350189267092581,7.783166712194186
5.447123430756598,7.345313192859787,7.345313192859787,0.0,0.0,9.105090961257085,7.116209366471184
8.556454968341775,5.607271574275357,5.3230099791384085,4.225372824628505,6.9222655706605085,9.210440366976517,7.192205279662598
6.134795948334879,6.692604698596852,6.692604698596852,0.0,7.558768702954706,8.853808274977197,6.564531440504964
6.046890590287786,7.9192616407363685,7.393103081962472,7.026426808699636,0.0,8.412054873292933,7.895756391368583
4.933496959644597,5.473278568935699,0.0,5.473278568935699,7.016192498229671,7.0909098220799835,7.117936313915983
8.589948806575885,8.682766950168228,8.2250960535577,7.681500397662047,0.0,8.699681400989514,7.943647599941565
7.847075281054507,7.6648439274788585,6.620699676923461,7.231713830735116,0.0,8.517393171418904,0.0
8.287201611536519,6.582731260721253,5.170483995038151,6.305380726364039,0.0,9.510519035757246,7.0653001138569635
7.806107244603446,6.136257292009523,3.2188758248682006,6.08294923723016,0.0,8.987321812850125,6.9191329046267
9.070628128731002,0.0,0.0,0.0,7.927898844612732,9.770013301136158,7.764269203118912
7.894842633166197,5.757323241584231,5.757323241584231,0.0,8.799408439778432,8.699681400989514,7.389442942032365
8.119614122798946,5.796057750765372,5.796057750765372,0.0,9.038110292826195,8.517393171418904,8.809849735890667
5.2881017038975004,7.558031492310203,7.500667673746237,4.680463170023523,0.0,8.922791623969637,7.482903707308051
6.708027658573769,0.0,0.0,0.0,7.159385903489969,7.313886831633462,7.102158136249015
0.0,0.0,0.0,0.0,5.207570603500691,7.824445930877619,7.0404994849815505
8.217106175351434,0.0,0.0,0.0,8.038621679263672,8.699681400989514,7.870191669210059
4.315839795806734,6.398594934535208,0.0,6.398594934535208,0.0,8.006700845440367,6.354928601295127
5.489073993731343,0.0,0.0,0.0,6.467485201756857,7.313886831633462,6.820512207880772
5.237530407493125,7.9434313177458264,7.8504814940089265,5.525612288984722,0.0,8.699681400989514,7.6400335619496715
5.941599051351725,0.0,0.0,0.0,6.831305600557808,7.313886831633462,7.883269385596203
6.474146901183334,5.914826453818583,0.0,5.914826453818583,0.0,9.433563920090563,6.605766925968449
4.370897168789159,0.0,0.0,0.0,8.875792066591789,9.61587214452889,9.327446848151139
4.926088992673403,7.033982561421183,7.033982561421183,0.0,0.0,9.711176264112805,8.476996976263559
8.488778350521333,9.135952976171923,7.3650915145001905,8.94952870161046,8.400088776219894,9.105090961257085,9.730537136124642
6.860055062803528,5.651787179537821,0.0,5.651787179537821,0.0,6.90875477931522,6.417529141406517
4.268192695747763,6.917269871350722,5.198497031265826,6.720895439745174,0.0,8.699681400989514,7.186973824115387
8.355498551745299,7.684218266316218,7.308361937246574,6.525088307149951,0.0,9.305741456739435,7.263099518125843
7.157024363083112,0.0,0.0,0.0,5.307601643953677,7.313886831633462,5.510720893723397
3.315901949778089,5.418586198938981,0.0,5.418586198938981,0.0,8.006700845440367,5.581203844746975
5.658246271109929,7.14380715819706,6.796309619668363,5.9207738064852125,0.0,8.853808274977197,7.491246681326171
7.6180241301067175,6.835453367226732,5.698803433109037,6.450059595270321,7.357583159092896,8.160803920954665,7.164193101347804
7.83456085046322,0.0,0.0,0.0,7.970226004538407,8.006700845440367,6.529082881105012
2.9629210755025515,5.551019720103791,0.0,5.551019720103791,0.0,7.601402334583733,5.730002005466237
7.852560141404736,0.0,0.0,0.0,8.785429188395682,8.006700845440367,8.415090948927642
8.087567574317967,5.442417710521793,4.31748811353631,5.056245805348308,8.411451475110676,8.412054873292933,6.342384910412617
6.707399665320946,6.9957661563048505,6.9957661563048505,0.0,0.0,7.8636512654486515,6.643233908132648
6.057820171781247,0.0,0.0,0.0,7.390608901661455,9.105090961257085,8.743846351562196
5.362617756209558,7.4383247047847245,7.4383247047847245,0.0,0.0,8.006700845440367,7.960937530725056
8.101446478592777,5.955837369464831,5.955837369464831,0.0,0.0,8.867990898182093,6.815900248967205
7.923276345168156,0.0,0.0,0.0,6.970591800978045,8.006700845440367,6.501543034837341
3.810920323428844,5.877735781779639,5.877735781779639,0.0,0.0,9.711176264112805,6.7306486993263155
6.006931125552156,6.821151091806754,6.821151091806754,0.0,0.0,6.2166061010848646,6.444509142367379
8.447635640742284,7.190155929244182,7.190155929244182,0.0,0.0,8.412054873292933,7.632939153350729
5.349439557048152,7.579474512128462,0.0,7.579474512128462,0.0,8.294299608857235,7.49631090593492
4.2761573507265265,6.6342784985859495,6.071591866586454,5.7941105674800655,0.0,8.962007209588313,6.540156238062425
6.9334136445950945,0.0,0.0,0.0,4.08502168897623,7.0909098220799835,5.678524022175296
4.909570243408995,7.741281602713985,7.647031944384296,5.337538079701318,0.0,8.699681400989514,8.087045696477919
2.843713669237567,4.394449154672439,0.0,4.394449154672439,0.0,8.517393171418904,4.948834362782335
7.934846724605484,5.44897624283315,0.0,5.44897624283315,0.0,8.006700845440367,7.511749529609476
5.6856678307141895,6.734127818764829,6.734127818764829,0.0,7.61075097729168,8.006700845440367,7.857910199180639
0.9044537504144436,0.0,0.0,0.0,2.9522998957793374,9.105090961257085,4.414726372794206
1.035606459025281,3.093312601892855,0.0,3.093312601892855,0.0,7.972810784121404,5.497730767856132
7.423861184093247,6.046686364733176,5.816932572588857,4.474719756604026,0.0,7.438971592395862,6.673725265843358
7.3397814007740445,4.61512051684126,4.61512051684126,0.0,0.0,8.006700845440367,6.043305536108452
7.424892278648391,0.0,0.0,0.0,6.653158708216688,7.496097345175956,6.170254972622955
8.851131070836967,0.0,0.0,0.0,8.665090845477776,9.798182590890704,8.700104370515458
7.72146439403559,0.0,0.0,0.0,6.3132409556513345,7.824445930877619,6.369704062755811
7.190258225886829,0.0,0.0,0.0,7.547749769654915,8.412054873292933,5.2370193865143335
7.767364492554176,0.0,0.0,0.0,8.351000015900786,8.006700845440367,8.097215479054363
6.957119785804294,0.0,0.0,0.0,6.085375694176781,7.313886831633462,5.404451028751033
5.750540241571473,6.940135340445052,6.940135340445052,0.0,0.0,8.006700845440367,7.838081651594226
5.948451557756388,5.665318808204073,5.111987788356544,4.817697584839112,0.0,7.824445930877619,7.539393846526783
8.902231889228053,0.0,0.0,0.0,8.22356087988478,9.350189267092581,7.769921136590781
4.082294011784288,0.0,0.0,0.0,6.155061438520989,6.90875477931522,5.021028536750499
6.783804373438038,5.669018482219861,5.602118820879701,2.9831534913471307,0.0,6.90875477931522,6.111705832125353
6.671550118792446,7.627924065238366,6.9993403473478715,6.86679785862555,0.0,7.824445930877619,7.536993478335992
3.128909891107492,5.549504008886889,0.0,5.549504008886889,0.0,7.824445930877619,5.64862959074894
8.850687520898596,6.958857055031221,5.167525076298014,6.77758964440534,8.546237166205412,8.922791623969637,8.231560975505582
7.094390589812644,6.515971157929837,5.429170174966798,6.106777868863437,0.0,8.922791623969637,6.610496168754657
7.445761682647113,7.4147294955919625,7.050347993547095,6.230481447578482,0.0,8.77971129020447,6.654036153876841
6.769581822345208,0.0,0.0,0.0,6.7756808336371535,8.006700845440367,5.653192136645685
7.251491613047089,4.973279507552487,4.973279507552487,0.0,0.0,8.006700845440367,6.071571735779497
6.942391961116531,0.0,0.0,0.0,7.3368435701585355,7.313886831633462,7.448539508358624
6.404613492118556,4.110873864173311,4.110873864173311,0.0,4.022966401765387,7.0909098220799835,7.342302410318625
6.085476411738515,8.526224288021844,8.011872388284692,7.615692545014718,0.0,8.612685172875459,8.43216214093959
0.6202791316912292,3.1780538303479458,3.1780538303479458,0.0,0.0,8.006700845440367,0.0
7.060145640930028,0.0,0.0,0.0,4.394146059360979,7.0909098220799835,5.646509354237704
7.895412040920214,0.0,0.0,0.0,7.930604206249326,8.412054873292933,6.05212296835321
6.31619751702333,7.532521900553565,6.981163720807275,6.675369146300994,0.0,8.006700845440367,8.058142890843243
8.829535355880822,8.780953404171308,0.0,8.780953404171308,0.0,8.699681400989514,9.013244111724397
7.053319941659755,6.889794953605144,5.790571604728592,6.486160788944089,0.0,7.0909098220799835,7.15532755324164
5.931140543070245,7.357811270418177,7.357811270418177,0.0,6.7231782064238566,7.824445930877619,7.899805790025345
9.54463019815694,5.644421637261052,2.2925347571405443,5.612434435196896,7.905323560967218,9.825580063659602,8.150595462507804
7.521997255124676,5.232871767472967,4.775587838279222,4.244917420701475,0.0,7.601402334583733,6.206256726592437
8.79936687983856,0.0,0.0,0.0,9.407547469009579,8.987321812850125,9.222141612600918
7.310603956552524,7.751260241130639,7.641814050048497,5.488855078113332,0.0,9.04793908261736,7.752471827362561
7.721529546603018,0.0,0.0,0.0,7.903537179260004,8.006700845440367,6.225078304018055
7.339811988954591,0.0,0.0,0.0,7.053961291060046,8.160803920954665,5.913622836296128
8.018609421453107,0.0,0.0,0.0,6.568316627299094,8.699681400989514,6.567855456895524
4.664092757785902,7.204795923073719,7.204795923073719,0.0,0.0,7.438971592395862,7.287697902434675
7.802908007510263,0.0,0.0,0.0,8.572069510268243,8.517393171418904,8.647589031956258
5.6916228687177135,0.0,0.0,0.0,7.617751407941907,7.0909098220799835,7.931237969917347
6.713874229949012,6.276906612616416,5.886770475993316,5.152713392689245,0.0,8.006700845440367,5.593624808084118
8.39718875457419,0.0,0.0,0.0,7.269026871625359,8.612685172875459,8.82505338257024
7.932571873194307,0.0,0.0,0.0,4.97901058293366,8.006700845440367,6.104295271399404
9.222042532825292,9.22697032459965,8.101980731853192,8.834583084132039,0.0,9.546884034617925,7.6923264045267405
9.152901556286134,0.0,0.0,0.0,8.67118008640292,9.472781556562168,7.616966665484058
7.270296112799872,6.039206543093403,6.039206543093403,0.0,0.0,7.67368812926773,6.8577346197140345
7.057480334737463,8.223570843746758,6.499787040655854,8.027407990652648,0.0,8.006700845440367,8.10580607960721
6.454821091163067,3.0402275134405423,0.0,3.0402275134405423,0.0,8.699681400989514,6.415900796400664
3.845565310520823,2.5649493574615367,0.0,2.5649493574615367,5.118952981009967,7.0909098220799835,3.702700797771474
6.876785543261919,5.55570774325743,3.8426729272933526,5.361573816183052,0.0,6.90875477931522,6.436654238200573
5.307308584133741,7.579908623037847,7.495619718637499,5.070851989584804,0.0,8.699681400989514,7.568289375883139
7.399740064604443,6.9697342773341155,6.914909625503595,4.05629649458457,0.0,7.496097345175956,6.372739643509122
7.518024370011507,6.1918511112995755,0.0,6.1918511112995755,5.58954761302876,8.160803920954665,6.674706869868344
8.81645503893087,8.629138777825634,7.479581924305527,8.248466328480061,6.9803993012983,9.15915233520675,7.747254841099204
7.145238867522609,0.0,0.0,0.0,7.134583541402746,7.313886831633462,5.34852375596833
7.930111641422163,7.587817219993427,7.587817219993427,0.0,0.0,8.77971129020447,6.448520156683297
7.038425604529769,5.796027355166652,5.521420917062225,4.382026634673881,0.0,7.0909098220799835,6.328626497607599
5.279958814872575,0.0,0.0,0.0,5.912736625557576,9.04793908261736,5.040907621653331
2.2593453864954838,4.394449154672439,4.394449154672439,0.0,0.0,8.922791623969637,4.346256661861892
4.774406173952688,0.0,0.0,0.0,5.635004319401784,6.621405651764134,6.489279112464406
8.243837762351617,7.614292412660842,6.295985299878059,7.303553815973531,0.0,8.630700432209832,7.211867055638552
6.736664332144095,7.817041536703409,7.817041536703409,0.0,0.0,8.517393171418904,6.264473621328961
5.040856246000358,0.0,0.0,0.0,6.870537555225602,7.496097345175956,3.0127083117692695
5.9492085118217695,8.334149774143688,6.823046703055171,8.085141778814473,0.0,8.517393171418904,8.319960719572231
8.383922183174473,3.4995332823830174,0.0,3.4995332823830174,7.512643149480511,8.699681400989514,7.742539840009391
5.277190119730657,7.551433815257063,7.551433815257063,0.0,0.0,8.853808274977197,7.548535787712075
7.865802045824921,0.0,0.0,0.0,8.325676251253336,9.392745258631441,7.639260129226619
5.849364854071835,8.1781644898213,7.34191797717114,7.610674556690785,0.0,8.612685172875459,8.057663004018837
6.005323255047824,6.322277945520367,0.0,6.322277945520367,0.0,7.313886831633462,5.438378885784696
0.6593121783939342,0.0,0.0,0.0,3.6975545167125525,8.699681400989514,4.7027044815214305
5.8851986633948234,6.021751239712854,6.021751239712854,0.0,8.372873926494039,7.824445930877619,8.851111890390646
3.6110778458001813,6.140660113469835,0.0,6.140660113469835,0.0,8.922791623969637,6.976663333538901
7.695728628595736,0.0,0.0,0.0,7.07665965157557,8.517393171418904,8.563062849341668
7.834587720078124,6.19644412779452,0.0,6.19644412779452,7.294370988127602,8.699681400989514,7.030987472087144
8.01993280075856,8.697728153199346,8.408665443146065,7.316229189434718,0.0,8.853808274977197,7.807726254708826
3.142053310136847,4.911698546236233,4.1893516658004355,4.261129379866926,0.0,8.006700845440367,3.751404598205024
6.983289167034408,8.376477194075338,8.042693068075943,7.1177730630774185,5.957986679803332,8.839421607620602,8.320294566741469
4.088460166407444,6.272216411042505,4.694279361059867,6.043416374614993,0.0,7.601402334583733,6.293359572812726
7.449518023797953,6.048978453308589,6.048978453308589,0.0,8.133697357904373,8.160803920954665,8.230335968282704
8.27094504090693,7.602076769769851,5.002871903478422,7.5253757892041335,6.1476295254446045,8.294299608857235,7.655476336230296
7.081734610136695,7.0240260606475236,7.0240260606475236,0.0,7.263305640314824,8.294299608857235,8.081019217032336
9.82533996943742,8.573437409728989,8.204753837616439,7.397549280547,0.0,9.99884318585288,8.354007768331536
6.204650008818924,6.37024338995364,5.486620995019539,5.839943739466739,0.0,7.601402334583733,5.91836622854403
6.2565970898166325,7.683219502031296,7.683219502031296,0.0,0.0,7.313886831633462,7.572884698681088
8.432297644224692,0.0,0.0,0.0,5.192367716273376,8.517393171418904,6.918312193153174
7.991855105443106,0.0,0.0,0.0,8.190219194955743,9.305741456739435,8.389263927581558
7.88904826545288,0.0,0.0,0.0,6.6598026633285645,8.006700845440367,6.495926333044
7.609145844788195,7.277579392425961,6.204315308936759,6.860244296311086,0.0,9.472781556562168,8.420399594472556
2.245782545238015,4.4557416724961625,0.0,4.4557416724961625,0.0,8.853808274977197,4.617674510048013
8.145745152691328,5.327876168789581,5.327876168789581,0.0,8.422675408302714,9.259225769705994,6.501648721689426
6.487247044791112,5.581049709273904,5.3171391207886245,4.13596623691292,0.0,7.313886831633462,5.1992131339191285
8.02761430335375,7.407002126697514,6.322080382726186,6.995537192365671,7.984717645595268,8.412054873292933,8.786346644941426
6.1733431995842984,6.661061587207667,6.487288201955625,4.833420674670446,4.979340411071508,7.313886831633462,7.519276672375847
6.548421651015998,6.935642782469028,6.342121418721152,6.134005233890092,0.0,7.601402334583733,7.508762404976733
3.9106949639713373,6.451796556656986,0.0,6.451796556656986,0.0,7.313886831633462,6.441124055976618
4.007235507734907,5.552959584921617,5.552959584921617,0.0,0.0,8.77971129020447,6.049872372469304
8.159132385614416,7.704753336268254,6.3614060991471,7.4029453013276045,7.805223433985766,8.77971129020447,7.6624361912869485
5.2003127851015485,6.69900760795166,0.0,6.69900760795166,0.0,7.824445930877619,6.552822402476698
4.173314032644054,6.4425083188273105,6.380292014063123,3.6604799795922385,0.0,8.006700845440367,6.112871302487474
6.994572201149987,5.858047433667631,0.0,5.858047433667631,7.298907552071549,7.313886831633462,5.446822096525334
4.823475676738428,0.0,0.0,0.0,7.088057784696902,8.853808274977197,7.860509633263966
4.281450613380421,7.062842662822322,0.0,7.062842662822322,0.0,8.006700845440367,7.037788120683101
6.952445629436444,7.041936460448157,5.849324779946859,6.6816072186476285,0.0,8.517393171418904,7.540553137046062
6.6977411385010175,6.54053925830567,6.54053925830567,0.0,6.901054751503017,7.313886831633462,7.242029148821985
7.680838879567287,0.0,0.0,0.0,6.924943054256132,7.824445930877619,6.079113499969579
4.8253666870123615,6.2285110035911835,4.990432586778736,5.8888779583328805,0.0,8.699681400989514,6.497186507311029
6.305177167812476,0.0,0.0,0.0,7.823865042082431,8.006700845440367,5.830744210935778
6.940252864591864,0.0,0.0,0.0,7.042725434715456,7.0909098220799835,5.481428140994461
5.761462338258329,7.781092579771457,6.687233288372879,7.373870106631001,7.671695901096055,9.210440366976517,8.398554083734739
6.574575673696002,0.0,0.0,0.0,7.208214707729889,7.313886831633462,7.584862748896487
3.2572003288536826,6.581470968748414,6.581470968748414,0.0,2.99498634541876,9.105090961257085,6.499836696565836
6.71782687011035,5.260978880892669,5.084505142662711,3.471034341250935,0.0,7.0909098220799835,6.096383273441274
4.9098067527708755,0.0,0.0,0.0,6.105362710856352,7.824445930877619,6.030435750770974
8.22968037877254,0.0,0.0,0.0,4.640741787686928,8.987321812850125,7.228770120383368
2.871134910516339,5.232818384315341,4.189654742026425,4.8066405616208066,0.0,6.398594934535208,3.378191702066552
4.261912314935242,3.7471483622379123,0.0,3.7471483622379123,0.0,7.0909098220799835,5.002509260467217
7.707541709670385,4.416911036527384,4.416911036527384,0.0,7.360082494386987,7.824445930877619,6.190318772650758
6.336094901323513,7.117683896420826,6.218101987676447,6.596927397023044,6.113479537620269,8.294299608857235,6.75546727346614
3.35837460218369,5.717816863620004,0.0,5.717816863620004,0.0,8.006700845440367,6.654262652005085
6.927440696468339,0.0,0.0,0.0,7.857291541183683,9.472781556562168,7.4408699451742
7.108603728099717,6.953454958233127,6.867162424873879,4.47209583176275,7.299487558637446,7.824445930877619,5.599627842739342
4.0525013519940964,5.789348362985848,5.789348362985848,0.0,0.0,8.071218539969863,7.171612873262043
7.381176011400122,7.8711967366426245,7.8711967366426245,0.0,8.020404007624306,8.699681400989514,7.623716430052364
3.6910426876362172,5.928604616348966,4.5286130632659365,5.648974238161206,0.0,7.3783837129967145,6.644027359860125
5.93753918396981,7.541704319816118,7.541704319816118,0.0,4.659252739772403,8.517393171418904,7.719094194336261
8.099174682247464,6.883175660007747,6.883175660007747,0.0,0.0,9.210440366976517,6.971388908954161
4.215432973544985,6.313457462464361,0.0,6.313457462464361,0.0,8.294299608857235,6.25849717280067
7.59500129788723,6.302179318670335,0.0,6.302179318670335,0.0,7.601402334583733,7.025789643052889
6.7693009003228255,5.9181946851802065,4.9383512985110904,5.451896454476337,6.567292108367596,6.90875477931522,6.29498664138905
4.0071386026661475,6.153030522689372,0.0,6.153030522689372,0.0,7.313886831633462,6.104206897607894
5.0290474256894475,7.119085324810798,7.119085324810798,0.0,0.0,9.210440366976517,7.951093214088864
1.9251257857282638,6.7194961295214295,0.0,6.7194961295214295,0.0,8.79497643168877,6.629253079601031
1.821431533663609,0.0,0.0,0.0,7.1581585855398995,8.006700845440367,7.157100165655351
5.253968503682847,5.778673473497827,5.4805139155288405,4.435093355610574,0.0,8.77971129020447,6.2642172813898584
7.4065772294635375,5.017279836814924,5.017279836814924,0.0,0.0,7.496097345175956,6.312683021889035
8.992772884482168,4.61015772749913,4.61015772749913,0.0,8.076072758843933,9.433563920090563,7.531855752856043
7.676138266094276,4.204692619390966,4.204692619390966,0.0,8.608831915485858,8.517393171418904,8.537201968050418
8.634203407457788,7.807318889340082,7.210545151726928,7.008414762081315,8.71426960430411,8.987321812850125,7.040276084885872
6.064151943757662,5.14166355650266,5.14166355650266,0.0,0.0,8.77971129020447,6.54520587413561
7.035887905710712,4.533351898197619,0.0,4.533351898197619,4.412913329148005,7.0909098220799835,5.877170353047375
6.185606055561375,6.8679744089702925,6.8679744089702925,0.0,6.278453881547183,7.601402334583733,5.302493106000116
4.582917266175602,6.288527481365515,6.288527481365515,0.0,6.440639480735685,7.313886831633462,7.0342770347800805
2.973435129536431,4.470495282661489,0.0,4.470495282661489,0.0,7.601402334583733,5.58638241065681
4.3411116931258515,7.019609663756279,0.0,7.019609663756279,0.0,8.517393171418904,6.9678636706335295
7.211675864224812,0.0,0.0,0.0,6.402750782862713,7.313886831633462,5.75205364702983
7.152699027395335,8.11872256479103,7.558871401065154,7.272433114189466,6.78955594055878,8.294299608857235,7.1353290631069015
7.021224175887606,4.90453376321371,4.90453376321371,0.0,5.599289752726826,7.0909098220799835,6.059952641216266
6.7913228643264425,9.185319955664042,8.68232789678737,8.257421962125292,0.0,8.412054873292933,9.03829428121283
3.1652695839967993,5.309158389725911,5.309158389725911,0.0,0.0,8.006700845440367,5.251774973996116
4.03106961577102,6.692393868109982,0.0,6.692393868109982,0.0,8.294299608857235,6.682970551675045
6.0727220927208485,4.862289952857232,4.862289952857232,0.0,0.0,8.46611040118692,5.48390436929862
8.196215401389402,6.1661738708997955,0.0,6.1661738708997955,7.399416726582643,9.04793908261736,7.564753225443917
6.283628260736745,6.8854892199279645,5.52962748052864,6.588830186790425,0.0,8.853808274977197,6.611973966723862
8.201438594281015,7.746227161908221,7.746227161908221,0.0,0.0,8.412054873292933,7.483859497963309
2.5969847766869787,7.73779507193306,7.60339435219706,5.667878920309847,4.57791021630507,8.922791623969637,7.788226231868765
5.972557798142945,4.406597288608086,4.406597288608086,0.0,7.961406734873646,7.313886831633462,8.257470888871847
8.631049225864523,0.0,0.0,0.0,8.146393335220479,8.699681400989514,7.176939948441777
5.485254977949866,8.163775793052784,7.458111183365072,7.48355370457219,0.0,8.77971129020447,8.260754879119219
7.313909808051714,5.618406123918725,5.482512167723671,3.58351893845611,6.791652362010584,8.006700845440367,6.216772420586343
6.994134593428983,6.461702523892188,6.461702523892188,0.0,6.097327945299189,8.006700845440367,7.000108429262683
6.859888612257643,0.0,0.0,0.0,7.0928499139049945,7.0909098220799835,5.3909099570493115
7.146621798854703,9.795122527858004,9.795122527858004,0.0,0.0,9.798182590890704,10.834124550057611
6.841794176321789,7.472449577993657,6.511745329644728,6.9910940870052425,6.918381654532911,7.496097345175956,7.7319722574893825
1.8240528785356618,4.234396317669857,0.0,4.234396317669857,0.0,8.294299608857235,4.840370489675295
8.620646908428458,0.0,0.0,0.0,7.710744410302493,8.699681400989514,7.143863172865257
4.365441699300161,6.0690735264349644,0.0,6.0690735264349644,0.0,6.90875477931522,5.83996747958522
5.4284038698490376,5.354886718035931,5.354886718035931,0.0,0.0,8.160803920954665,5.690884468507019
3.752865080245729,5.3612921657094255,5.3612921657094255,0.0,0.0,7.0909098220799835,6.393313155223002
5.679024045233283,4.867534450455582,4.867534450455582,0.0,0.0,8.612685172875459,5.654580976900708
7.271688377374458,5.44215793652371,5.44215793652371,0.0,6.8048202960068185,7.496097345175956,6.665082464454382
5.366934928948677,7.838843978847866,5.917548864157814,7.680992858386069,0.0,8.699681400989514,7.740274938694981
7.632815520863948,5.399971020274537,5.399971020274537,0.0,7.730108074654899,7.824445930877619,6.152058099130561
2.6844326903826583,4.868764462910782,4.868764462910782,0.0,0.0,9.61587214452889,5.930548762595303
9.045344349485818,8.484438567973742,7.988373304277968,7.546118870630657,5.670287057738012,9.648659816955295,8.215207740419906
7.019299820078547,5.484796933490655,5.484796933490655,0.0,0.0,7.0909098220799835,5.906811660328882
5.297392824290527,5.5154428455366835,0.0,5.5154428455366835,0.0,8.294299608857235,5.650762989503882
6.160401680797887,8.439741790073192,7.99799931797973,7.41056485995305,5.724424742819362,8.24301946898925,8.423076311186687
7.3363936607036715,0.0,0.0,0.0,6.455668696520889,7.496097345175956,6.525454860687051
7.646817949601841,0.0,0.0,0.0,4.914536636191423,7.824445930877619,5.6228480536911825
7.0192465782215745,5.212977319381022,5.212977319381022,0.0,4.70592333501425,7.313886831633462,5.723006365889517
7.604735498553096,4.811615087679249,4.379648809887917,3.786913194385302,8.131529150308918,8.294299608857235,5.93090155042393
5.532263218359455,7.909614347163359,7.4648708009989555,6.886235378015213,0.0,7.0909098220799835,7.680790227059166
8.11243296462086,0.0,0.0,0.0,8.135180172914223,8.699681400989514,6.527316561412824
7.533439017524247,3.363495514478144,3.363495514478144,0.0,3.891797297846123,7.601402334583733,6.090647461368071
6.908989554950067,4.387138546560058,4.387138546560058,0.0,0.0,8.77971129020447,6.7677770851763235
6.954593314225251,6.22455842927536,0.0,6.22455842927536,0.0,6.90875477931522,6.6339253503847155
7.514003636581647,7.179917539775881,6.982083226939408,5.46653999896249,0.0,7.824445930877619,5.953810168412159
4.100293333146377,6.413131034554154,6.413131034554154,0.0,0.0,8.699681400989514,7.334422183458768
3.8932134700529075,6.670867709875668,6.1070228877422545,5.832117053873849,0.0,9.472781556562168,6.537275990568577
6.348539285368314,6.857924073116791,6.29408449192397,6.018666204533127,5.832787838581262,8.294299608857235,6.311158826609898
8.992399815205122,0.0,0.0,0.0,8.160899338281752,9.392745258631441,7.904880611176988
7.023268995012729,5.39544407727876,4.454347296253507,4.9082333604781745,0.0,7.0909098220799835,6.3847505332188925
7.064625688988048,7.178781916528281,7.178781916528281,0.0,7.315227917319031,8.160803920954665,5.61247697108782
9.441247464068002,0.0,0.0,0.0,8.087412884850528,9.546884034617925,8.017171548891707
6.909684889086532,0.0,0.0,0.0,5.927460440478869,7.0909098220799835,5.72043393635872
2.4479194804176796,5.485833740219095,5.485833740219095,0.0,0.0,7.901377353792616,6.154520491387505
2.644601929870609,4.255612709818223,4.255612709818223,0.0,0.0,5.993961427306569,4.597897685345109
7.970023902648659,6.331946590839425,6.331946590839425,0.0,7.59727293126602,8.94910546953925,6.394701985802084
7.514221941267216,7.517895780308105,6.819131693992412,6.831414045725414,0.0,8.517393171418904,6.171228531934558
2.688754497298603,6.224716832570479,4.933754249760298,5.90585219103206,0.0,8.412054873292933,6.108408366276251
4.861779151217068,7.00850518208228,0.0,7.00850518208228,0.0,7.824445930877619,7.110977480128886
6.381278759741868,8.764011080957845,8.764011080957845,0.0,5.607164252070133,9.259225769705994,8.915271861500567
2.8552862872741374,5.188223443750963,0.0,5.188223443750963,0.0,8.517393171418904,5.439714354116687
6.2010471368198345,6.053264948013429,0.0,6.053264948013429,0.0,8.294299608857235,4.963710318380858
8.148939513626983,0.0,0.0,0.0,9.092376765517873,8.699681400989514,8.746126687006385
8.097486182987918,7.948554822134953,7.07597791139659,7.4080941080239455,7.440794275977482,9.04793908261736,8.885411470504755
7.458746837500229,5.003677813528757,0.0,5.003677813528757,0.0,7.550135342488429,6.265931352560944
6.36009558376646,8.217111898694458,7.9868109101010285,6.63711385313244,5.31524320298381,8.517393171418904,8.335605763963382
3.0227848796554966,5.589343840250208,4.442651256490317,5.212541589526633,0.0,8.412054873292933,5.982026364759377
4.3322101440115475,0.0,0.0,0.0,5.686490204774524,8.853808274977197,5.931296748431966
6.0431438622299405,7.427798291797736,6.728389350013815,6.742054823204418,0.0,7.783640596221253,6.632322068652903
7.242654968370251,5.354792213476015,5.354792213476015,0.0,0.0,7.313886831633462,6.557653125424454
3.494827727092,6.013739605621659,6.013739605621659,0.0,0.0,8.922791623969637,6.935771132266616
8.647340313802946,7.200215915886892,7.200215915886892,0.0,0.0,9.15915233520675,7.470217579753118
7.592926726776305,7.021583839330791,7.021583839330791,0.0,8.62763945492688,8.853808274977197,8.83834091346219
6.19676392797682,0.0,0.0,0.0,7.162498323280365,7.0909098220799835,5.840563761897764
5.727222690316702,0.0,0.0,0.0,6.900564867824397,7.0909098220799835,7.884071632037073
7.602105424689282,8.475193420255955,7.032112214685454,8.206018652577105,0.0,7.901377353792616,6.474517467482799
2.4324118444014275,5.150976778649327,0.0,5.150976778649327,0.0,8.294299608857235,5.132088705674359
6.075411293326874,0.0,0.0,0.0,6.9077467189455,7.496097345175956,5.0787505174516205
6.989537044694206,0.0,0.0,0.0,7.455925538899732,7.601402334583733,7.693672766142952
4.386341176139345,6.810693566139006,0.0,6.810693566139006,0.0,8.699681400989514,6.827994996422873
1.3538088753150244,3.6375861597263857,3.6375861597263857,0.0,0.0,8.006700845440367,5.366287522573102
7.603806469819552,9.940221522458673,9.473325213076926,8.95432103581102,0.0,9.210440366976517,9.741345592564647
7.757922429587704,7.509094141057894,0.0,7.509094141057894,6.078021121107076,7.496097345175956,6.793043567975839
8.457515932135173,7.3872574043458314,7.085114543946276,6.045502820590854,6.378527397544568,8.922791623969637,7.152298064689752
6.2778000777541285,8.070036961205838,7.649678337895187,7.001473282855889,0.0,8.294299608857235,8.176794216358996
6.925680212160634,0.0,0.0,0.0,6.954267894362375,8.160803920954665,7.985487821669957
7.798869265332482,7.881899738465142,7.822444729489319,5.0363030408448335,0.0,9.105090961257085,8.943621795757963
7.266275309002179,7.02517380376806,5.8916442118257715,6.638030995904133,0.0,8.517393171418904,6.332782559683799
5.473923907167905,7.16701472849615,0.0,7.16701472849615,5.730753419955722,7.824445930877619,7.0022025747909415
6.46260874440861,6.858617554420589,6.6670204036375225,5.117993812416755,0.0,7.8636512654486515,6.542908310537238
6.514889116790044,8.054284334646368,6.109469780298887,7.900321631960584,0.0,8.294299608857235,7.864445104830716
6.957277133496127,5.1512664238360015,4.02535169073515,4.767714115173372,0.0,7.0909098220799835,5.5517921129937235
6.777464301394472,5.002737521969115,0.0,5.002737521969115,6.665975732466811,6.90875477931522,5.82544760964894
3.492579523483302,5.267445702880949,4.946629964120343,3.9930498440705193,0.0,8.612685172875459,6.728183053311371
8.503541045918011,0.0,0.0,0.0,7.236231516926949,8.77971129020447,6.927044397004014
8.655491512785757,9.014242759567491,9.014242759567491,0.0,0.0,9.392745258631441,8.107497207863547
5.557691414771723,7.780069044642736,7.093554116355636,7.081086543937959,3.9201990502951696,8.517393171418904,7.839064925008196
8.64602021269264,5.1837479118049,5.1837479118049,0.0,0.0,8.987321812850125,7.482560327245296
8.515009555618,9.057456056637502,8.442866118338584,8.279303954893686,5.4226257457661715,9.259225769705994,7.360665520126647
4.4470876716200385,5.602118820879701,0.0,5.602118820879701,0.0,7.0909098220799835,5.735599237112698
7.1190166268904855,6.3901567709287175,6.236271738058218,4.454347296253507,9.02265817844902,8.517393171418904,9.172767922170237
6.8382616289122335,0.0,0.0,0.0,6.481760127845107,8.216358332386156,5.528325224510524
7.156906528611567,3.784189633918261,3.784189633918261,0.0,0.0,7.313886831633462,5.701333591922384
6.941008663376117,6.903817536239494,6.693410405524274,5.247024072160486,6.320828644947428,7.244941546337007,5.8998764382952755
6.273660418466823,0.0,0.0,0.0,7.251379523201239,7.313886831633462,7.257472957578911
4.8958561921100054,7.692113339595466,7.692113339595466,0.0,0.0,7.824445930877619,1.2207069049765924
8.674397415855816,5.978556596807198,0.0,5.978556596807198,0.0,8.699681400989514,7.338091333696916
1.9112616189533111,4.330733340286331,4.330733340286331,0.0,0.0,8.131824785007195,5.6724370292177975
3.555843395933907,6.205769149754987,6.205769149754987,0.0,0.0,8.294299608857235,6.125324636018461
4.4105057523239815,6.748032436786364,6.748032436786364,0.0,0.0,9.04793908261736,6.87282796725652
5.035382812496349,5.6240175061873385,4.406719247264253,5.278114659230517,0.0,7.0909098220799835,7.1835705873275675
8.943792263727593,0.0,0.0,0.0,7.587041668571276,8.987321812850125,7.549005905861808
7.989026775429853,7.722358740564762,7.073947453846208,6.983307921382808,5.645015507788225,9.04793908261736,8.192568440712924
7.224381066975601,0.0,0.0,0.0,8.059876249703374,8.160803920954665,5.827929563366579
4.076482463881124,6.111467339502679,6.111467339502679,0.0,0.0,8.294299608857235,5.983132350569056
8.125023373739097,0.0,0.0,0.0,9.176967219776355,9.15915233520675,7.693997058121599
8.669914447360926,7.314606093222604,0.0,7.314606093222604,8.462068842639075,9.04793908261736,7.407466926277932
7.735290490459729,0.0,0.0,0.0,7.8705214615709105,8.006700845440367,6.402851859296496
7.866918682867446,4.177459468932607,4.177459468932607,0.0,0.0,8.006700845440367,6.474565093895122
5.875840412471832,5.652875070715635,5.652875070715635,0.0,6.75244218848396,7.313886831633462,7.476803400549878
6.8119933392496606,0.0,0.0,0.0,5.077255815117137,7.0909098220799835,7.222372566534841
7.821697012919584,5.537334267018537,3.367295829986474,5.420534999272286,7.8723635464020285,7.972810784121404,6.101781030644077
5.450644556255851,6.569200876156599,6.212205213805881,5.3706380281276624,0.0,9.04793908261736,7.605035089949596
4.49013558242961,7.244941546337007,0.0,7.244941546337007,0.0,8.922791623969637,7.176330266916768
6.975400421757274,0.0,0.0,0.0,4.0194670889501145,7.0909098220799835,5.886604467322345
6.58436252695542,8.778672448996021,8.772649032197693,3.6888794541139363,0.0,8.071218539969863,8.661954840835184
4.15511398924003,5.744764456377822,5.744764456377822,0.0,0.0,7.0909098220799835,6.267020226781525
6.748761536938703,5.92254310164156,0.0,5.92254310164156,7.412537985848347,8.294299608857235,5.854891501916205
6.162471086099481,6.264730707825403,5.019396799764828,5.927938846228104,7.064379979893847,7.0909098220799835,7.480791152814919
6.342219922672295,0.0,0.0,0.0,8.088152304801277,8.699681400989514,8.31976727985544
6.39428699813846,5.172754143572691,0.0,5.172754143572691,7.5052127032077,7.0909098220799835,7.834164198907781
1.387629219799492,0.0,0.0,0.0,5.584753390503733,7.0909098220799835,7.118161248240952
7.707512300667751,7.7307941113390255,7.489283511800467,6.193670427207311,6.445468313157364,8.412054873292933,8.231319287774827
4.437518151679572,6.424869023905388,0.0,6.424869023905388,0.0,6.90875477931522,6.2687553430168315
3.0247841997827756,5.706578561958202,5.706578561958202,0.0,0.0,8.006700845440367,6.359614364392207
7.085635324350989,6.100722458044504,6.100722458044504,0.0,0.0,7.0909098220799835,6.51406597957763
7.902073512010616,0.0,0.0,0.0,6.359437153444923,9.210440366976517,6.484916570102801
2.2845221355943055,4.526776118560079,4.526776118560079,0.0,0.0,7.313886831633462,4.360990761492505
6.341035033043223,7.282871139195555,6.951054203377285,6.02080487888465,0.0,8.006700845440367,7.512052284999974
8.905280731617333,6.021508668456359,0.0,6.021508668456359,7.987578384985532,8.987321812850125,7.470023030209487
3.4921421073280525,5.488937726156687,0.0,5.488937726156687,0.0,7.0909098220799835,5.996723313028385
4.168459303400532,6.87891331974724,6.87891331974724,0.0,0.0,8.881975184248867,7.016266831405048
7.067476621530206,7.438971592395862,6.803505257608338,6.68586094706836,0.0,8.987321812850125,7.14857473104529
5.928006687179026,6.942543104467801,5.521460917862246,6.667465568832957,0.0,7.0909098220799835,7.552960550877203
1.6203099965599874,5.57980529483649,5.57980529483649,0.0,0.0,8.853808274977197,5.619285878407731
7.461717331777386,5.262586556592238,4.574710978503383,4.574504771677206,0.0,7.601402334583733,6.886994559882549
5.440975844692853,0.0,0.0,0.0,6.893998915597374,8.006700845440367,7.022563574483049
8.56791299548965,7.886212972067363,6.70196036600254,7.52150745872783,8.487227061936215,8.699681400989514,7.718957638164209
7.589006970925585,7.467782410875461,7.171257357432184,6.109780773926024,8.226743343137628,8.699681400989514,8.776802494305777
8.35848843798615,7.313300383890472,4.788491243115129,7.2305631534092925,7.746541155576052,8.412054873292933,7.520448299483622
7.305936038526183,0.0,0.0,0.0,7.863454800552841,7.824445930877619,7.990671394040109
4.922342631155704,5.672979565501156,0.0,5.672979565501156,0.0,9.15915233520675,6.573148357977548
4.2597974027573615,7.165524386484165,4.232075457910378,7.111658924642641,0.0,8.922791623969637,6.794288763857041
3.3874594468848005,5.909277876120035,0.0,5.909277876120035,0.0,8.648396877031582,5.891438961481592
5.806649541252054,5.810362246718757,0.0,5.810362246718757,0.0,7.824445930877619,5.993287492033774
8.362419228788603,7.588343930294687,7.190676034332207,6.4754943480868095,8.369044858143827,8.853808274977197,7.560650303674605
7.642476210302794,0.0,0.0,0.0,7.018787092783909,8.612685172875459,6.145682393250961
0.0,5.451896454476337,0.0,5.451896454476337,0.0,7.313886831633462,6.032135143768159
6.9601570799991315,0.0,0.0,0.0,7.3292006091444035,7.313886831633462,7.43666058898637
7.962976977109887,7.704180808995584,0.0,7.704180808995584,7.2112210312156995,8.160803920954665,7.727225314035336
7.001241028252003,0.0,0.0,0.0,7.047093578589891,7.824445930877619,5.084393848544054
6.992624774948099,0.0,0.0,0.0,4.693731159233042,7.0909098220799835,5.763458860372186
8.172664046299873,0.0,0.0,0.0,7.713931439227556,9.648659816955295,6.803186052394744
5.830611502782075,7.991998153682945,7.24392032556818,7.351562509267335,0.0,8.612685172875459,7.953788075587787
7.597722557006837,3.044522437723423,0.0,3.044522437723423,0.0,8.922791623969637,7.635431144828366
7.281099652266893,7.104620561216932,6.333101992469981,6.485672865050534,0.0,8.294299608857235,6.404769279897423
7.01040204103929,6.162556621950388,0.0,6.162556621950388,6.864335160174743,7.0909098220799835,6.219617568051016
9.111932043983195,0.0,0.0,0.0,8.643635687883723,9.581972891547895,9.5392747984103
4.02066926311856,7.1912410593025085,0.0,7.1912410593025085,0.0,7.313886831633462,7.0330768002759845
6.895133916628249,6.979610716082565,4.633271616098966,6.880024305243826,5.796905974508503,8.294299608857235,6.917773898592684
8.095017129554172,8.278303822813204,8.086453351319076,6.534326484073427,6.251061462918974,9.210440366976517,7.68926572852214
7.311606384622116,0.0,0.0,0.0,5.216189943614899,7.3783837129967145,6.220988963334565
3.4452341392897696,5.836213261836691,0.0,5.836213261836691,0.0,8.294299608857235,5.94602558002472
5.34571224823963,7.763267877257526,7.763267877257526,0.0,0.0,8.412054873292933,8.219377156179977
7.402764363950898,7.111512116496157,6.480044561926653,6.354370040797351,0.0,7.550135342488429,7.2920186073967495
9.266003157866482,8.954218980164766,0.0,8.954218980164766,0.0,8.987321812850125,7.897090880459552
7.1204593577288735,0.0,0.0,0.0,7.665746742523487,8.006700845440367,6.29471847334471
6.463644076115915,7.815166706249697,7.7516387455266695,5.033830851699444,0.0,8.853808274977197,7.692467132320646
5.831753765188154,7.696508050253763,6.704598161600044,7.233816364303033,0.0,8.699681400989514,7.855041844539404
6.22943837620958,0.0,0.0,0.0,8.839126913427283,9.04793908261736,8.8976039724499
3.7629440360406017,6.0454791354142206,0.0,6.0454791354142206,0.0,7.601402334583733,6.0205048800160705
8.54081065804915,8.25580764784516,8.085874747338881,6.401353190275926,9.034115363607262,9.392745258631441,7.280688298650951
7.709522967147165,6.88766481026359,5.288519524067926,6.663209321407491,6.697582129650502,7.972810784121404,7.0019379224471185
7.8938747314307145,0.0,0.0,0.0,5.0474789342487805,8.006700845440367,6.571134161878775
3.6487710590876543,3.4728976958273465,0.0,3.4728976958273465,7.548319031184215,7.824445930877619,8.3056068327264
4.181920317420384,6.753426249918266,0.0,6.753426249918266,0.0,8.006700845440367,6.706352348390154
7.636089854117335,7.849744946202321,7.061334366910438,7.244284656827902,0.0,9.04793908261736,7.218686802924174
7.382779860250426,6.1156713505621685,5.817111159963204,4.769836807543325,0.0,7.824445930877619,6.347156806120001
8.53487924584175,8.385456758316149,7.9468157035567675,7.350708831501293,6.858874597166107,8.853808274977197,7.7878223477863076
6.843842205944452,4.382026634673881,4.382026634673881,0.0,0.0,7.313886831633462,5.882542886984319
3.910544993706747,5.726163474437768,5.726163474437768,0.0,0.0,8.006700845440367,6.341871339918843
6.212445531759607,7.079260213133854,5.986452005284438,6.672146863022848,6.244127864950396,6.2166061010848646,7.305243301241376
7.5302476592447425,7.522167646201752,6.736480481446957,6.914711031548143,0.0,8.11701408773731,7.410564612577977
7.546474702592184,6.616480092353471,6.190868531539451,5.560835465336268,7.337492500876937,8.343077871169383,8.097774163222242
2.4028583906732988,6.274762021241939,0.0,6.274762021241939,0.0,6.90875477931522,6.290741860420241
8.946188012729637,7.123705016756076,7.123705016756076,0.0,8.211274238143261,8.987321812850125,7.910578860536656
7.247489392038243,7.513474632212683,6.549564901639741,7.034061885579398,7.555216642771307,8.987321812850125,6.059564925107747
7.262751970642993,3.9296664406007413,3.9296664406007413,0.0,4.10550828203359,7.313886831633462,5.8565899442088805
7.611233131422767,5.791915444647401,5.791915444647401,0.0,0.0,8.006700845440367,8.141837484039533
7.581845151616403,0.0,0.0,0.0,5.456372985025705,7.601402334583733,6.047414452384427
0.0,2.9841656371825254,0.0,2.9841656371825254,0.0,8.517393171418904,0.0
7.084189113774141,0.0,0.0,0.0,5.623159163187118,7.313886831633462,5.5894702338169955
5.8451185021467795,7.7055011851115065,7.2681253873837806,6.669079220418435,0.0,8.648396877031582,7.637291207811693
6.986429699593122,0.0,0.0,0.0,3.910403795214554,7.0909098220799835,5.8415514875384265
2.609851680722015,4.605170185988092,4.605170185988092,0.0,0.0,7.313886831633462,4.577340723875568
8.521189022638676,7.325708748542661,7.325708748542661,0.0,5.226657597405885,8.699681400989514,7.054467812545004
2.7266708229155223,5.508780864704872,0.0,5.508780864704872,0.0,7.313886831633462,5.350607973204339
7.231485855756517,4.28771595520264,4.28771595520264,0.0,0.0,8.160803920954665,5.722741622140274
5.440082023889267,8.208143107092903,8.208143107092903,0.0,0.0,9.472781556562168,8.164300779816582
7.176390358419232,0.0,0.0,0.0,6.078193048050288,8.006700845440367,6.754677180733547
8.391458148011672,5.784747833479305,5.784747833479305,0.0,8.285745904568916,8.853808274977197,8.984231761716067
6.667503705186123,0.0,0.0,0.0,5.630147559823988,7.0909098220799835,5.7943048353672735
6.971549375291789,0.0,0.0,0.0,8.119449985731205,9.259225769705994,9.939875382342557
3.2343553169454142,0.0,0.0,0.0,7.222833147373739,8.006700845440367,9.296038911238028
7.915972945207292,6.743658634958844,6.6422260111714895,4.417152436649256,7.091898720968253,8.922791623969637,8.093867519601023
1.7764576580461497,4.8990331175149535,0.0,4.8990331175149535,0.0,8.77971129020447,5.353979918811373
7.294812431507239,5.65840149261586,5.65840149261586,0.0,6.141635735681487,8.006700845440367,5.968163890484751
7.125188201248515,4.553876891600541,4.553876891600541,0.0,5.462303650704204,7.244941546337007,6.292419651844258
8.922281125336493,0.0,0.0,0.0,8.868995471446546,9.259225769705994,7.984232910625244
3.913507762630443,5.802873377300432,5.802873377300432,0.0,0.0,7.824445930877619,6.235016845911977
7.3100298714706105,5.879470970147057,5.734182347047285,3.8991403795971324,0.0,7.3783837129967145,6.465119097373505
7.184286153035358,7.5952666079234525,6.969264215559344,6.831219747304018,0.0,8.699681400989514,6.6263667128085055
5.07467018218199,0.0,0.0,0.0,6.670460592239854,8.38958706681109,6.3204914789623485
7.554546422081081,6.489280916280332,0.0,6.489280916280332,0.0,7.601402334583733,6.797298215738992
8.197908778902425,4.436159643253809,0.0,4.436159643253809,7.03614890535995,8.853808274977197,6.731531362535327
9.179907183018969,0.0,0.0,0.0,9.27155973642756,9.210440366976517,9.472861328013062
4.205678178344271,6.904369553877928,6.000894940837068,6.3865930831147635,0.0,8.922791623969637,6.644104578110045
6.552651515806502,8.888202111307686,7.807294484215004,8.473974577296133,0.0,8.732465848349879,8.724683659872476
7.10336149184745,0.0,0.0,0.0,5.323897819038239,7.313886831633462,5.757493483016506
5.005159013271613,7.0909098220799835,0.0,7.0909098220799835,0.0,8.987321812850125,7.411715406873109
6.233623404097322,0.0,0.0,0.0,6.857602845144583,9.350189267092581,6.883221431312949
6.177107054270223,6.631738238060859,0.0,6.631738238060859,0.0,8.987321812850125,5.847553260724212
7.5337606054720325,5.0701612734102826,5.0701612734102826,0.0,7.246482102824717,8.77971129020447,8.792821775771312
7.411779481632687,6.602913483683422,6.175867270105761,5.550009501266662,0.0,8.853808274977197,7.726659225678742
7.338846051082068,4.23410650459726,4.23410650459726,0.0,0.0,8.006700845440367,8.25482649096578
7.841495189001474,7.550466692110015,7.550466692110015,0.0,0.0,8.294299608857235,6.515821588410924
9.324364015743605,7.137890332685097,6.294620036391576,6.576636686002628,9.023593693075341,9.61587214452889,9.946270276689097
5.735828411186959,6.194895067112172,0.0,6.194895067112172,6.919242249391854,6.90875477931522,7.415181608689105
8.011562466102477,0.0,0.0,0.0,7.0429532265072705,8.77971129020447,6.931487671684524
7.216408674950313,7.949807798116446,7.587422005128204,6.7601945046193705,0.0,8.699681400989514,7.196470652394555
4.150106052670586,6.565279054443217,6.565279054443217,0.0,0.0,7.601402334583733,6.576082117954174
7.613455181928138,4.04305126783455,4.04305126783455,0.0,8.315632176537349,7.824445930877619,5.931073687185856
7.86787056198854,5.798183150077685,5.798183150077685,0.0,0.0,8.987321812850125,8.356410530907185
7.373596748445599,6.602940611523369,6.055893687263672,5.741848675462657,8.045938836659335,8.699681400989514,8.198955319323467
7.432625192004759,5.571735693735869,4.942998645380444,4.8178592793984425,0.0,7.438971592395862,5.737696094814614
5.320564312884462,7.657641896734684,6.274762021241939,7.369449480356732,0.0,8.294299608857235,7.577960873796511
7.49156545924958,4.281930018135596,0.0,4.281930018135596,0.0,8.006700845440367,6.307049361362689
1.8911212785699791,5.927992124152408,0.0,5.927992124152408,0.0,6.90875477931522,6.041473646645185
7.743272390331025,0.0,0.0,0.0,5.916871983712734,7.824445930877619,6.437988260141951
7.0379188975163025,7.066023185672372,7.066023185672372,0.0,6.825514400684158,8.412054873292933,6.9846835945827905
4.403815694568541,6.7602988095142615,5.017279836814924,6.569341158123582,0.0,8.699681400989514,7.263685541514485
6.703293296665947,0.0,0.0,0.0,6.992229550907504,8.006700845440367,5.94914592017111
6.0994890965745,0.0,0.0,0.0,4.987420599513512,6.2166061010848646,5.157018173958991
8.594893406888286,0.009950330853168083,0.009950330853168083,0.0,8.689989387327826,9.392745258631441,6.977901547584163
7.121664684097714,0.0,0.0,0.0,7.977888335832794,8.006700845440367,6.362720751140141
5.671646150256594,8.339725435847205,6.801438750934501,8.098278035583668,0.0,8.699681400989514,8.252463926939585
6.004337141116677,8.211512782955342,7.813914863656834,7.097805228003711,0.0,9.210440366976517,8.089485184173032
7.447690837661863,7.601402334583733,7.601402334583733,0.0,0.0,7.601402334583733,6.107691802053816
5.963919689293258,0.0,0.0,0.0,6.537708095275191,6.957497370876951,7.379192452711802
5.093921382473363,6.9535313816187205,6.9535313816187205,0.0,0.0,7.523481312573497,6.274999158847641
7.496699399884655,0.0,0.0,0.0,8.067968613942444,9.210440366976517,5.799327690473762
8.51258832085533,6.804470385507223,0.0,6.804470385507223,0.0,8.612685172875459,4.5418625763014235
3.2515806247220027,7.554926581551731,3.4339872044851463,7.539096202369488,0.0,7.601402334583733,7.5136739384329205
8.21166420248257,7.703296579796306,7.131938289871009,6.872480370890998,0.0,9.105090961257085,7.265107760940139
6.447220812965805,7.514211031363373,7.514211031363373,0.0,0.0,8.77971129020447,7.2629266449137795
6.3439871454799235,7.4955586104120355,7.4955586104120355,0.0,0.0,9.210440366976517,7.479566480776736
5.708422645725027,5.981287940656421,5.631032554291537,4.770684624465665,0.0,8.699681400989514,5.8310090930619785
6.801564595497003,5.1149953094204985,5.1149953094204985,0.0,7.054747900355516,7.0909098220799835,5.931819730906465
6.825242765096635,5.771472275292758,4.248495242049359,5.529468769263775,6.963641267187391,7.0909098220799835,5.281148791388577
5.911791179136807,7.023634280893964,5.136974216139274,6.860307213794826,7.067486498875677,8.160803920954665,8.105675527188756
3.294007935270414,5.447814377693948,0.0,5.447814377693948,0.0,8.294299608857235,5.347657874488646
7.505832278535742,6.436454809202101,0.0,6.436454809202101,6.014775764547848,7.937731775260109,6.580520657312244
3.2413823228210243,6.280264744225334,0.0,6.280264744225334,0.0,8.006700845440367,6.533695628647632
8.5674480595258,5.244916589820922,5.244916589820922,0.0,7.568078962935469,9.105090961257085,7.26049072056139
4.776653562990962,6.57847313160626,0.0,6.57847313160626,0.0,8.006700845440367,6.787130819802681
7.903987183282992,7.610422004551045,7.343574989104049,6.1609963289735425,0.0,8.853808274977197,7.854203200630243
8.50069023544797,0.0,0.0,0.0,8.064678212010172,8.517393171418904,6.7648333212635
5.612095120487052,5.4312735937966625,5.4312735937966625,0.0,0.0,8.412054873292933,5.760126755142472
8.457286779875046,0.0,0.0,0.0,7.210658202080214,9.210440366976517,7.190412080132369
4.419195689326003,7.027598413399361,6.365507785207806,6.304229399927226,0.0,9.105090961257085,7.036346351044444
9.202354194684869,6.609012259170931,0.0,6.609012259170931,7.714002106121718,9.546884034617925,8.096482004443832
8.089248509569813,6.826675366931395,6.25793575115737,5.993911550751034,0.0,8.732465848349879,7.188998773957953
4.128994170700178,5.48359288941835,0.0,5.48359288941835,0.0,6.55250788703459,5.883624398588943
6.911540104485326,0.0,0.0,0.0,5.460034387853366,7.0909098220799835,5.483997194697682
7.990312730706044,0.0,0.0,0.0,7.298944236729989,9.04793908261736,6.567873346950767
7.1308217297241745,6.252501007356566,4.738914056037687,6.0063531596017325,6.159346257655882,7.0909098220799835,7.0407030094340275
6.6772937779199655,6.073758564834062,5.303304908059076,5.456645024927341,6.643623649043971,6.90875477931522,5.897330244938493
7.770366154261743,7.176392137228012,6.637913124658687,6.302032723346464,0.0,9.105090961257085,7.681695502412976
8.893995992660097,0.0,0.0,0.0,8.795745064407642,8.922791623969637,8.364988624582054
8.233740044440893,6.801761229350703,6.173786103901937,6.041277997065693,7.647352445247664,8.412054873292933,6.97395065365452
2.758428627125291,4.399866552802212,0.0,4.399866552802212,0.0,8.006700845440367,4.928826758821997
5.72834625618398,0.0,0.0,0.0,5.261832697011442,8.853808274977197,6.361238207804802
7.3136802393420455,5.081155886911374,0.0,5.081155886911374,6.401280840066372,8.294299608857235,5.878624347672326
7.929925683168978,0.0,0.0,0.0,4.613040295273953,8.006700845440367,6.7028036282930525
4.045662854671037,6.203183080752724,5.016816153171337,5.841774736127377,0.0,8.517393171418904,6.157788136947838
7.563022587938862,0.0,0.0,0.0,6.810853648091046,7.824445930877619,6.062594225329797
4.296276516508294,6.487196837426318,0.0,6.487196837426318,0.0,6.90875477931522,6.5786081122101905
6.484453585550088,0.0,0.0,0.0,7.220523157689138,7.244941546337007,5.331316694842578
6.363448017088567,6.227484836235871,6.227484836235871,0.0,0.0,7.576097340623111,5.243354896328646
4.567046339856176,3.7909846770510898,0.0,3.7909846770510898,0.0,8.853808274977197,6.2683476721271285
6.314598626470792,7.991900083136326,6.860149912662458,7.603100043085569,0.0,8.987321812850125,7.806933111692017
7.075612366229336,5.043102484233757,5.043102484233757,0.0,0.0,8.77971129020447,7.554470406990705
2.552107794869202,5.612763076269032,4.2612704335380815,5.318119993844216,0.0,8.699681400989514,5.752296705521445
7.038392553559252,6.724901580625973,6.724901580625973,0.0,6.206581640418282,7.0909098220799835,5.947950392913188
9.206640562313474,8.918236537929717,8.71220389932618,7.23798665329954,0.0,9.825580063659602,7.7849558741375375
8.766775825607024,0.0,0.0,0.0,8.183507106786402,8.922791623969637,7.471680614890248
7.924195387926316,7.7723231505342945,7.7723231505342945,0.0,7.290349119610142,8.412054873292933,6.493339570998217
6.832448580027057,8.732580339457188,8.655843211487026,6.129268051255177,5.650649928478075,8.853808274977197,8.978840848437097
8.919374069406533,0.0,0.0,0.0,9.229017130425703,9.210440366976517,7.612291474300013
5.666025659614366,7.343445633875007,4.834057211929367,7.2593342605324995,5.672053788184393,8.77971129020447,7.075899496388475
5.145265517784737,5.860786223465865,5.860786223465865,0.0,0.0,8.006700845440367,6.72129834328343
4.473477604570668,6.566644300012384,0.0,6.566644300012384,0.0,6.90875477931522,6.590444592838716
7.341317673941904,0.0,0.0,0.0,4.787276127872155,7.3783837129967145,5.871234923807851
8.93049563005896,5.903343463712803,5.244705597099387,5.180096735160606,8.463646315409548,8.987321812850125,8.105365601680434
8.847557748362977,9.350270995776004,8.036576643854735,9.0372873294929,9.624734307862703,9.546884034617925,9.9096189893007
4.607729059277536,7.349481597025825,7.069355286400314,5.942799375126701,0.0,8.699681400989514,6.9154280964874175
5.932665735610009,7.910502567294794,6.352211190416768,7.674617497364363,0.0,9.04793908261736,7.86392237056485
5.944157751328462,7.859903382002885,7.6513388869239325,6.1919738659132575,0.0,7.824445930877619,7.510105208986472
7.180033863753434,7.646353722445999,7.1252830915107115,6.7464121285733745,0.0,8.55310423789082,8.153930597336613
6.308558976612715,5.344294052788061,5.344294052788061,0.0,7.39935838162582,8.006700845440367,6.563997450169942
1.5458429460087415,3.3669509429335642,3.3669509429335642,0.0,0.0,8.77971129020447,5.237360333551627
3.9300870438227578,5.1896179496246955,0.0,5.1896179496246955,0.0,7.824445930877619,4.88015264361659
2.972945669624515,4.890349128221754,0.0,4.890349128221754,0.0,9.87822102528824,8.191896517754591
8.355241540279781,0.0,0.0,0.0,7.7493083520607735,8.517393171418904,7.265088248874297
3.5034271717088266,4.989411657644629,0.0,4.989411657644629,0.0,6.90875477931522,5.578528247776402
7.112451395463907,0.0,0.0,0.0,5.622580918833004,7.0909098220799835,6.682145723327051
7.12217309798022,4.049695810553219,0.0,4.049695810553219,0.0,7.3783837129967145,5.991420921156384
5.041120256315975,0.0,0.0,0.0,5.544827140942942,5.707110264748875,5.852856788656229
5.306187540324347,5.872117789475416,5.872117789475416,0.0,0.0,7.0909098220799835,7.437789065149766
7.753996640899894,7.312019666513782,7.171856495612904,5.282899113819656,0.0,8.853808274977197,7.282155833534027
8.535332460608831,7.432537060937022,0.0,7.432537060937022,6.993496064195135,8.699681400989514,7.624379476522224
8.005621248556755,8.20120766178082,8.191906166433323,3.548179572010801,0.0,8.160803920954665,8.263832882863058
7.0074507140296385,0.0,0.0,0.0,5.05250786616661,8.853808274977197,8.299772421705576
4.299729166103098,6.6865473531356825,6.37596134877995,5.3706380281276624,0.0,8.853808274977197,7.368905854083866
8.516438730081846,7.366027867852167,7.219158760851813,5.37989735354046,0.0,8.612685172875459,7.446137530519073
5.7085299442345345,6.097422384333755,0.0,6.097422384333755,0.0,6.90875477931522,5.923046855708959
7.328281894981609,5.746682308971422,0.0,5.746682308971422,0.0,7.313886831633462,6.511309216730704
2.8759449118274416,5.771441123130016,0.0,5.771441123130016,0.0,7.824445930877619,6.3292098462554005
6.631955336264556,5.0651234793803255,5.0651234793803255,0.0,0.0,7.0909098220799835,7.310202755951143
9.026044152097745,9.035099686536771,0.0,9.035099686536771,0.0,9.04793908261736,8.752010458830513
6.169042263412141,6.139345613921645,6.139345613921645,0.0,0.0,8.612685172875459,5.225762141335513
6.656623468739828,9.352178418624248,9.318950800940213,5.933888398970386,0.0,8.412054873292933,9.3132140841999
5.506700269520734,6.813444599510896,6.813444599510896,0.0,0.0,8.006700845440367,5.832473947491812
2.982934834532079,6.772737067304049,6.772737067304049,0.0,0.0,7.824445930877619,7.788236617234579
2.0926870562587627,3.3666059368925363,3.3666059368925363,0.0,0.0,7.824445930877619,4.073887826043342
7.398432109283353,6.902702535345486,5.507727038407604,6.619232853532663,0.0,8.699681400989514,7.920673048313764
7.800153350968422,6.215787402769385,0.0,6.215787402769385,0.0,7.901377353792616,6.321283181457584
7.182715867146866,4.489534842389167,0.0,4.489534842389167,5.045434026740259,7.313886831633462,6.118535630550129
7.282829720211958,0.0,0.0,0.0,3.9240080173883385,7.313886831633462,5.620348628845582
7.436266473012592,7.403962573724509,7.228431991990003,5.581313477009103,7.009296462969519,8.853808274977197,8.138691815343414
3.0441216907684208,4.976733742420574,0.0,4.976733742420574,0.0,7.313886831633462,5.164107566714516
8.077324265345382,8.325487743311943,8.325487743311943,0.0,0.0,9.259225769705994,8.709811703965505
5.823573901033965,8.245570802465462,8.245570802465462,0.0,0.0,9.711176264112805,7.951066126803499
5.384960825864259,7.990925618760812,7.990925618760812,0.0,0.0,8.517393171418904,8.04696444019245
7.661915851895105,6.875862054095062,5.987983495271326,6.3473892096560105,6.367588722572631,8.517393171418904,7.484214601085162
5.749816813278196,3.9138213873695253,3.9138213873695253,0.0,7.175574168359274,8.77971129020447,7.249035597515677
5.045172962739965,7.312740271853424,6.504288173536645,6.724168922666381,0.0,9.392745258631441,7.203740438950177
8.979157845640154,7.491729128778557,7.491729128778557,0.0,8.335685940824975,9.350189267092581,7.772709304579091
8.339207615854315,6.238558972577978,5.633360010359655,5.453267726545859,7.098727944292439,8.412054873292933,7.2297216205639305
8.340110067881236,0.0,0.0,0.0,6.0747002594046355,8.412054873292933,7.104526264814991
4.08707411310933,5.958424693029782,0.0,5.958424693029782,0.0,6.90875477931522,6.05677690313309
9.031740021139191,6.98194396216435,6.98194396216435,0.0,8.05046934579527,9.15915233520675,7.512036794968818
3.8323567685472537,5.081404364984463,5.081404364984463,0.0,0.0,6.2166061010848646,5.2883646824921
6.0905783136417755,0.0,0.0,0.0,7.026908186602004,7.0909098220799835,5.151809693556554
8.970643061984616,6.230481447578482,6.230481447578482,0.0,9.102938718836057,9.04793908261736,8.82525012725883
6.596084204181566,0.0,0.0,0.0,7.948023292012878,7.313886831633462,8.073771496458347
3.701891553362905,6.386677278751795,6.114080330648171,4.960744524482791,0.0,9.392745258631441,7.0140494073879225
7.599794808823456,5.364292355471569,5.364292355471569,0.0,5.60989481558932,7.601402334583733,7.0232080576975076
8.04430164125826,6.118361480296333,6.118361480296333,0.0,7.657300111826327,8.517393171418904,7.057777038537617
7.758932034149254,0.0,0.0,0.0,7.506210558514037,8.006700845440367,6.507156527430471
7.944715739291936,0.0,0.0,0.0,5.444767920639139,8.006700845440367,6.698748065895022
4.99778687891722,7.23138830165707,6.935506623512962,5.872117789475416,0.0,7.824445930877619,7.285099766689294
5.033437763767859,7.130170565175667,6.721967722545008,6.039397200863284,0.0,8.517393171418904,7.183457303367716
7.600480355468691,5.855071922202427,5.855071922202427,0.0,7.571142959267035,9.105090961257085,7.9704622902010325
5.674169221965592,7.870398921620853,7.203174839716289,7.151422766014499,0.0,7.824445930877619,7.9895480740030544
7.637892223959591,7.313886831633462,7.313886831633462,0.0,0.0,7.696667081526462,7.6967945082097
7.481174609021155,7.261723563220101,7.261723563220101,0.0,0.0,8.517393171418904,7.252274026146384
2.605659419563746,5.308267697401205,4.658710952916121,4.579852378003801,0.0,7.824445930877619,6.175759777842188
8.665203150235637,6.050629280275953,5.4133410431168185,5.303304908059076,8.815918133178686,8.987321812850125,6.7031164910441525
8.090169802820347,0.0,0.0,0.0,5.047751486606333,8.77971129020447,6.6867059931622554
8.349888955285984,6.829782926643177,0.0,6.829782926643177,8.277227107175317,9.04793908261736,9.083220431822706
8.9915507617394,5.075173815233827,5.075173815233827,0.0,8.290233318451408,9.105090961257085,7.391334198099752
2.557385980949485,0.0,0.0,0.0,6.182069549160689,8.006700845440367,6.591577510644277
8.96062065178643,7.176552652712368,4.4479314095616,7.109830442262928,7.5163754579347,9.04793908261736,7.637146179016752
9.043900878749367,7.205494112266779,5.424950017481403,7.021806917181424,8.140446825710757,9.15915233520675,7.635379630733725
5.025161239849152,7.876904080344471,7.788431268368985,5.412404692585804,0.0,8.922791623969637,7.739343893908446
8.075260035030208,0.0,0.0,0.0,5.228606033457918,8.160803920954665,6.643436510615688
5.014620276828406,7.606208358332264,5.332718793265369,7.498116404891607,0.0,9.711176264112805,7.543205347041827
3.706680176975125,6.265624354438156,6.265624354438156,0.0,0.0,9.04793908261736,6.2480367932520275
4.610387263342818,6.863667541055383,6.863667541055383,0.0,0.0,9.510519035757246,7.0924515863226425
7.51645907951486,0.0,0.0,0.0,4.30619570022657,7.601402334583733,6.025499126351771
3.3979236956613836,5.13720920615328,5.13720920615328,0.0,0.0,7.0909098220799835,5.121929196349909
4.902957354544004,7.038958964597482,0.0,7.038958964597482,0.0,8.006700845440367,6.865007304911733
7.562132318425974,4.716711560720999,4.716711560720999,0.0,0.0,8.006700845440367,6.31432984747494
6.484531263818156,0.0,0.0,0.0,7.3537892564570875,7.0909098220799835,7.336948845277061
3.264930937907172,5.649502267743131,0.0,5.649502267743131,0.0,8.517393171418904,5.336037926187343
8.022967420883148,5.968707559985366,5.968707559985366,0.0,8.67894909102073,8.071218539969863,8.785526339983878
8.996526046664501,7.675132924193292,7.190676034332207,6.719145995802994,8.0191005471056,9.15915233520675,8.017363969991687
7.457297518673441,5.6680516647004024,0.0,5.6680516647004024,3.649485553964653,7.438971592395862,6.514599469648434
5.163189025193675,5.847276574294931,5.847276574294931,0.0,6.78928681384763,7.0909098220799835,0.0
7.049015723259685,6.6824468860884165,6.180658269719125,5.755615623296218,5.199133381238416,8.699681400989514,7.071582384544363
8.589901331590754,0.0,0.0,0.0,7.738283030004924,8.612685172875459,8.071874573092957
6.901349860017771,5.095466518501589,0.0,5.095466518501589,0.0,6.90875477931522,5.8131257705050094
7.215996357309567,4.34211568336104,4.34211568336104,0.0,7.302294126312406,7.313886831633462,5.798618551182234
5.125421095864686,0.0,0.0,0.0,7.151749660193045,8.006700845440367,8.86718143349015
3.234046407456864,5.906995390481532,0.0,5.906995390481532,0.0,7.601402334583733,5.818971568211051
6.90988297882259,0.0,0.0,0.0,6.128521455915623,7.0909098220799835,6.138353788532694
4.698356812648611,6.621658615771368,6.621658615771368,0.0,0.0,7.824445930877619,6.213895502586077
8.041687687215891,0.0,0.0,0.0,8.021084737862402,8.699681400989514,6.5555791601371025
6.669931608819116,7.913396649638344,7.843640773412838,5.221382325073914,0.0,9.711176264112805,7.843650217291884
6.981719841638923,5.303304908059076,5.303304908059076,0.0,0.0,7.0909098220799835,6.313465180524983
7.72807563837273,0.0,0.0,0.0,5.076357027462076,7.783640596221253,6.207919940472393
3.6887533211595094,6.069628568077336,6.069628568077336,0.0,0.0,8.853808274977197,6.037613380795197
7.052185735562299,7.792699812173027,6.151987736440525,7.577736181510243,0.0,9.105090961257085,7.259880943925283
4.844960464490046,5.962704925436557,5.962704925436557,0.0,0.0,7.0909098220799835,5.356604434884473
4.137678343563006,5.827179352800126,0.0,5.827179352800126,0.0,6.90875477931522,5.953989440297044
8.759724112054263,0.0,0.0,0.0,8.174016917671933,8.853808274977197,7.5578861739083365
8.709181297216942,7.712497500097923,7.00615160083833,7.033259540219274,0.0,9.259225769705994,7.306542302235768
8.854566549905158,0.0,0.0,0.0,8.36040535437795,9.259225769705994,7.393029738923096
1.7225705070880166,3.9543159176183975,0.0,3.9543159176183975,0.0,8.006700845440367,5.084841538087809
4.098736022297633,5.318512073833556,0.0,5.318512073833556,6.864614708014673,7.601402334583733,7.177925025110032
6.861472828269321,6.618231511650985,6.618231511650985,0.0,7.253196876070565,7.824445930877619,5.728962474145336
3.1436311946557045,0.0,0.0,0.0,5.000485761403719,8.006700845440367,5.212399380679326
7.659066965989978,4.150409786155049,0.0,4.150409786155049,7.216938945697443,8.294299608857235,6.986122834217104
3.106615918613336,6.927557906278317,4.787491742782046,6.803505257608338,0.0,8.412054873292933,7.150998989011938
8.480144905409402,0.0,0.0,0.0,8.939447098426317,8.987321812850125,8.245802836235645
6.1179914127105945,8.202709817985973,8.202709817985973,0.0,0.0,8.922791623969637,5.348140549350898
3.7437385459824415,5.698434868329605,5.698434868329605,0.0,0.0,8.699681400989514,6.391013189063176
0.0,3.0081547935525483,0.0,3.0081547935525483,0.0,8.294299608857235,0.0
4.687679243564897,7.287663234225994,6.942185690786644,6.059403530116175,0.0,8.922791623969637,7.197355352393546
2.3448117644934987,4.399866552802212,0.0,4.399866552802212,0.0,7.824445930877619,4.663233129506588
8.469905073170809,5.92908369652421,5.811739616161293,3.7520889675118205,9.202171010223632,8.853808274977197,8.572494883592617
5.503920178647441,7.074988578354619,6.4108325603851375,6.353726355415488,0.0,8.412054873292933,6.955067204428214
5.598297191956032,6.665683717782408,6.492239835020471,4.836281906951478,0.0,9.259225769705994,6.245428838066273
7.253410101320579,0.0,0.0,0.0,4.854541826055312,7.313886831633462,5.5636802000412615
5.220316175643648,7.246653142818189,7.04009846596985,5.571773731735836,0.0,8.881975184248867,7.141988002324652
3.020000747429765,0.0,0.0,0.0,7.05834091587449,7.0909098220799835,8.11360550115578
8.056506649240408,8.131271853574251,4.573060132069858,8.102671193217818,8.632271230532664,8.006700845440367,9.10516946434162
6.282581342265507,8.2732855507493,7.683113583731047,7.465901416081047,4.689864387899951,8.006700845440367,8.099423014119399
8.750582096357146,0.0,0.0,0.0,9.17866178464893,9.210440366976517,8.747064436640967
6.277149385790544,3.5380565643793527,0.0,3.5380565643793527,0.0,8.216358332386156,7.827918668030108
8.216275835333002,0.0,0.0,0.0,7.076313287876425,8.294299608857235,6.647639197256918
6.114193243907002,7.166034287064601,6.588376119787101,6.344056165609079,0.0,7.0909098220799835,6.7978646221564505
6.383680660281248,6.44204641401927,6.44204641401927,0.0,0.0,7.824445930877619,6.668954157689636
5.5398515566147575,7.8666762894449835,7.042251206293487,7.290238310698378,4.311862358610409,8.294299608857235,7.578546740749665
8.34852090881309,0.0,0.0,0.0,8.46506748456428,8.987321812850125,7.233411233529768
6.785848603045814,0.0,0.0,0.0,6.417980131076343,7.0909098220799835,6.785524136776635
5.47371626275769,7.144430858020299,5.14166355650266,7.000361807212147,0.0,7.496097345175956,6.593206379948807
3.0421164026840035,0.0,0.0,0.0,5.792193659513049,7.824445930877619,0.0
5.990780020373006,5.977593791422191,5.977593791422191,0.0,6.6697714065643785,6.398594934535208,6.680679492806147
8.85265982887777,7.234119458026262,0.0,7.234119458026262,2.9860658034085596,9.472781556562168,7.942928914325147
3.6836849108045033,7.018330176092519,0.0,7.018330176092519,4.017515550369723,8.160803920954665,7.318105250029911
5.3082098343410316,0.0,0.0,0.0,7.5313200736113455,7.824445930877619,9.182544742058363
7.684770427569376,0.0,0.0,0.0,7.084885188299347,7.783640596221253,6.102258836043925
5.0744156028634615,6.606177101338245,0.0,6.606177101338245,4.703824359317693,8.922791623969637,6.802658284155202
7.290044654505529,0.0,0.0,0.0,7.928187761641842,7.313886831633462,7.4687699936773635
5.257299201745983,7.678890750654019,7.678890750654019,0.0,0.0,8.517393171418904,7.417008799441047
8.8514355813476,0.0,0.0,0.0,8.118411609107952,8.94910546953925,7.019203815774252
4.091549158719865,6.315231411231641,0.0,6.315231411231641,0.0,7.824445930877619,6.082665089362609
8.022220293562382,0.0,0.0,0.0,8.299648294348124,8.517393171418904,6.6975912801494015
7.242282223320032,8.126056933252666,7.279953116974156,7.566062536699374,0.0,8.160803920954665,8.60388357107507
6.883720828680442,7.0455500703926175,6.68178272982438,5.860786223465865,0.0,6.90875477931522,7.149966353744396
7.392550323879937,5.5204203766869995,0.0,5.5204203766869995,7.503921746724146,7.824445930877619,6.987754992192963
8.268927643970986,0.0,0.0,0.0,6.83166200202974,8.77971129020447,6.778520736517824
7.908622114406516,6.574810812456265,6.574810812456265,0.0,0.0,9.210440366976517,6.544059998618364
5.852853985889073,7.33725587325128,7.0939775514165735,5.807541708947054,0.0,6.90875477931522,6.659182969939199
2.2161879636793174,4.74493212836325,0.0,4.74493212836325,0.0,7.901377353792616,4.8235083860736045
9.017868839092076,7.489881509364821,0.0,7.489881509364821,4.511202381794337,9.798182590890704,10.612227413931688
5.671098102606416,6.137035670427201,5.308267697401205,5.567122383230129,0.0,8.412054873292933,5.646605417113048
3.686783258630506,5.884686360362535,0.0,5.884686360362535,5.242986637944007,7.824445930877619,6.175050015246043
6.699180085683716,4.476199804691132,4.476199804691132,0.0,0.0,8.922791623969637,5.540383558083349
6.085268258667705,7.533105301476257,7.262537432723171,6.095892127717207,4.863134569776549,8.77971129020447,7.640797771064247
4.62579013604775,6.317814295200602,4.948759890378168,6.026735161189901,7.450525797558667,8.006700845440367,7.830577657136172
7.171498502248771,7.15711223711225,0.0,7.15711223711225,0.0,7.0909098220799835,7.250368290960588
7.258298114515975,0.0,0.0,0.0,5.612332432259117,7.313886831633462,6.431292145587707
7.622460905760163,6.214528095222021,0.0,6.214528095222021,7.768761771653361,7.824445930877619,6.030009433384024
5.393392623305558,7.527971486760457,7.2305631534092925,6.1723892954857815,0.0,8.412054873292933,7.568286813149497
4.75761371517684,5.872117789475416,5.872117789475416,0.0,0.0,9.711176264112805,8.424412212564986
5.300624937058102,7.167963374433163,6.615824192240941,6.312424226622483,0.0,7.496097345175956,2.9510239348885077
4.974919525309682,7.284134806195205,5.8916442118257715,6.999422467507961,0.0,7.824445930877619,7.256721138541406
3.8385275840884003,5.170483995038151,5.170483995038151,0.0,0.0,7.0909098220799835,5.363912803952783
6.994662107506766,0.0,0.0,3.044522437723423,3.6699512658844524,7.0909098220799835,5.655051354743622
3.04195256700395,6.111467339502679,0.0,6.111467339502679,0.0,6.90875477931522,5.9599007375068815
6.4412869802844215,0.0,0.0,0.0,8.129890264337144,7.0909098220799835,8.179519496052434
7.522950316406584,0.0,0.0,0.0,6.732220512140227,7.824445930877619,6.073548913792022
8.004229031277175,0.0,0.0,0.0,6.633918922687362,8.160803920954665,6.706923920281006
7.612096999709091,7.367607557171497,7.349803008151989,3.3655702040190043,0.0,7.824445930877619,6.3392666187815125
7.660616735825615,0.0,0.0,0.0,6.956519470433329,8.006700845440367,6.308431180317053
1.6895925523045332,3.3470931226689546,0.0,3.3470931226689546,0.0,7.496097345175956,5.435544856431822
6.717015710338373,0.0,0.0,0.0,4.671684170237914,7.0909098220799835,6.057268287049829
4.482580236862692,0.0,0.0,0.0,7.133053330892221,7.601402334583733,7.893291992121594
7.110622325970181,6.410174881966167,6.410174881966167,0.0,0.0,7.0909098220799835,6.146649790875081
4.441828883139911,6.935992820393377,6.935992820393377,0.0,0.0,8.699681400989514,6.916686804891136
7.124498916064357,0.0,0.0,0.0,5.202818778495993,7.496097345175956,6.737932163452795
5.597672589402213,4.2626798770413155,0.0,4.2626798770413155,0.0,6.90875477931522,4.672399190776406
6.114576388315709,7.69484807238461,7.675703762714867,3.753261713043204,0.0,7.496097345175956,7.669988209315712
1.446678718781087,4.524610678129674,0.0,4.524610678129674,0.0,8.160803920954665,0.0
5.086817105786036,6.175867270105761,6.175867270105761,0.0,0.0,7.313886831633462,3.6831304351275005
6.891185561297555,5.6468240408189185,0.0,5.6468240408189185,0.0,6.90875477931522,6.584301919022012
8.311766948552998,6.567796973076092,4.948759890378168,6.348789279888211,8.438381441270185,8.497194544909547,5.9004602745647965
6.956443193162312,0.0,0.0,0.0,4.760172822796916,7.00397413672268,5.3920286005377305
6.230633008927126,0.0,0.0,0.0,7.238597691412228,7.313886831633462,7.652096273581627
5.072888781531686,7.476687533554909,4.4520190064939165,7.427489106617135,0.0,9.15915233520675,7.416056711255591
6.884865482017666,0.0,0.0,0.0,7.3921891650769584,7.3783837129967145,8.025424189302418
1.8462826917771005,4.060443010546419,0.0,4.060443010546419,0.0,8.517393171418904,5.106195109405712
8.120971781684021,7.0250226261385045,6.764785196022682,5.555437133417177,7.597532637564414,8.412054873292933,8.470827117684063
7.2973598565505196,8.528483218534891,7.983750383201499,7.661461196835239,0.0,7.550135342488429,8.482155347232263
9.626186929873578,6.576803775033622,6.576803775033622,0.0,8.459410442837557,9.798182590890704,8.294847960359597
6.663633261619234,9.00821194787706,8.007024018805698,8.55042098283311,0.0,9.711176264112805,8.9168140737902
8.057920676133191,6.309536387133576,6.309536387133576,0.0,8.031422721018833,8.160803920954665,8.247521594125368
6.772016972914604,6.74993119378857,0.0,6.74993119378857,6.90779641813591,8.294299608857235,6.666852330230219
7.55249739073891,8.305271439524066,7.993890046139134,6.987804140482893,0.0,8.81001204797317,8.750496172354607
7.079426859736634,4.757891273005756,4.757891273005756,0.0,0.0,7.0909098220799835,6.1027561768826155
8.253048680610164,0.0,0.0,0.0,7.137049911945377,9.15915233520675,7.258504171009186
8.695517327994747,5.847305451408376,5.847305451408376,0.0,8.188750831984697,8.77971129020447,7.606847770603609
7.604116652485171,6.863855636692119,6.708975017744909,4.929569841375035,0.0,7.824445930877619,6.82081840430805
8.817445166190453,0.0,0.0,0.0,8.425697622503725,9.350189267092581,8.503441089442672
1.9640249381878803,4.429029488269218,0.0,4.429029488269218,0.0,8.160803920954665,4.615949974726135
7.598747523835063,5.520460417528663,5.520460417528663,0.0,6.925121789392916,8.699681400989514,6.3439258953073665
8.910025608421446,0.0,0.0,0.0,9.42595924376493,9.350189267092581,9.54378794820627
8.846724689456165,5.9964023361376055,0.0,5.9964023361376055,5.560861837854223,9.433563920090563,7.6055718250673765
8.695807367191442,7.086336516160368,0.0,7.086336516160368,6.673557808848009,8.699681400989514,7.909524488021753
3.037189378349012,0.0,0.0,0.0,4.898209910556008,7.0909098220799835,3.9067924699964753
8.772999870766702,0.0,0.0,0.0,8.243647190373466,8.922791623969637,7.878952157267288
7.883252187531368,6.812510097065403,0.0,6.812510097065403,6.91734886898313,8.006700845440367,8.380841676496601
6.996166660341485,7.121551277735835,6.106131622086108,6.673007154309792,0.0,8.412054873292933,6.7273040891608575
3.387396790058953,5.029914908828212,0.0,5.029914908828212,0.0,6.90875477931522,4.724124126978301
6.557301489186459,4.174387269895637,0.0,4.174387269895637,0.0,7.844240718141811,5.193421826105811
7.3219943589777605,6.9116775767055065,6.717671675294251,5.182008244147654,0.0,8.294299608857235,5.7974131266611675
7.383400767342869,0.0,0.0,0.0,7.823134130019309,8.517393171418904,9.203781168356029
5.459422062488793,5.519218405309466,2.6390573296152584,5.465694475956169,0.0,7.0909098220799835,5.397985174448538
5.0774637538219745,7.153442794731241,0.0,7.153442794731241,0.0,7.824445930877619,7.182975360634524
3.3466901561968228,5.675383000134503,5.675383000134503,0.0,0.0,7.601402334583733,5.756626414338341
7.03332662508049,6.255346889481134,6.255346889481134,0.0,0.0,7.0909098220799835,6.4672694895856
4.633507980967646,4.2626798770413155,4.2626798770413155,0.0,5.903256518962323,7.824445930877619,6.143514469030571
6.761287569573806,7.1572525015889426,0.0,7.1572525015889426,0.0,9.350189267092581,6.83645180117065
8.230604565200835,0.0,0.0,0.0,6.55665360263801,9.305741456739435,6.93777651506137
6.904974643596354,0.0,0.0,0.0,7.24379566522654,8.987321812850125,7.770716006730223
8.30304368539453,0.0,0.0,0.0,7.783406101840798,8.853808274977197,7.296676600878639
7.520890619267143,0.0,0.0,0.0,7.581344880309174,8.412054873292933,5.806301661559847
3.8620374871075236,5.568955004390559,0.0,5.568955004390559,0.0,8.294299608857235,5.445034323164174
5.704379266540494,7.0459769052445,6.977934113603384,4.33768282082183,0.0,8.294299608857235,7.28742124345353
7.978680870249704,0.0,0.0,0.0,6.739435945501887,8.006700845440367,7.216061087116555
8.027205022073192,7.7208963827178465,6.826046183655592,7.196267007174395,8.333774348824356,9.105090961257085,7.032833901893837
5.772488082664728,0.0,0.0,0.0,7.138852754605964,8.77971129020447,7.466040196559494
3.225928178460445,5.251487779191239,5.251487779191239,0.0,0.0,8.006700845440367,5.223618335137817
8.61203443619681,0.0,0.0,0.0,7.757896704460432,8.699681400989514,7.165133963767434
0.07206388442914867,0.0,0.0,0.0,5.918169075555463,6.90875477931522,7.396124874118127
8.71028589672082,8.291047638601153,8.169687509585218,6.12417998192946,7.934607875256314,8.922791623969637,7.2613568080160835
7.890053580788096,0.0,0.0,0.0,6.875730193572936,8.77971129020447,6.5030703259738285
4.468276140263186,6.441393011922666,5.35517017814082,6.032078519993237,0.0,8.006700845440367,6.593502282784198
6.866172317916935,0.0,0.0,0.0,5.152830349412294,6.90875477931522,5.794029744382075
9.299272032207877,6.517508778174531,6.2173842413689435,5.173320876373351,7.328351473304792,9.392745258631441,7.87889649451753
9.357288043743457,0.0,0.0,0.0,9.130982500740298,9.472781556562168,7.665672042888975
5.338545250219386,2.6851226964585053,0.0,2.6851226964585053,0.0,8.853808274977197,7.44093290057715
8.052063209673477,8.593109242295743,7.647518834170662,8.101653504736477,0.0,8.006700845440367,8.336658682580486
7.897629327230809,0.0,0.0,0.0,5.602861950594463,7.972810784121404,6.462224830643646
7.249660900852733,7.74796809964611,7.2006189039743465,6.885100588417331,0.0,8.294299608857235,8.063998448063987
7.374933267362169,7.883035414078308,7.661480021427686,6.269115222920853,0.0,8.853808274977197,7.256733283635811
8.23115882927727,8.07491678518178,7.25952420808644,7.491243831329116,0.0,9.305741456739435,8.070675419373174
3.683759067279348,5.440164090776273,5.440164090776273,0.0,0.0,8.02322468471667,5.9760520093018314
3.661289142872055,5.541263545158426,4.442651256490317,5.14166355650266,0.0,8.006700845440367,5.517760796849683
7.452869006522919,8.05413816461859,6.906043815263259,7.672990535936337,0.0,8.699681400989514,6.903813019478463
5.113737599916458,6.879561544611355,6.879561544611355,0.0,6.104671283015174,6.90875477931522,7.5619045794796635
6.528530071162955,0.0,0.0,0.0,7.4883329055419825,8.006700845440367,5.850749266325137
2.4299509552385024,4.603468739348334,4.603468739348334,0.0,0.0,8.853808274977197,4.764731643975134
6.97036766412269,0.0,0.0,0.0,5.286328096620612,7.0909098220799835,5.335156457427589
4.598047801921428,8.398814978677107,8.398814978677107,0.0,0.0,7.313886831633462,8.875146666126069
7.340757281280529,0.0,0.0,0.0,5.04696951842298,8.294299608857235,6.581413238423514
8.034189037655514,5.5254529391317835,0.0,5.5254529391317835,0.0,9.210440366976517,8.448955796056747
7.002571754207137,0.0,0.0,0.0,2.9709324339650105,7.0909098220799835,5.417008252206094
8.484239007259996,5.725543966437714,5.725543966437714,0.0,0.0,9.711176264112805,7.84342651613033
4.8833256793412465,7.182648420565096,5.749647730528151,6.9110598129904375,0.0,8.160803920954665,7.025232654595915
3.9232503818974784,6.074195944705447,5.616552892043274,5.078667704488082,0.0,9.105090961257085,6.145185303817254
7.585130097206451,6.614591542961118,6.508620094568842,4.330733340286331,6.864246904371824,8.294299608857235,6.110932422624232
7.420655761738715,0.0,0.0,0.0,5.817280234954937,7.496097345175956,6.272146101764484
4.045089995234371,5.912069546293729,5.912069546293729,0.0,4.209464722236749,7.824445930877619,5.167471461913443
5.430152873220536,3.9318256327243257,3.9318256327243257,0.0,6.854502239231673,8.612685172875459,7.637802056468856
7.257113880037661,6.334167333479831,0.0,6.334167333479831,0.0,7.313886831633462,6.896486599228823
7.249558387650881,0.0,0.0,0.0,5.899021751176482,7.313886831633462,5.372606911859212
0.0,6.366470447731438,0.0,6.366470447731438,0.0,6.90875477931522,6.541785439602653
7.026056158312116,0.0,0.0,0.0,5.39786330376154,7.0909098220799835,6.103120995720531
4.713211587857003,6.901616475022728,6.901616475022728,0.0,0.0,8.412054873292933,6.674691557584919
8.503248200016033,8.505140852892064,8.505140852892064,0.0,7.769312485654846,8.699681400989514,8.282277506390825
6.534338307586776,4.323072491830211,0.0,4.323072491830211,0.0,6.55250788703459,5.870003671795598
2.100105072801754,4.605170185988092,4.605170185988092,0.0,0.0,8.699681400989514,5.2860256621177495
3.920664301651393,5.961005339623274,0.0,5.961005339623274,0.0,8.006700845440367,5.818517474211038
7.264694831608902,0.0,0.0,0.0,6.427679555262345,7.496097345175956,7.680117420727999
2.8981952962754565,5.210032451680465,3.543853682063679,5.0072963928307415,4.74422601825661,8.699681400989514,5.545467921818185
7.73484550230206,8.202408471237689,7.831390970477419,7.032006241319994,7.618577381249822,8.853808274977197,6.376176728528497
5.835246858322171,3.907613296939446,3.907613296939446,0.0,0.0,6.2166061010848646,5.551920110746955
4.529428384477163,7.292405247376381,7.292405247376381,0.0,0.0,8.006700845440367,7.315858329990782
7.617434255752477,5.070412498132116,0.0,5.070412498132116,7.828011011043632,7.824445930877619,6.439852491023178
1.634257346250613,3.284288963416433,3.284288963416433,0.0,0.0,8.412054873292933,5.102013742643867
6.565931457742233,6.309645513756943,5.956588382720552,5.103275245344702,5.041265974745268,7.0909098220799835,5.945830917088693
8.993307415392206,0.0,0.0,0.0,8.726498713807667,9.392745258631441,7.680754219909419
7.921646981521785,7.921350564211279,7.5883236773352225,6.661202353874352,8.06931875088333,9.472781556562168,8.485638749948704
5.856924031204075,5.442417710521793,5.442417710521793,0.0,7.003203774674924,7.0909098220799835,6.096644217414274
6.160497593104064,5.7412067033022005,0.0,5.7412067033022005,0.0,8.294299608857235,7.821740782658287
5.962512265495609,0.0,0.0,0.0,7.822243575845819,8.006700845440367,0.0
4.801213952796934,5.858275952864237,5.858275952864237,0.0,0.0,7.901377353792616,5.951721379299032
4.667070567794224,7.337789414808605,5.846178625614856,7.083723361803917,0.0,8.006700845440367,7.402661311615494
7.953298027900582,0.0,0.0,0.0,5.590896468952122,8.006700845440367,6.768715909838052
3.3781051635903645,5.420623490932004,4.724729421045731,4.739001533621612,0.0,9.210440366976517,5.756521179101824
6.8570200057139425,3.8426729272933526,3.8426729272933526,0.0,3.887444472830405,6.90875477931522,5.71850738573847
3.575341818978438,5.496758305221874,5.496758305221874,0.0,0.0,7.313886831633462,4.457724088467818
8.188063810087035,0.0,0.0,0.0,7.067864347445923,8.699681400989514,7.313487913968461
3.9302733894020765,5.994435130552815,5.994435130552815,0.0,0.0,9.04793908261736,5.899084206629744
4.803576921534984,3.5374749999547035,0.0,3.5374749999547035,0.0,6.90875477931522,6.24417136861492
7.020618752523497,5.789807254007285,5.322814838148424,4.8121030512543195,0.0,7.783640596221253,5.676371157151167
5.380744971169645,0.0,0.0,0.0,6.855809923627982,7.0909098220799835,5.499801721808347
8.29369274117118,0.0,0.0,0.0,8.165519491808661,8.412054873292933,7.284323318967766
7.553655501367523,6.660575149839686,0.0,6.660575149839686,0.0,8.006700845440367,7.1999049600420735
7.466433361123154,0.0,0.0,0.0,6.026785430222753,7.496097345175956,6.553552054968225
7.768370705044192,7.274008207233945,5.928631237936413,6.973243349155297,0.0,8.699681400989514,6.962615538030602
7.1294551767298175,5.497168225293202,5.497168225293202,0.0,0.0,7.0909098220799835,6.2730495897660346
5.821981414923381,6.381122037232848,5.111987788356544,6.053476441510792,0.0,8.517393171418904,6.734268794540034
4.916273345911529,0.0,0.0,0.0,6.216195044556817,7.0909098220799835,7.5202942110638205
6.865870832759903,6.053875807229379,0.0,6.053875807229379,0.0,8.517393171418904,6.225669020261616
6.873408813519407,7.932749731770371,6.6396405120228845,7.612465350906535,0.0,8.412054873292933,7.2446484948363
5.566087588614013,6.303241492563807,5.5542765468038695,5.666426688112432,0.0,7.313886831633462,5.955344678164216
7.927970191398533,5.825941108589908,0.0,5.825941108589908,5.2942351656924425,8.006700845440367,6.951194344861772
7.174928197166328,6.984614463079161,6.740507539205393,5.459159891664867,7.641157325275204,8.517393171418904,5.106431773819423
7.051280512156832,6.7884761246982155,0.0,6.7884761246982155,0.0,6.90875477931522,6.5864087495041375
6.4526614545179095,6.723171164533923,6.723171164533923,0.0,0.0,8.699681400989514,6.211128856874658
8.671063883136197,8.313854718375596,6.230481447578482,8.181163656788035,0.0,9.350189267092581,7.620313769597382
8.503581067394311,6.293419278846481,6.293419278846481,0.0,6.269113077125858,9.350189267092581,7.069709591113522
5.845086551967479,8.189799618728228,7.596417416757409,7.386439869415712,0.0,8.699681400989514,7.977222313732472
6.612745047710549,6.87086305279773,5.63293073368425,6.529856698591778,5.88930715153486,6.90875477931522,6.001156817438675
7.058673611541909,9.296905149255005,8.967349917385626,8.026963997448897,0.0,9.392745258631441,9.287301481630827
2.4380826514471097,6.008641180478599,6.008641180478599,0.0,0.0,8.77971129020447,6.72473131796008
5.5491852151270695,6.443208732736873,0.0,6.443208732736873,0.0,7.824445930877619,5.667207687551229
7.012270964171179,5.25227342804663,5.25227342804663,0.0,7.311513324888348,7.313886831633462,6.679837668711616
2.7915982655201126,4.283862385886651,0.0,4.283862385886651,0.0,7.313886831633462,4.028569490203852
6.964092629452902,0.0,0.0,0.0,6.613681278950685,7.824445930877619,6.213792618008404
8.476072700475358,0.0,0.0,0.0,8.48165423744603,8.517393171418904,8.693843794203522
3.769608710674227,0.0,0.0,0.0,5.567287854100365,7.0909098220799835,6.091172721087849
6.412511403462073,0.0,0.0,0.0,7.757848595581052,8.294299608857235,6.39905659833477
2.1917432489324966,4.534747721691546,0.0,4.534747721691546,0.0,8.006700845440367,5.03430089493771
6.834091023909891,7.187294286491451,7.187294286491451,0.0,0.0,8.412054873292933,6.270893784657277
6.712874925199338,6.895945821022639,6.77266839148821,4.75030895165433,0.0,8.77971129020447,7.381563477915516
3.866465608232184,7.681357389932466,0.0,7.681357389932466,0.0,8.006700845440367,7.585945189708971
3.778622027156445,5.8634607065236155,5.653506206781466,4.214347354616797,0.0,8.517393171418904,7.084078119400022
4.571941239097572,6.450944243522384,5.303304908059076,6.071430328745864,0.0,7.601402334583733,6.409477839746569
6.7920836280334935,8.005707349754367,7.508798135486443,7.069023426578259,0.0,8.853808274977197,7.696435196396932
7.284409275045431,0.0,0.0,0.0,8.32311513257952,7.824445930877619,7.93540393226893
4.295555625295736,6.126213947659596,6.126213947659596,0.0,0.0,7.0909098220799835,5.7471222153917605
6.00648209956448,6.246378046510994,4.248495242049359,6.102871744682113,0.0,8.412054873292933,5.643647941268478
6.753218309888119,7.581301611887022,5.727433894987482,7.411556287811163,5.608880917354329,8.006700845440367,7.623062429650501
6.980316364680824,2.513656063073986,0.0,2.513656063073986,0.0,7.0909098220799835,6.0458309849243115
8.014878736673973,0.0,0.0,0.0,7.775996664333693,8.987321812850125,6.362093413405431
6.394277464599187,5.845715970544868,5.670914871030584,4.033355290595671,7.207045328671463,7.824445930877619,7.614631673592142
3.788810079563963,5.734052997674449,0.0,5.734052997674449,0.0,7.601402334583733,5.805470373505454
4.388474415486527,5.818241473299286,5.602118820879701,4.195395806291828,0.0,8.006700845440367,6.028087217596167
3.588209310332934,5.610716441536654,0.0,5.610716441536654,0.0,7.313886831633462,5.9592569280215
8.552323726375825,7.354835666876581,6.888562265833489,6.369472808983107,7.275311277249213,9.105090961257085,8.235207855835846
4.398123703881715,6.994849985833071,0.0,6.994849985833071,0.0,8.412054873292933,6.924505927254115
7.092743447205429,6.077733982260158,6.077733982260158,0.0,0.0,7.0909098220799835,6.533728799793882
3.470775650659433,5.707110264748875,0.0,5.707110264748875,0.0,9.350189267092581,6.4300096891496255
5.177068869360201,7.504193301624049,7.3874864419863835,5.303304908059076,0.0,8.294299608857235,7.522378201939503
6.557357273780167,6.459654031788109,0.0,6.459654031788109,0.0,8.412054873292933,6.790403674495941
6.102382071204251,7.366166980691874,6.554801972579857,6.77986508767622,7.902638334061368,7.824445930877619,8.292520797016786
8.034237000344591,0.0,0.0,0.0,6.604828052796664,8.612685172875459,6.941752384359084
3.4692157162199906,4.709530201312334,4.709530201312334,0.0,0.0,8.987321812850125,5.434560494717011
6.224029152599504,7.45662785038503,7.2457620518857775,5.79954709664058,0.0,7.824445930877619,7.738214054004488
5.180872230672092,4.694919478131699,0.0,4.694919478131699,0.0,7.313886831633462,4.052855730832219
4.5595191441146845,7.244620295598045,7.244620295598045,0.0,0.0,8.922791623969637,6.15838274984731
6.496684927306794,6.628226544220058,6.181878273799273,5.6103505298636485,0.0,8.77971129020447,7.734332586476908
2.2823244248131545,7.373047828497754,5.392718041969521,7.225248549005547,0.0,7.601402334583733,7.311248591712214
8.041547504454455,0.0,0.0,0.0,7.668909453411361,9.210440366976517,9.35092052995642
6.719488400133759,6.543753559656944,0.0,6.543753559656944,0.0,7.313886831633462,7.578447705514821
0.0,4.5591262474866845,0.0,4.5591262474866845,0.0,7.313886831633462,0.0
8.380906962225817,0.0,0.0,0.0,5.667987852943261,8.412054873292933,6.949077072741941
4.305422954676654,4.370586444531326,0.0,4.370586444531326,0.0,8.294299608857235,4.550913019457134
2.0853592474688467,5.77476891322269,5.77476891322269,0.0,0.0,8.006700845440367,5.658733688296066
5.871822312023435,7.637494721341672,7.637494721341672,0.0,5.175170219108804,6.55250788703459,7.399311417190631
8.684825137408458,0.0,0.0,0.0,8.86783498601434,8.987321812850125,7.0538541950423275
2.2538132486568045,4.877637092633392,0.0,4.877637092633392,0.0,7.313886831633462,4.179691485332143
8.038457688965027,8.410465074351105,6.982816368204016,8.136488986249532,0.0,9.210440366976517,8.25703782294072
7.811773481293607,0.0,0.0,0.0,6.476677902617435,7.824445930877619,6.40148623488808
7.201916434521188,7.212862153944133,7.10779395658125,4.915005063081005,6.8362160464822646,8.294299608857235,6.317539629083
5.137819182204117,7.349102198978068,7.349102198978068,0.0,0.0,9.711176264112805,7.561143957126075
2.9503415771408865,5.336046583358044,0.0,5.336046583358044,0.0,7.601402334583733,5.560765231367075
5.664671789316304,7.444248649496705,7.444248649496705,0.0,0.0,7.733829502771792,8.54121254424738
3.6638956416289905,6.154050974327735,0.0,6.154050974327735,0.0,8.294299608857235,6.614531002182322
2.258736752872715,5.014295254927743,5.014295254927743,0.0,0.0,8.517393171418904,6.105634661796116
2.1050300942595,5.030568631803706,0.0,5.030568631803706,0.0,6.90875477931522,5.395652381353284
2.813447696076293,5.0004502690378905,0.0,5.0004502690378905,0.0,8.006700845440367,4.928018667845642
6.8629242559102215,6.090336557872605,3.8426729272933526,5.981212170643631,0.0,6.90875477931522,6.529550407708776
6.719321158879373,5.645340884956954,0.0,5.645340884956954,0.0,6.90875477931522,5.703144394459658
7.813194350795966,7.748843901891596,7.448345509053281,6.401701584761545,0.0,8.612685172875459,6.474073698124947
3.149406339819048,6.1070228877422545,5.25227342804663,5.556828061699537,0.0,8.006700845440367,7.141499150256859
7.475953086670957,5.8005158836135084,0.0,5.8005158836135084,4.0865841613874885,7.496097345175956,6.672374226458588
3.2048254997134173,5.5254529391317835,0.0,5.5254529391317835,0.0,7.0909098220799835,6.166147888111998
7.5431733851416585,4.9953862833335165,4.9953862833335165,0.0,8.086526272903496,8.006700845440367,7.9438783287653845
5.451640611288138,6.3165507799334994,4.343805421853684,6.168899182328542,4.35199666495037,6.2166061010848646,7.025514204125642
2.895472725810007,7.057036981697891,0.0,7.057036981697891,0.0,8.853808274977197,7.37061334879212
8.465469006524495,0.0,0.0,0.0,6.846292279575402,9.305741456739435,7.13784142422248
3.4647966180598977,5.770412556953964,5.770412556953964,0.0,0.0,8.922791623969637,4.646293971764784
5.310560092606854,7.672916097250517,6.460436394249584,7.32052696227274,0.0,8.517393171418904,7.576877137988517
5.778924430160087,7.318486496762802,6.701984935725272,6.543767950320282,0.0,7.824445930877619,7.35773375848791
7.030137184053653,0.0,0.0,0.0,7.234268244145929,7.313886831633462,7.151541764043991
4.611586825255298,6.520149735174739,6.487196837426318,3.1354942159291497,0.0,8.006700845440367,6.697871426763881
6.48064900498101,7.836227514158337,6.92295911272441,7.324041625721884,0.0,8.922791623969637,7.755901983713308
7.251526685303134,8.42741070572173,7.467336780615505,7.9450983631350125,8.26475417968548,10.308985993422082,8.661088000502913
5.277742140874578,7.631664421192123,7.386508022860121,6.1079578625437865,0.0,9.04793908261736,7.569883689861542
8.818776379834226,5.29811734654537,3.3178157727231046,5.1553703572281036,8.856530427290572,9.305741456739435,7.757425444940289
7.755123179487903,0.0,0.0,0.0,7.522774027390138,9.179984251961283,6.690245728089819
7.529121562800703,0.0,0.0,0.0,5.719729918836416,8.294299608857235,6.3312945454894685
6.826035251894558,6.138439543186145,6.138439543186145,0.0,6.972376563257245,7.0909098220799835,6.245795752005606
8.116327607759183,8.69423751474249,8.520603370141453,6.858922113888179,0.0,9.350189267092581,8.010852110705304
6.855101596528305,6.182911011678937,6.182911011678937,0.0,7.162267899811032,7.601402334583733,5.981181234622583
6.354427066997412,7.382441676932238,0.0,7.382441676932238,0.0,6.90875477931522,7.520538880894961
8.028870517034676,0.0,0.0,0.0,6.383922281599049,8.160803920954665,6.541227480410704
6.646236860186314,6.01515665936477,6.01515665936477,0.0,0.0,7.824445930877619,7.648240175609743
7.083290886548883,0.0,0.0,0.0,7.505955925760527,7.601402334583733,5.675694361121661
7.444903029495451,7.437294702192228,4.819474788635096,7.362169268822165,0.0,8.922791623969637,7.058024352829008
5.4418926159738215,0.0,0.0,0.0,6.8344417393371755,8.006700845440367,4.6326160779944665
8.469548079574096,7.970754206837377,7.857411152022911,5.740500057591364,7.235511905490132,9.90353755128617,7.173033286681607
8.009251691563549,6.282752610153747,5.9040258060840785,5.1343267664388055,0.0,9.680406499268875,8.009343790967176
7.535081962891604,8.077524761966576,5.344676005526054,8.010611881128613,7.76980382496949,8.612685172875459,6.108278684645252
7.283959873942808,5.58724865840025,5.58724865840025,0.0,5.132936492650318,7.313886831633462,5.655874618638432
7.594662187984815,0.0,0.0,0.0,6.7729222487376575,8.77971129020447,6.483430820542161
3.61562990187393,5.755742213586912,0.0,5.755742213586912,0.0,6.90875477931522,5.6875903908961005
4.873948650804387,7.268913159528325,6.613370795470681,6.53813982376767,0.0,8.294299608857235,7.218275222859686
5.337432732806375,0.0,0.0,0.0,6.217932703792187,8.006700845440367,6.843597320088235
7.084724335838327,7.189786414925068,6.908874652250053,5.785976712282188,6.8196720630510494,8.699681400989514,6.415878872710116
3.9428331797168,4.442651256490317,4.442651256490317,0.0,5.561087002687482,7.601402334583733,6.163428652290524
4.144793698741969,5.936533063581764,0.0,5.936533063581764,0.0,7.824445930877619,6.309737021800563
4.059497753586965,5.796361655949294,5.796361655949294,0.0,0.0,8.77971129020447,6.084147264517782
2.242974675448545,4.110873864173311,4.110873864173311,0.0,0.0,8.699681400989514,5.526072607655349
2.8220290916466326,5.510561736993246,5.510561736993246,0.0,0.0,6.2166061010848646,5.0165278720410615
3.8201928074570044,5.644386264699545,5.644386264699545,0.0,0.0,8.922791623969637,5.997585396431808
7.75949656955243,0.0,0.0,0.0,8.454928396788967,8.987321812850125,8.707977209863454
8.060134158367266,6.734175402124937,6.705210606499148,3.2188758248682006,4.582560062760752,8.294299608857235,6.608439681393477
7.6352389498515745,0.0,0.0,0.0,7.1599407385828755,7.824445930877619,6.410529135000624
0.0,5.586349377764106,0.0,5.586349377764106,0.0,7.313886831633462,5.666915001394044
2.765810048859331,4.107589788972121,4.107589788972121,0.0,0.0,6.2166061010848646,4.597251304244246
7.2213253758201805,5.448503053311921,0.0,5.448503053311921,0.0,7.824445930877619,4.684373230473907
5.70653009648381,6.175867270105761,4.875197323201151,5.860786223465865,6.034443300550744,6.90875477931522,4.744676782721848
0.0,0.0,0.0,0.0,5.540821223819353,6.2166061010848646,7.799315724606277
7.070799124837212,0.0,0.0,0.0,7.009734618601285,7.0909098220799835,3.361512830285889
7.060584232285028,0.0,0.0,0.0,8.035280433488067,8.160803920954665,5.5047345854351395
3.2771426575183247,4.1515122352784415,4.1515122352784415,0.0,0.0,7.438971592395862,7.401547600820264
8.201744190570977,6.390039304511392,4.90453376321371,6.1355216001014075,8.096479937365917,9.105090961257085,6.598227531232177
5.1094736546657415,7.306719300747941,6.823808292856216,6.348789279888211,0.0,8.160803920954665,7.527840930137652
8.000225054986732,7.210463885450541,7.210463885450541,0.0,0.0,9.210440366976517,6.664249766598774
8.117069633195529,0.0,0.0,0.0,7.96832417901839,8.412054873292933,7.058600964756889
7.005657278935149,0.0,0.0,0.0,3.6871428721279003,7.650168700845001,5.681098180543558
6.151230705580843,8.334505167481401,8.076061526651237,6.8560408432954585,0.0,8.294299608857235,8.283980658115093
4.173279964751824,5.218191322068752,0.0,5.218191322068752,0.0,7.313886831633462,4.956220628029582
6.810818541249402,0.0,0.0,0.0,7.706958424219171,8.006700845440367,7.280038597013738
6.684229148243752,0.0,0.0,0.0,7.5319853091167905,8.006700845440367,5.203265296930412
1.5582778723256987,5.078916801512661,0.0,5.078916801512661,6.780346234478268,8.412054873292933,6.875194851046127
7.156833726542505,0.0,0.0,0.0,5.920685546620477,7.313886831633462,6.358264511838726
6.761723668297784,3.6454498961866,3.6454498961866,0.0,0.0,6.90875477931522,5.108025617990861
3.9377417255364295,0.0,0.0,0.0,6.357491725006281,6.2166061010848646,6.238991703274589
3.5501334604880337,5.452967921416946,0.0,5.452967921416946,0.0,7.496097345175956,5.498835392174923
6.329574358243279,8.46823611331745,7.975282734949624,7.5250629892102125,3.0411996376182984,8.294299608857235,8.19801211967463
7.890949010160855,7.29346655860344,7.264331218020046,3.7665346986795405,7.673814800928405,8.006700845440367,8.305990507581422
6.70414664879087,6.725873625416567,6.725873625416567,0.0,6.631178115486122,8.294299608857235,5.584389161949354
7.077864662309402,4.613138355637268,4.613138355637268,0.0,8.145120174730915,8.006700845440367,8.160211196056327
1.4348461635500869,3.847377811934615,0.0,3.847377811934615,0.0,8.006700845440367,4.507563950263634
3.5341877821434804,5.836125661643914,0.0,5.836125661643914,0.0,8.517393171418904,5.8929503198212165
5.5701083213656695,7.970591847023492,7.433447840130127,7.093354790739974,0.0,9.210440366976517,7.851120096122364
7.886236231518325,5.18526064425574,5.18526064425574,0.0,7.513226586915029,8.294299608857235,6.3598012459343956
2.2058017986891514,4.836281906951478,0.0,4.836281906951478,0.0,7.313886831633462,5.055869033741857
4.761643332514797,0.0,0.0,0.0,7.333281511038702,7.496097345175956,4.704328814640751
4.253878156704989,6.378460138932485,4.280824129164719,6.249434555574237,0.0,8.853808274977197,7.376304722662374
4.136579781669425,5.5254529391317835,3.6888794541139363,5.356586274672012,0.0,6.90875477931522,5.647412117276999
1.1253700843722525,3.3138223021771545,3.3138223021771545,0.0,0.0,8.922791623969637,4.37667897389018
8.036958079890775,4.124226936703971,0.0,4.124226936703971,7.767464293800664,8.160803920954665,6.753666920379538
6.337402338327892,0.0,0.0,0.0,3.6375541065811103,6.398594934535208,5.484162088865916
2.458269767078837,5.707110264748875,0.0,5.707110264748875,0.0,8.294299608857235,5.912982042933735
7.63440893470198,6.676680357341647,6.093344010929153,5.8630059802041785,6.1036627387370235,8.160803920954665,6.5486950969090385
6.874956014047903,6.9975959829819265,6.9975959829819265,0.0,5.5142334303842935,8.922791623969637,7.112773184799839
8.31892660472291,0.0,0.0,0.0,8.504040413214051,9.392745258631441,8.008371063644471
7.318540871511323,5.347583607850955,5.347583607850955,0.0,0.0,7.496097345175956,6.097238863638417
7.706102202826723,7.9674257489356295,7.192054134805221,7.350895033903842,0.0,8.412054873292933,7.212683753338634
4.5360965540972495,5.9193238693303,0.0,5.9193238693303,0.0,7.601402334583733,5.331776073682547
8.184378473033027,8.645535393449912,5.3980721996850285,8.606069994083661,0.0,8.006700845440367,8.466611141297664
8.115012495317075,6.67430883467203,0.0,6.67430883467203,8.517785542141901,8.517393171418904,7.190404683277187
7.666175732089964,5.717126380747781,2.305580601973844,5.68697535633982,0.0,8.006700845440367,7.322358904683854
5.389040701937881,7.798198832010739,7.428267832577658,6.6258166811574215,0.0,8.922791623969637,7.613329904960608
3.9474630809687903,0.0,0.0,0.0,6.795640249536824,7.313886831633462,7.149343190467196
5.768438938838218,7.141466792158388,7.141466792158388,0.0,0.0,9.259225769705994,7.209001134758484
4.617180877987261,0.0,0.0,0.0,5.210272543009157,8.006700845440367,5.175649652752496
2.10032263134401,4.489085706967289,4.489085706967289,0.0,0.0,7.313886831633462,6.317906745288747
7.466728618877719,0.0,0.0,0.0,7.928545067324678,8.006700845440367,6.207378705218481
6.254682883290832,6.26530121273771,0.0,6.26530121273771,0.0,6.90875477931522,7.314191040520471
8.371303973640401,4.772631879875022,4.772631879875022,0.0,7.9184213782232264,8.987321812850125,7.091177844443544
7.941824375568434,6.541780078560385,6.541780078560385,0.0,6.458470247991305,8.006700845440367,7.5226909857608115
4.8425624288341425,6.447305862541213,0.0,6.447305862541213,0.0,6.90875477931522,5.9266378911302215
8.242578361981575,0.0,0.0,0.0,5.212286501426768,8.294299608857235,6.821526470614883
8.36065354912248,0.0,0.0,0.0,9.435760632819282,9.259225769705994,9.193991010974628
6.804124151514588,7.531847086101925,7.531847086101925,0.0,6.370445611888153,8.006700845440367,6.519083113314877
6.756766853454237,6.922259581184945,6.449095069196826,5.949287468208796,0.0,7.824445930877619,6.607678430346936
8.785516925378948,7.863078244710005,7.79298868639095,5.17592371833397,0.0,9.680406499268875,7.700933482700544
7.492743919729713,6.9136379421402925,6.9136379421402925,0.0,0.0,7.824445930877619,7.9003178860536005
8.076174624709264,6.615368824925767,0.0,6.615368824925767,0.0,7.824445930877619,0.0
7.546818353934823,8.32501764312833,8.018592537272816,6.993850403006858,0.0,8.77971129020447,8.082162075255567
2.1410527354975613,4.564348191467836,4.564348191467836,0.0,0.0,8.294299608857235,6.3078805653172205
7.074268154448792,5.456815724368715,5.456815724368715,0.0,0.0,9.546884034617925,6.397577050610518
8.081197084689741,6.206575926724928,6.206575926724928,0.0,8.479783486948335,8.612685172875459,8.600780313364043
8.848571818032061,7.990553176755884,7.990553176755884,0.0,0.0,8.987321812850125,6.9755023927016655
5.911692256410146,6.93759559499302,6.93759559499302,0.0,0.0,8.77971129020447,7.240384878549721
0.0,4.21582445975981,0.0,4.21582445975981,0.0,8.294299608857235,0.0
1.6903546380426588,4.570475216191205,3.136797713832594,4.311604170377335,0.0,8.412054873292933,5.234028499577604
3.7388546063837516,6.026614485890782,4.9001505609209834,5.638354669333745,0.0,8.699681400989514,6.167389665236246
8.192104426211493,7.783936262628416,7.299959515773461,6.827054855060682,7.504564332230707,9.350189267092581,8.272018752221145
8.075762775344685,0.0,0.0,0.0,7.750858550224888,8.294299608857235,7.711399962259823
5.829483828631021,4.945207488773801,4.945207488773801,0.0,0.0,7.0909098220799835,6.778209774426784
6.169957617926441,7.2030408712731,6.978688932599156,5.602118820879701,0.0,9.04793908261736,6.994140310608457
8.219583465686151,7.124800271834477,6.441584295756578,6.423246963533519,0.0,9.305741456739435,6.74479401872936
5.968728687639413,0.0,0.0,0.0,6.140504961026013,7.824445930877619,5.52779475668832
7.719972148882274,7.194436851100335,7.186976660516051,2.388762789235098,0.0,9.433563920090563,8.427900095539346
7.8087356263832435,0.0,0.0,0.0,5.7349506542940825,8.77971129020447,9.027586397062988
9.138912636361983,9.105942725943914,9.079818161503898,5.452325179027384,0.0,9.61587214452889,8.617794870330995
8.37953498387838,0.0,0.0,0.0,5.7268007692850365,8.922791623969637,7.0813747463536725
4.158833785269541,6.6601909531262455,5.673323267171493,6.195832943095858,0.0,9.105090961257085,6.654927800761119
3.1730214390811713,5.147494476813453,0.0,5.147494476813453,0.0,7.313886831633462,5.033813589955881
8.459737589585018,7.67076894931343,7.165323445150629,6.747527839661248,4.9941515743283835,9.433563920090563,6.939400345208348
7.124933852738294,8.199395495059832,8.130721559800607,5.491001710377538,8.767239072720436,8.853808274977197,9.077469306316386
3.9159759422685583,6.551080335043404,6.551080335043404,0.0,0.0,7.496097345175956,4.261854733887417
6.49781718597597,0.0,0.0,0.0,6.875845556090892,7.0909098220799835,4.690581203084681
8.43121304572479,5.811978965133235,0.0,5.811978965133235,4.368895510080629,8.517393171418904,7.119481529865268
5.139554392258258,7.586544881024828,6.918546840060336,6.868640160253568,0.0,9.392745258631441,7.40538150896376
7.9459849020808715,7.942799242387084,7.942799242387084,0.0,0.0,8.922791623969637,7.048991376864642
1.3558988114027977,5.5254529391317835,5.5254529391317835,0.0,0.0,7.601402334583733,7.245813848140877
3.8752275601337884,4.890349128221754,0.0,4.890349128221754,0.0,7.824445930877619,5.591202599054553
6.394641335675606,7.266128779556451,7.0909098220799835,5.442417710521793,7.645910920171271,7.313886831633462,8.302292309771039
7.96338999250673,3.3379025312898416,0.0,3.3379025312898416,7.898699593337625,8.517393171418904,6.230955657957611
8.117048981786818,3.708682081410116,3.708682081410116,0.0,8.270961829209554,8.987321812850125,7.501475336996858
2.6547433018250093,4.699024761459715,0.0,4.699024761459715,0.0,7.313886831633462,4.262307483767884
6.988524014418338,0.0,0.0,0.0,7.7947531900945375,7.0909098220799835,7.301693758686
6.657518206858901,0.0,0.0,0.0,7.547173425885484,9.105090961257085,7.717065899027025
4.817730079459927,7.145196134997171,5.516970852589382,6.927675546417268,0.0,7.824445930877619,7.1424037343524125
7.388308388144497,5.602118820879701,0.0,5.602118820879701,7.860672387781532,8.699681400989514,8.141877714082856
6.075575007170511,8.387779025654691,8.247738650238773,6.354491772518179,0.0,8.699681400989514,8.31334097200311
6.711375566957324,0.0,0.0,0.0,6.755443927386449,7.313886831633462,7.546186207196698
2.154753654636371,4.715637639014062,0.0,4.715637639014062,0.0,8.294299608857235,0.0
7.264813004450671,4.790321069792205,0.0,4.790321069792205,7.8494504749958285,7.0909098220799835,7.842366283536961
7.189197029312095,7.530458535787816,7.530458535787816,0.0,0.0,8.38958706681109,6.862718472943106
7.083220150679042,7.53143983488124,6.910970105884079,6.761074959732492,0.0,8.006700845440367,7.389492863442323
7.855997878305626,0.0,0.0,0.0,8.272070267694255,8.006700845440367,7.501505125390012
5.921220307271861,7.946918296505184,7.8271771038645,5.768352245305501,0.0,9.210440366976517,7.667830677297627
7.15596771316135,0.0,0.0,0.0,5.983244862871663,7.313886831633462,5.987610035513556
6.883888748666829,9.168173723814293,8.97686109055205,7.420794451041448,0.0,9.392745258631441,9.094634680258523
4.813109691344645,7.009336662707883,0.0,7.009336662707883,0.0,7.824445930877619,7.009277616950695
7.141745389120191,6.0063531596017325,6.0063531596017325,0.0,0.0,8.853808274977197,6.3759631835157355
4.973652476053371,7.484233802734878,6.590136199445042,6.959284545526068,0.0,8.853808274977197,7.1733867564456
6.945818768964742,4.646983688801502,4.646983688801502,0.0,6.166398499292258,7.824445930877619,5.791944128157403
7.570224843671916,5.812756453883862,5.7404036581118465,3.192531849528599,7.91569371196596,7.601402334583733,6.766460896169693
8.741678308987876,9.13021107722076,9.114076137206117,5.002132581604506,0.0,9.148571345578551,7.6686910350890285
2.7453480410782203,4.506233438128068,0.0,4.506233438128068,0.0,7.313886831633462,4.285539701516835
3.694901311282337,5.301113453850038,0.0,5.301113453850038,0.0,8.006700845440367,7.352231734097251
6.7713626277155505,3.044522437723423,3.044522437723423,0.0,5.288391250251694,7.601402334583733,5.632161767717826
5.202633392891493,5.589642793914616,0.0,5.589642793914616,4.5673172482034605,8.160803920954665,7.0681515163622315
8.320729974157194,5.6373221079559315,5.6373221079559315,0.0,9.141876420086597,8.517393171418904,9.06288227161116
4.082840864352178,6.214608098422191,0.0,6.214608098422191,0.0,7.313886831633462,6.2678987468694105
8.642380374375398,0.0,0.0,0.0,9.259975185995142,9.259225769705994,7.163755965692506
7.201671388880335,0.0,0.0,0.0,5.501406436293442,7.313886831633462,6.244408023047709
3.8013662449486496,6.047939394035961,5.852891897244042,4.330733340286331,0.0,8.006700845440367,5.64133194104361
4.722507300013979,7.237735056557469,0.0,7.237735056557469,0.0,7.170888478512505,7.213230950955178
4.937986734430594,7.283915152697713,7.1219953113443655,5.387975238478572,0.0,6.2166061010848646,7.194382615395371
4.2763391766873475,0.0,0.0,0.0,7.539909275596219,6.90875477931522,7.529157660509288
3.9195701142214188,6.297735274996073,6.297735274996073,0.0,0.0,7.901377353792616,5.963435556932022
8.365664036986612,0.0,0.0,0.0,8.413179177262686,8.922791623969637,6.840693838224289
6.925665717217187,0.0,0.0,0.0,8.368976483799626,8.412054873292933,8.515852761641515
4.937772020829531,5.795875363313123,0.0,5.795875363313123,0.0,8.517393171418904,5.2453551117995625
5.671732989604449,7.104719112512962,7.104719112512962,0.0,0.0,8.517393171418904,6.671513798069149
4.327517358767406,6.318427427061189,5.520260197285728,5.723585101952381,0.0,6.90875477931522,6.14874858142032
2.8676949039651856,5.400332291954767,5.400332291954767,0.0,0.0,8.517393171418904,5.714326770991134
3.951336156616593,6.070576052116096,0.0,6.070576052116096,0.0,8.294299608857235,6.994302371208274
7.306681972837586,7.098838341444664,6.792344427470809,5.7700694663278895,0.0,9.433563920090563,8.829468813112754
4.072522176586594,6.6508739556830685,4.454347296253507,6.534457219167996,0.0,8.294299608857235,6.648876592124993
4.6096205583740035,0.0,0.0,0.0,6.95279230225451,7.0909098220799835,8.8739907107423
5.231398275434249,7.662848560761042,7.333545753551547,6.393607476218841,0.0,8.853808274977197,7.6009024075420815
7.989373198922245,0.0,0.0,0.0,7.339722887349498,8.006700845440367,5.339690103781678
4.859000322774675,6.990403819292026,4.911919321157098,6.857787421604214,0.0,6.90875477931522,6.152977143547456
2.9451874358449537,4.879006851617819,0.0,4.879006851617819,0.0,7.313886831633462,5.181077211005574
2.061848945464919,4.74493212836325,4.74493212836325,0.0,0.0,7.601402334583733,6.987334498030644
7.554633230219578,0.0,0.0,0.0,8.434990322490135,8.594339400592892,7.658960516664963
6.083896427215505,6.183426980938617,6.183426980938617,0.0,0.0,8.699681400989514,7.3125199044762965
7.128476716144709,0.0,0.0,0.0,6.424408357036739,7.496097345175956,5.798564521083248
6.927688923185423,9.132457746311456,7.752373838961771,8.842841344144677,0.0,9.105090961257085,9.073107816662779
7.5207166435040325,7.5225300228556815,7.5225300228556815,0.0,0.0,8.131824785007195,7.123090839113915
6.86006786191356,8.264530712065497,8.168670640519322,5.87493073085203,7.651092963729985,8.160803920954665,8.249089160258775
7.522810559846376,8.185665112280413,5.993362744391062,8.067578684111735,0.0,8.81001204797317,8.501915742220294
7.075684075127493,6.622443727956317,0.0,6.622443727956317,2.972006479693734,7.0909098220799835,6.986105656395354
5.950305623437641,7.997636226860043,7.81605416092674,6.204194060073319,0.0,7.0909098220799835,8.23060161961909
7.28674197218707,0.0,0.0,0.0,5.390140984443988,7.313886831633462,6.080451273684345
5.099696358485179,7.36997872090891,0.0,7.36997872090891,4.715562627246595,7.824445930877619,7.364015671091263
7.242236113363179,8.224257342015909,7.820178541829802,7.123672785204607,6.2872234495998285,7.824445930877619,7.346960734795543
5.421782115105271,6.3038636220966,0.0,6.3038636220966,0.0,8.77971129020447,7.00212260079917
6.121511644118479,0.0,0.0,0.0,6.9965285359492935,7.0909098220799835,5.105076308406876
7.488238818644015,0.0,0.0,0.0,4.870775285579437,7.496097345175956,5.665655854764548
6.28467802247973,6.716122507057045,6.085796976342696,5.958528046861717,0.0,8.294299608857235,5.754199083700765
2.040858055454344,4.184946706904381,4.184946706904381,0.0,0.0,9.259225769705994,5.923111501246096
1.8527441830663203,4.248495242049359,4.248495242049359,0.0,0.0,7.601402334583733,4.532942380597196
8.299318427880523,4.38974675768902,4.38974675768902,0.0,8.604860357295987,9.15915233520675,8.862176561649571
7.019597654921264,0.0,0.0,0.0,4.6083195116519535,7.0909098220799835,5.610121038593293
2.824289111877815,5.017279836814924,0.0,5.017279836814924,0.0,7.3783837129967145,4.7913914457133515
6.804106354382947,2.8213788864092133,0.0,2.8213788864092133,0.0,8.853808274977197,7.341861944195646
7.842034445263982,7.011700793998581,7.011700793998581,0.0,0.0,8.006700845440367,6.263873292604143
7.524910022977053,7.8636512654486515,7.696667081526462,5.993961427306569,8.155400223852617,8.699681400989514,7.2177557592928325
0.0,0.0,0.0,0.0,6.145411686936666,8.006700845440367,8.718256727597277
6.366897435596944,6.32405425646497,6.1859616798320705,4.289774274968795,0.0,7.313886831633462,5.7974635008374085
6.225369250965641,5.828651456702071,5.298317366548036,4.948050418904635,0.0,7.824445930877619,6.722258367280674
4.9658503044963105,7.3064240106232505,0.0,7.3064240106232505,0.0,8.517393171418904,7.280074988079813
8.861991277050738,7.923985459044279,5.099866427824199,7.863174412056648,7.748734422400839,8.853808274977197,8.034035982292778
6.866850162257327,4.215086179918229,0.0,4.215086179918229,0.0,6.90875477931522,5.7158967825532345
2.7885521879063226,5.477509030333064,0.0,5.477509030333064,0.0,8.006700845440367,1.7649949742709723
0.009637410611606992,4.38502214365368,0.0,4.38502214365368,0.0,8.699681400989514,6.536132445642813
5.957812389331057,5.455021925305676,5.455021925305676,0.0,0.0,7.824445930877619,6.898450656934161
7.485036036260224,6.741311008344597,3.481240089335692,6.703396680446266,8.328009177896481,7.824445930877619,8.291683165959576
1.0443612912527733,4.22683374526818,0.0,4.22683374526818,0.0,7.824445930877619,4.71192763148494
7.517587442407487,6.9625464486648285,0.0,6.9625464486648285,8.237784163298645,8.77971129020447,7.9526283465264855
2.7730911584975426,4.70002571700077,3.927896354584436,4.096841442420688,0.0,7.313886831633462,5.016307940835937
7.653218441656224,7.674584984062936,7.235381360637841,6.641521537736225,0.0,8.343077871169383,7.6925525370638494
7.892550598618813,0.0,0.0,0.0,7.753563239591103,8.160803920954665,6.457882325179688
6.217043959302779,3.3339886319687055,0.0,3.3339886319687055,0.0,7.0909098220799835,4.66048928543705
8.325865977144682,0.0,0.0,0.0,7.423808197605588,8.517393171418904,6.987743248234477
6.926921278183452,0.0,0.0,0.0,6.576217346434976,8.006700845440367,5.576852134684517
2.4577370428117344,3.9318256327243257,3.9318256327243257,0.0,0.0,8.006700845440367,4.289170254339684
7.150490953085066,0.0,0.0,0.0,6.282693670704338,7.313886831633462,6.628729877203536
4.079729108250497,6.3578422665081,0.0,6.3578422665081,0.0,7.313886831633462,6.22739314627983
5.0410832219840165,7.310824185156821,6.848440424046457,6.318968113746434,0.0,8.412054873292933,7.205627595089866
7.419468357243871,8.376739609913871,8.247963815906674,6.265263189201137,0.0,8.922791623969637,8.242609880515289
7.408349846323223,6.608944848742513,6.479891175930494,4.508659285607248,0.0,7.824445930877619,6.786795962156273
2.7930381378723013,4.9811378233072325,0.0,4.9811378233072325,0.0,6.90875477931522,5.298171760948056
8.660990508702824,5.546153530452618,5.017279836814924,4.665794807804526,7.9966323201983185,8.77971129020447,7.234525072330659
4.313546154213653,6.320174592864931,0.0,6.320174592864931,0.0,8.294299608857235,6.362279040304014
7.984145392307022,0.0,0.0,0.0,8.928398812274136,9.210440366976517,7.697165671430664
7.260114406568961,7.420698658719129,5.617461768189674,7.241373446620443,0.0,9.04793908261736,8.947065639298271
6.054294699658319,8.309327339453246,7.437171030557926,7.768381069466263,0.0,8.922791623969637,8.36856513661713
6.94154952913455,7.767674581380544,7.372777772946313,6.648880917712129,5.904515539082459,8.006700845440367,7.648816911339718
0.0,4.795790545596741,0.0,4.795790545596741,0.0,8.294299608857235,4.955053124389382
8.676263298025397,4.1852511209097765,4.1852511209097765,0.0,9.190191732992863,9.105090961257085,8.90550663358712
8.291162334594272,4.994031544929475,3.828641396489095,4.630155438682,7.888467926945759,8.699681400989514,7.1836418049495085
7.382477545428184,0.0,0.0,0.0,7.068623725431802,8.412054873292933,8.26465649278145
7.3975566292620165,6.362855674882395,0.0,6.362855674882395,4.985185190181758,7.824445930877619,6.354460386281292
4.573554660741069,6.646390514847729,5.786897381366708,6.09807428216624,0.0,8.294299608857235,6.866929355287496
7.498538397806557,3.713572066704308,3.713572066704308,0.0,7.780420750856273,7.824445930877619,7.808072056684287
7.278122982046231,0.0,0.0,0.0,4.367761215704702,7.313886831633462,5.7584956661901225
7.146181685460331,5.123963979403259,5.123963979403259,0.0,7.0412148290260435,7.496097345175956,6.1486412446363685
6.506220231060615,5.520540494402504,0.0,5.520540494402504,0.0,7.313886831633462,7.817303978748354
3.9484131972019645,6.063203644262958,0.0,6.063203644262958,0.0,8.987321812850125,5.77118882027629
5.488945031915123,7.54426861397449,6.90875477931522,6.791086622174933,0.0,6.90875477931522,8.1467063103108
5.067417928451048,5.356916408850973,5.356916408850973,0.0,0.0,7.244941546337007,6.903662358398435
6.587350074727914,5.229128047195038,5.229128047195038,0.0,5.77494669417098,7.170888478512505,7.297043541974438
5.000772321160607,0.0,0.0,0.0,5.67820224591781,7.0909098220799835,4.75248742811429
6.368043807290045,8.652580361020977,8.237878679745847,7.572703582183379,0.0,8.922791623969637,8.642473948512253
8.574190419977649,0.0,0.0,0.0,8.126902292749122,8.987321812850125,6.902953958065966
7.924266490292152,0.0,0.0,0.0,6.17364743803827,8.006700845440367,6.482738887558248
5.614694736246658,9.051998588397119,8.971585597147754,6.49299712396238,0.0,8.517393171418904,8.924458474769557
2.567954146251027,5.620328399323409,0.0,5.620328399323409,0.0,7.313886831633462,5.741641816050498
7.281381192810117,0.0,0.0,0.0,7.462214075322095,7.601402334583733,5.5309545583096105
4.511050609134703,7.129610000111418,6.059169923461995,6.710973677845981,0.0,8.517393171418904,6.638388889657104
0.6525017329543665,5.841803772553575,0.0,5.841803772553575,0.0,8.006700845440367,5.852251990043073
6.977979443050493,0.0,0.0,0.0,6.343559929343095,8.160803920954665,6.243202904129512
5.720080746643356,0.0,0.0,0.0,7.022662946504632,7.0909098220799835,7.29481394239743
7.570262164527996,0.0,0.0,0.0,7.843784745130964,8.699681400989514,7.457768075146617
4.387416694665974,6.68564868983677,4.406719247264253,6.579015073020373,0.0,8.006700845440367,6.668745400566983
6.510087302087387,5.837438859468874,5.376111393988057,4.849840367846581,5.687604659981655,8.294299608857235,6.016869369431414
7.310347564484222,0.0,0.0,0.0,8.013515783173345,8.006700845440367,6.369607114310638
4.748074906397861,7.669644632940227,4.59511985013459,7.622820494843013,0.0,8.77971129020447,8.120440261530884
7.6026156367156865,8.160812489898243,7.504072124887631,7.43047587621107,0.0,8.699681400989514,7.390568618690625
7.66699264637979,4.74493212836325,4.74493212836325,0.0,0.0,8.987321812850125,6.36029322060337
6.850744662337292,4.6443908991413725,4.6443908991413725,0.0,0.0,6.90875477931522,5.376782012814304
8.473615227490331,0.0,0.0,0.0,9.038787190830643,9.15915233520675,6.534478758313768
7.271005956219244,0.0,0.0,0.0,4.311716664049685,7.313886831633462,5.681950375975413
1.8426246219760525,4.287028906051602,0.0,4.287028906051602,0.0,8.006700845440367,4.732837191659947
5.9039505529183955,7.389755411568292,6.90875477931522,6.428605955076688,0.0,6.90875477931522,7.220862931435596
5.778839262494307,7.973902914176195,6.84249116132974,7.584950907328013,0.0,8.294299608857235,7.947218533722491
8.160004019570708,7.208696558349374,6.255366090894359,6.723026827940738,7.569932217377681,8.294299608857235,7.540853815537326
8.221907282937725,5.846438775057725,0.0,5.846438775057725,7.8360943871928255,8.412054873292933,6.88579784732166
8.630406300937475,0.0,0.0,0.0,7.900699968180346,8.699681400989514,7.260045515224508
0.0,6.840279113857223,0.0,6.840279113857223,0.0,8.294299608857235,0.0
1.3290859754431352,0.0,0.0,0.0,4.915147849248078,8.006700845440367,0.0
8.120879792773799,4.51085950651685,4.51085950651685,0.0,7.64728546883749,8.517393171418904,7.377994713548612
6.3358691002696705,6.042775341342409,5.650241041061283,4.925077405734609,6.642375929510639,7.0909098220799835,4.269709239840248
3.4959072904307744,5.707110264748875,0.0,5.707110264748875,0.0,8.922791623969637,5.374337914633266
7.583435535126947,0.0,0.0,0.0,7.903778709620493,8.006700845440367,6.457121926327582
6.608950528920529,7.179887070085603,6.264920912295781,6.669447327148155,0.0,8.160803920954665,8.546835881012926
6.900679414997824,6.852697011231933,6.852697011231933,0.0,0.0,7.313886831633462,7.278815209995936
3.6536429773393326,5.440250862436703,0.0,5.440250862436703,0.0,8.699681400989514,5.4391923457895235
7.726310032620612,4.838818369947386,4.838818369947386,0.0,6.075373370944832,8.006700845440367,6.489494109873911
5.573136857031944,7.727861048541293,6.4224349456245085,7.412305251980456,5.683492756750649,8.006700845440367,7.714330926477876
2.746777202656385,5.305292980284462,0.0,5.305292980284462,0.0,8.294299608857235,5.285948658476592
6.726882179866691,0.0,0.0,0.0,7.260970397320891,7.824445930877619,5.199073682650011
4.763649358645004,0.0,0.0,0.0,7.533155957799282,8.006700845440367,0.0
6.172786589970936,6.646338565446435,5.9133948916860595,5.993961427306569,7.865337910697746,8.517393171418904,7.810414223598718
6.927372711679875,8.051404666124968,7.460547841569434,7.245012921377186,0.0,8.77971129020447,8.320584194056872
7.9474548612326155,6.521092297836569,5.278114659230517,6.182745845273408,5.173701444174867,8.006700845440367,7.110072197765721
7.333231356733995,6.521268929471754,0.0,6.521268929471754,3.6373069628598307,7.313886831633462,6.597068619789027
7.890254432932861,8.040630498465065,7.370658761737566,7.324417465183518,8.237770612841276,8.922791623969637,7.531947994460452
6.1799359423209665,6.875469662359167,6.3741726680935304,5.947329779743404,8.812713606786499,7.244941546337007,9.135942958692263
4.291652865720212,6.410766812004168,6.410766812004168,0.0,0.0,8.612685172875459,6.320356043819423
4.487371210204665,7.157525181764057,0.0,7.157525181764057,0.0,8.160803920954665,7.2067576197317615
8.555487416088505,4.309724722918476,4.309724722918476,0.0,7.005043858644045,9.15915233520675,7.290802633129196
5.383143948610405,7.2751030649771735,6.053499938027435,6.926871396174367,0.0,8.294299608857235,7.014722905944503
8.670931386754893,0.0,0.0,0.0,5.727059392941182,8.77971129020447,7.272325667703435
6.723250600912116,6.96606192224319,6.684661726417969,5.564520407322694,0.0,8.006700845440367,5.212427342425393
4.48878128058037,6.883462586413092,0.0,6.883462586413092,0.0,7.9105906122564775,7.566019634333587
4.3634026804695765,5.786897381366708,0.0,5.786897381366708,4.774091399557642,8.77971129020447,6.014784620636438
8.996410823066132,7.859293456410339,7.37399558580476,6.904449821973411,7.527648226157377,9.350189267092581,7.79822967083068
4.30091107044551,0.0,0.0,0.0,6.860511991182314,7.824445930877619,6.85273401064254
2.228437243122141,4.297557478047431,4.297557478047431,0.0,0.0,8.006700845440367,0.0
7.097357135795339,0.0,0.0,0.0,6.851573489030967,7.0909098220799835,7.009841923868616
6.156117014619028,8.816454465410542,8.729685013955256,6.330665201068264,0.0,8.071218539969863,8.382520219666718
7.558347566503445,6.752585746967883,6.752585746967883,0.0,0.0,8.732465848349879,6.2539528404220395
7.15836788548819,5.123368564083496,5.123368564083496,0.0,6.867029134034832,7.0909098220799835,7.218578437370514
7.188095270702165,6.118097198041348,6.118097198041348,0.0,0.0,7.496097345175956,6.425376237228269
7.469813783910836,5.508780864704872,5.508780864704872,0.0,6.15181126180453,7.496097345175956,6.863069362453951
7.417275390738046,8.136339717009987,7.764767232985471,6.967231005777246,8.331634905100268,9.04793908261736,8.469961688143556
6.272218608717802,8.513030539590135,7.9625619599127715,7.6538790863303285,0.0,8.699681400989514,8.40428314138126
1.9778201379332998,4.007333185232471,0.0,4.007333185232471,0.0,8.006700845440367,0.0
7.8313720974301155,5.771441123130016,5.771441123130016,0.0,7.76591494706335,7.824445930877619,6.31697801409037
7.282492319410947,8.446296365701063,8.256993981525735,6.689972333910023,0.0,9.350189267092581,7.055872072619214
6.911682985434517,6.96350214149654,0.0,6.96350214149654,0.0,7.696667081526462,7.011643428941373
7.204879467771924,5.418497526804142,0.0,5.418497526804142,0.0,7.313886831633462,6.429821837316377
3.9389785386081253,6.231602865798053,6.231602865798053,0.0,0.0,8.699681400989514,6.223080801487263
8.180767887733657,5.020321563685677,0.0,5.020321563685677,8.12649264909357,8.77971129020447,7.118260127712018
8.381377188083508,7.905773452414544,7.905773452414544,0.0,6.812510444642751,9.15915233520675,7.7953977033206145
7.096986609874099,5.886104031450156,5.886104031450156,0.0,0.0,8.006700845440367,5.483568951613668
4.938336793604404,6.896138059641946,6.896138059641946,0.0,0.0,8.006700845440367,0.0
7.053014106632828,8.656090412201337,8.30814976448081,7.43202808278842,0.0,8.699681400989514,8.212240140132266
3.444490847579394,5.653681451686668,0.0,5.653681451686668,0.0,7.0909098220799835,5.601927998246176
3.45608015449036,5.328167388516922,0.0,6.411424101366599,0.0,8.412054873292933,5.105837540803286
6.692540781968775,0.0,0.0,0.0,7.137776554038128,6.90875477931522,7.324351034297302
6.460160238563379,7.0931720406833945,6.808155913759382,5.702181193289227,6.575340827802612,8.006700845440367,7.958185773136463
5.583004815838377,6.846943139585379,6.846943139585379,0.0,0.0,8.699681400989514,6.625437506246505
6.359384186323957,6.9865664594064265,6.9865664594064265,0.0,0.0,8.699681400989514,6.243468520931041
3.3382856255135143,5.62040086571715,0.0,5.62040086571715,0.0,8.006700845440367,5.70568985112329
7.738031692856288,0.0,0.0,0.0,6.261521185794266,7.824445930877619,6.885296610529437
8.25103866870656,7.13740561518247,6.7357800142423265,6.033469841253012,7.982784284934234,8.922791623969637,6.7890135033814545
6.539044703675931,6.5036891917876805,0.0,6.5036891917876805,0.0,8.699681400989514,7.031190354393002
6.34120045955715,8.588841999445826,7.030238363196686,8.352811351306919,0.0,8.648396877031582,8.324822439131767
7.055324189263307,5.14166355650266,5.14166355650266,0.0,5.706775291708149,7.0909098220799835,6.266851865367557
4.985797651156158,6.276286282693802,0.0,6.276286282693802,0.0,8.612685172875459,4.970604659978854
8.194501658335966,0.0,0.0,0.0,7.302925442197869,9.472781556562168,6.849927596643746
4.78700814253296,7.1316985104669115,0.0,7.1316985104669115,0.0,8.006700845440367,7.031244955412978
7.49273511286143,0.0,0.0,0.0,4.54541730472043,7.824445930877619,6.233651616098929
5.231218765868175,5.601565162103908,5.360352757467489,4.078384542643371,7.01829904088018,7.601402334583733,5.167959145513768
7.255218549433167,5.8067000086628875,5.8067000086628875,0.0,4.072288471783998,8.922791623969637,8.10832846565086
5.958016333176457,3.24376354037598,0.0,3.24376354037598,0.0,8.412054873292933,7.2085544753245125
5.728604356939666,7.895622209345514,5.705447753975262,7.777373602657861,0.0,8.699681400989514,7.957231078317178
2.575106216871972,5.501992634666848,0.0,5.501992634666848,0.0,7.824445930877619,5.4477684132360915
5.802325145539425,7.800658646059279,0.0,7.800658646059279,0.0,7.313886831633462,7.94346495319848
7.022884514646444,0.0,0.0,0.0,6.01869400746998,7.313886831633462,6.756058483084169
4.904959476884266,4.863680881139593,0.0,4.863680881139593,5.881907259531745,7.313886831633462,6.232318375534523
6.964796908836435,5.441291535499143,5.38068045697316,2.6789646202071133,6.646381618704263,7.313886831633462,5.732550242429613
8.9757218860797,7.430226824976387,7.348143416879531,4.8969438763431254,9.018500539093157,9.825580063659602,9.895569153096394
4.12969743633081,6.890090165574571,5.946702509133986,6.398594934535208,0.0,8.853808274977197,6.773356248354312
7.084016504844702,0.0,0.0,0.0,7.125803887489995,7.824445930877619,5.961884818747488
2.80804671619718,4.9750771986955415,0.0,4.9750771986955415,0.0,6.90875477931522,4.834324023293551
1.292286108440529,2.3683728335320486,0.0,2.3683728335320486,0.0,8.987321812850125,4.2943217945670025
8.309359397399392,10.021315031649332,0.0,10.021315031649332,0.0,10.043292972227004,9.078163520289586
6.814374206852509,6.3818160174060985,6.3818160174060985,0.0,7.351397738823616,7.824445930877619,6.6221468803152606
6.797223478583518,7.060476365999801,0.0,7.060476365999801,0.0,7.601402334583733,6.8119090508295645
6.687985696926886,5.962987909115433,0.0,5.962987909115433,0.0,7.824445930877619,7.3009294169636805
5.591933629312383,7.75264023064505,7.19646931877241,6.901737206656574,6.127706855004001,9.680406499268875,7.938823799634086
5.6788006820073065,0.0,0.0,0.0,7.02051335866757,8.006700845440367,7.069027761888011
6.494462898546302,0.0,0.0,0.0,7.196862715619572,7.438971592395862,5.32979801987927
4.862643911239669,6.911946483600605,6.705724770504306,5.237133213223039,0.0,8.853808274977197,6.964746974647605
8.092227985429254,7.555648784616375,0.0,7.555648784616375,0.0,8.006700845440367,7.8455620275014635
6.083610252513202,0.0,0.0,0.0,7.201266288872105,7.0909098220799835,7.359150077972364
7.901947552916075,0.0,0.0,0.0,6.838801437447793,8.006700845440367,6.971907965382558
7.7951345921448025,0.0,0.0,0.0,8.005092486079143,8.517393171418904,6.171479961381554
5.481063591491041,6.621405651764134,0.0,6.621405651764134,7.170314787465198,8.77971129020447,7.612260955396063
7.314426807072978,7.758705034504306,7.5891081796593705,5.90350726834884,0.0,8.612685172875459,5.857192357303829
8.139425862298234,0.0,0.0,0.0,7.864087442128303,8.294299608857235,7.017220275023985
4.651978730903498,7.38326870140147,5.131495073201006,7.272794147582033,0.0,8.853808274977197,7.355185576873774
7.391628113371431,8.55035713779467,8.354085853546087,6.826653677545096,0.0,8.517393171418904,7.9094419024851765
5.526481816030876,6.190192447474403,6.190192447474403,0.0,7.032612245951412,8.412054873292933,7.950885142673656
6.498876203413135,7.098127673965803,6.934338785631824,5.213630558380843,0.0,7.313886831633462,6.497558342410565
4.5831392676945155,6.83467908205755,6.416797639853613,5.763591077345062,5.006965087118944,8.006700845440367,7.511253874173327
6.456993035644525,8.446910202371107,8.125083501355231,7.157346000311195,0.0,8.699681400989514,8.43884614364852
9.687604852327922,6.530498547137562,4.666265285347902,6.363786436622893,8.37908044680654,9.798182590890704,8.173874807315482
8.564060598749101,5.602118820879701,5.602118820879701,0.0,7.9038010322290155,8.699681400989514,7.139028882079999
7.684274997939996,6.0348592294271715,0.0,6.0348592294271715,0.0,8.006700845440367,8.270393600871312
7.0425775796512164,0.0,0.0,0.0,5.592486758266812,7.824445930877619,6.379764957721713
7.375869902679798,0.0,0.0,0.0,4.939935931667247,7.783640596221253,5.864498750850374
5.666763316567823,7.87230269941958,0.0,7.87230269941958,0.0,6.111467339502679,7.908195795392905
8.891471181816492,5.7298075324803515,5.7298075324803515,0.0,9.449627133668663,9.392745258631441,8.164406047038403
2.800301586348489,6.3556735387007945,0.0,6.3556735387007945,0.0,6.90875477931522,6.330112019758389
7.551856391407023,7.503510113533433,0.0,7.503510113533433,8.241729767384262,8.294299608857235,7.5811672108059165
7.006361973850664,7.25156481736298,6.985808316265979,5.799486516280714,0.0,9.04793908261736,6.774251936249927
3.130323610489019,4.824145060430081,0.0,4.824145060430081,0.0,7.313886831633462,4.4871561961638475
1.2769578962855923,4.2626798770413155,4.2626798770413155,0.0,0.0,7.601402334583733,5.985032988906501
7.076046156194297,0.0,0.0,0.0,3.01191817228677,7.0909098220799835,5.544112314930429
4.21718570258995,6.812719061646668,6.584819016313564,5.227465625576086,0.0,8.77971129020447,6.671530084870656
8.406850159614745,0.0,0.0,0.0,8.719312981052271,8.699681400989514,8.130541363420509
8.71123263696919,0.0,0.0,0.0,8.067794484326388,9.392745258631441,8.119381927669375
6.286048666786862,0.0,0.0,0.0,6.965034856370376,7.0909098220799835,7.190677720088134
8.526188413426846,6.8748187787358725,0.0,6.8748187787358725,6.653191368992375,8.412054873292933,8.111736240774801
4.5866842694477095,7.403012339140004,0.0,7.403012339140004,0.0,7.67368812926773,7.390974775788693
7.200431526505044,0.0,0.0,0.0,7.592552002822514,7.824445930877619,7.194967298226216
7.932987774822416,5.449449208551952,4.473123405067759,4.983606621708336,0.0,8.006700845440367,6.569254418494227
3.3814413772791108,5.3796208176120714,0.0,5.3796208176120714,0.0,8.294299608857235,5.806727997565072
3.6444408494110827,6.2139078533077985,3.952204795060978,6.106131622086108,0.0,8.853808274977197,6.190661362396723
2.494597953697246,5.1298987149230735,0.0,5.1298987149230735,0.0,8.612685172875459,5.047964418040136
2.0042321555000067,4.925222638470323,0.0,4.925222638470323,0.0,7.824445930877619,5.891679454298671
4.918934341853777,6.739277454008833,5.293304824724492,6.472269011761962,0.0,7.0909098220799835,6.760987369482043
2.6940934572839446,6.398594934535208,6.398594934535208,0.0,0.0,8.412054873292933,6.4112889420917245
7.658154734560266,6.80166116097056,0.0,6.80166116097056,5.55053847422648,7.824445930877619,7.488571802678967
4.918477043739305,6.781375396100235,0.0,6.781375396100235,0.0,8.699681400989514,7.346869461296229
5.497915499293113,7.896731257129632,5.990639206608194,7.736224123673817,0.0,8.612685172875459,7.762196497441346
8.918518008335424,7.359092010746358,6.680942504293543,6.6520110536218455,8.412119007206094,9.071193240566025,7.67968746125033
8.908814592067191,0.0,0.0,0.0,8.413724949389962,9.04793908261736,7.973782817920553
5.900497466629316,4.966474398310486,4.966474398310486,0.0,6.485162540860221,7.824445930877619,6.434477333408647
3.9921890716465507,4.110873864173311,4.110873864173311,0.0,5.62808846130126,7.0909098220799835,7.697643332235267
7.068980720134437,6.667834269928616,6.667834269928616,0.0,0.0,7.0909098220799835,6.162596908514568
7.342264838305806,6.93592476705898,6.8336457683656935,4.61512051684126,0.0,8.699681400989514,5.771063004923364
6.14920622657129,3.865769620910684,0.0,3.865769620910684,0.0,7.824445930877619,4.812624729938019
5.717208004229638,6.797270545806865,6.414114479970247,5.655991810819852,0.0,8.294299608857235,5.218301814339121
8.609359946378843,0.0,0.0,0.0,9.093573167813235,9.105090961257085,9.521769804554298
7.577219209299102,5.699071394926082,4.611052849146247,5.293304824724492,4.029267478307851,7.824445930877619,6.454853093294859
0.0,4.02266952551521,0.0,4.02266952551521,0.0,8.517393171418904,4.340560708916067
3.0427464329888148,5.664348405410794,0.0,5.664348405410794,0.0,8.006700845440367,5.625243090591934
7.481265065312595,0.0,0.0,0.0,7.365110293835967,8.006700845440367,6.094875303469905
7.4591591791875445,0.0,0.0,0.0,5.074248161948983,7.496097345175956,5.899465569966402
6.833349148999171,5.901922698446487,5.026639868237972,5.367470225236353,0.0,6.90875477931522,6.093962916229343
7.130253118669458,3.716737782242333,0.0,3.716737782242333,0.0,7.467942332285852,5.68470489944622
6.149083350322646,8.373073367252744,4.3694478524670215,8.35489070908032,0.0,8.006700845440367,8.346539107451862
7.280669391279202,0.0,0.0,0.0,8.137634889199035,8.294299608857235,6.102765895272953
3.5609128066777553,5.359224301451558,0.0,5.359224301451558,0.0,6.90875477931522,5.2452351572164
8.016156846921444,0.0,0.0,0.0,5.87073725951751,8.006700845440367,6.710626730149392
6.788585936596471,7.273425642545855,7.273425642545855,0.0,0.0,7.496097345175956,5.738647607049946
6.541793782469254,6.003887067106539,6.003887067106539,0.0,0.0,8.764209507142004,6.669798001732608
6.860613367248041,3.7032753343976688,3.7032753343976688,0.0,6.498370564242432,7.496097345175956,7.418455693709803
7.629424870060841,8.12406171046689,8.12406171046689,0.0,0.0,8.853808274977197,7.881629292671503
6.341995977755171,6.806829360392176,6.806829360392176,0.0,0.0,7.313886831633462,6.623470052045959
7.242016154488524,6.870178014626771,6.870178014626771,0.0,0.0,7.3783837129967145,6.987479267254656
2.9758795560033153,5.715381610499553,0.0,5.715381610499553,0.0,8.006700845440367,6.560763190241303
9.038452726438077,8.023381997809377,7.2974703369990355,7.3625945077081,7.663167834351558,9.417435838868785,8.101599492271502
1.8194320276102223,4.248495242049359,3.4011973816621555,3.713572066704308,0.0,8.517393171418904,5.126049380822351
8.858147659669255,8.229009659921552,6.960423627549221,7.899168325533508,5.589904495581662,9.546884034617925,7.585322160070539
8.866726666199074,0.0,0.0,0.0,7.668004585428917,9.04793908261736,7.515541633461735
7.299495129197099,6.173994415536895,5.743323649276734,5.1298987149230735,6.805365658065211,8.412054873292933,8.471274316298269
6.894120501433722,6.512205847661349,4.6443908991413725,6.346180072639659,0.0,7.824445930877619,7.4133519658545675
6.6447124284271775,7.456801115567825,6.495945083314132,6.975554104546572,0.0,8.294299608857235,5.836154082907423
9.06774494032412,0.0,0.0,0.0,8.954123997435646,9.433563920090563,9.258867802586556
3.323861158153922,5.25227342804663,4.51085950651685,4.61512051684126,0.0,7.0909098220799835,5.604546130880366
6.778796560870859,8.315378063563303,8.217748880931778,5.943009326838578,0.0,9.90353755128617,8.303264106956851
7.787480296759753,6.89886588513622,6.6510549441390845,5.387014821309323,0.0,8.987321812850125,6.5634501989819345
7.969938119050999,0.0,0.0,0.0,8.98496345142351,9.210440366976517,7.230442972400733
3.109499612638357,5.015357460431585,0.0,5.015357460431585,0.0,7.313886831633462,4.962669125349332
7.146444814851071,7.515850978882121,5.546426663879994,7.366198594547598,6.514979477504034,7.0909098220799835,8.013874471541195
8.163573827577082,0.0,0.0,0.0,8.146092074542098,8.699681400989514,6.700588549571122
1.2715524777186844,0.0,0.0,0.0,5.688447638102635,7.170888478512505,5.941635808681966
6.781043975445736,7.325517796382182,7.318910832418667,2.3978952727983707,0.0,7.438971592395862,7.502960457981093
6.767724079160446,7.063176579799967,6.76305315397449,5.7165999783668155,6.618942039001528,8.006700845440367,6.558656385590374
8.037411591646439,3.8854736701946093,4.42376820625352,0.0,7.272364406575862,8.31898612539206,8.43212268600714
7.539396275951726,6.725837640602156,6.544961654035228,4.934042185264735,0.0,7.601402334583733,6.774145843312335
8.759854281078908,10.003458671449916,10.003458671449916,0.0,9.878911768158575,8.922791623969637,10.583117936407609
7.119816928217879,6.458777058542227,2.3978952727983707,6.442985926974831,0.0,7.313886831633462,6.6112102408946285
8.476614704328973,0.0,0.0,0.0,8.410215990738257,9.105090961257085,7.034813375964373
6.5594882648433215,6.2176036074019905,5.422744944923089,5.62040086571715,6.747772339377302,7.0909098220799835,7.4467600686804705
7.201581948670867,6.061363674487649,5.808022362645325,4.574710978503383,6.428662072408606,7.313886831633462,5.792879675635065
6.82976891125831,0.0,0.0,0.0,8.79748134978175,7.824445930877619,8.547933494633838
5.210424351939241,5.604514472997532,3.8426729272933526,5.420534999272286,0.0,6.90875477931522,5.382150504532504
3.165023005056734,5.890538628518022,5.085124146086995,5.303304908059076,0.0,8.412054873292933,6.032171784643906
7.078317963764486,0.0,0.0,0.0,8.464786648544843,8.006700845440367,7.764834062097242
8.384064932151112,6.925015461316181,0.0,6.925015461316181,5.535694884595119,9.210440366976517,7.034217273944909
6.099241591606636,5.715052066914432,0.0,5.715052066914432,7.578914673183883,8.006700845440367,7.8555584382861054
7.233257630109512,0.0,0.0,0.0,5.005189184258832,7.313886831633462,5.70359564720504
8.46375110455317,0.0,0.0,0.0,8.246778020035656,8.853808274977197,7.226826702198713
5.968286238505362,0.0,0.0,0.0,7.650996699701345,8.006700845440367,7.7131544770574205
6.123485032011077,7.1718488166253005,7.1718488166253005,0.0,0.0,7.313886831633462,6.160053633245658
6.491717274266956,6.4472900145550955,6.4472900145550955,0.0,0.0,8.699681400989514,5.871729691639981
8.529033864347454,0.0,0.0,0.0,7.9780845002761565,8.853808274977197,7.43264273729901
3.7730425076456138,6.261777902898582,4.333361462692601,6.106911522966818,0.0,7.601402334583733,6.831759482007941
3.099520639031103,5.769601425693419,0.0,5.769601425693419,0.0,8.699681400989514,4.9166619496625446
6.3483556111910735,8.064853433369297,7.138859063406093,7.560965489938382,0.0,8.517393171418904,8.029052830601579
1.4630752934448081,3.8722421354163012,0.0,3.8722421354163012,0.0,7.550135342488429,6.238530512046449
7.972735451397719,5.4144100855348904,5.272691818909064,3.4236109764990554,6.231000299172184,8.006700845440367,6.966356598832345
7.154481876130499,0.0,0.0,0.0,7.794298802623453,8.294299608857235,6.10129644945007
7.222497606263107,0.0,0.0,0.0,8.667474035994886,8.699681400989514,5.779447942331453
7.52842065738001,0.0,0.0,0.0,7.3422358151936375,8.160803920954665,5.742283836189417
7.254789920769836,5.749488522745738,5.749488522745738,0.0,7.248997028372726,7.496097345175956,7.2921781853190275
5.329863978194481,0.0,0.0,0.0,7.5521534499257905,7.313886831633462,6.659608914939217
7.835394163509128,6.5808610266739995,6.5808610266739995,0.0,8.47305435809612,8.006700845440367,8.260346803250213
6.931195732338487,4.796534070766275,4.796534070766275,0.0,0.0,7.824445930877619,5.912760297466392
8.03237956442973,0.0,0.0,0.0,8.39042368970523,8.699681400989514,8.70685899707079
6.971019333957611,6.973842600109559,5.494624007908654,6.71652213165744,8.19129180951907,8.699681400989514,8.470520530703107
7.0948040175258225,0.0,0.0,0.0,7.702524064426207,8.160803920954665,7.420128118791839
3.719584152963174,0.0,0.0,0.0,6.81397291487281,7.313886831633462,8.183019946367567
7.909709894017092,0.0,0.0,0.0,5.461599013353002,8.006700845440367,6.460064205309946
4.5212812201044,6.826566915295296,5.764375723431487,6.404037666675524,0.0,7.824445930877619,6.663999268046051
5.116327148855219,5.448933234855163,4.7535901911063645,4.7665234363458495,0.0,8.366602832783736,4.521397718064923
6.606186224530591,0.0,0.0,0.0,7.257010767708387,8.006700845440367,5.145430435353988
8.065883684792526,7.82542905401104,7.8066108987829335,3.864302269216734,7.516446340915512,8.612685172875459,7.683201863728754
3.8196050172027523,6.027555367252336,0.0,6.027555367252336,0.0,7.824445930877619,7.7287406337604345
8.077790198524076,8.145709131823796,7.280008252884188,7.600177196602488,0.0,9.15915233520675,8.594577678812268
3.84736317559964,0.0,0.0,0.0,6.342022818789915,8.412054873292933,5.47710117705728
7.645396278098116,7.854381210652365,7.854381210652365,0.0,0.0,8.648396877031582,6.355265043641052
7.61001798709342,8.369354217466658,7.139565168867286,8.023870166286336,0.0,9.392745258631441,8.599995276687881
7.450107519416905,7.657656069237666,7.24140209929983,6.5816649632340365,0.0,9.105090961257085,8.400928544773592
6.776106827938512,0.0,0.0,0.0,6.618906749150054,7.0909098220799835,6.759009444627283
5.5977777886022055,0.0,0.0,0.0,7.935516346214443,8.699681400989514,8.825088159786635
7.553435178202188,8.298395184532259,6.965250302829246,7.99268775759369,0.0,8.987321812850125,7.204611917350352
7.896402051158921,5.647282667416716,5.647282667416716,0.0,0.0,8.006700845440367,8.22911128570846
4.610246141500945,5.520340290193543,5.422259175742214,3.1917101567954314,5.297933823004614,7.313886831633462,5.621301496259564
6.946565387656628,6.932213717814511,6.753321225675073,5.129069969241354,0.0,7.3783837129967145,6.7003638170119135
8.644614862445108,0.0,0.0,0.0,7.892998541529564,9.15915233520675,7.139439023610374
6.671521168956189,8.258178909486197,8.210616399395297,5.1943447761650585,6.882999000490135,8.860924729719041,9.002585314721207
7.984254002472836,0.0,0.0,0.0,8.10719306825449,8.77971129020447,9.139760591336113
7.187661526161375,0.0,0.0,0.0,5.076998555631971,7.313886831633462,6.004552134788881
5.661871748794117,0.0,0.0,0.0,8.22783304031104,8.294299608857235,0.0
6.187252989883077,0.0,0.0,0.0,6.122992094938391,7.601402334583733,6.678878017573588
5.383193789895136,0.0,0.0,0.0,6.69924450078733,7.496097345175956,7.177428938462128
5.482497536716244,0.0,0.0,0.0,6.549788332195631,7.601402334583733,5.866044411967646
4.5311089096671795,6.84642228132677,0.0,6.84642228132677,0.0,8.006700845440367,6.774247792357578
3.3574768153385417,0.0,0.0,0.0,6.17608429644989,8.517393171418904,0.0
6.939170655751263,6.988819003701865,6.988819003701865,0.0,7.203121021539556,7.0909098220799835,7.853984609703838
5.973187950484474,6.357356880096323,5.995755328525139,5.170483995038151,0.0,9.259225769705994,7.397925752889835
4.846386359197804,7.176652006530502,0.0,7.176652006530502,0.0,8.699681400989514,7.308335246866072
7.085657905837348,8.801576328359046,8.485227695409186,7.497212769499639,0.0,9.433563920090563,8.771467564933891
8.847825548227874,0.0,0.0,0.0,8.155850084539699,8.922791623969637,8.213169641915266
8.69392172923216,0.0,0.0,0.0,6.040677524260358,8.699681400989514,7.310595228374377
6.947222239698614,6.4293161709153,0.0,6.4293161709153,0.0,7.438971592395862,5.313882774594543
4.555039783600516,6.995024122824332,0.0,6.995024122824332,0.0,8.853808274977197,7.069652865886576
5.683982281557059,5.9132597328065915,0.0,5.9132597328065915,6.528741851494153,7.496097345175956,7.178155947950241
7.6995995087871885,7.573952551175484,6.258624983838966,7.262151628896122,5.27676573964335,9.105090961257085,6.710408420780928
3.7026392770550434,5.871836059652451,0.0,5.871836059652451,0.0,7.824445930877619,5.928186039819449
5.474099932330323,7.147811009760279,7.147811009760279,0.0,6.085456160257978,7.496097345175956,7.046976803183783
3.667674075922593,5.831882477283517,0.0,5.831882477283517,0.0,8.517393171418904,6.7903459975959235
3.387555114324173,5.5580628203067945,0.0,5.5580628203067945,0.0,8.294299608857235,5.732532409399541
7.376933119858492,5.610935924289849,0.0,5.610935924289849,0.0,7.346655163176539,6.3779341203332445
7.0404646976285905,0.0,0.0,0.0,7.33444471831902,7.496097345175956,7.19852189159489
7.28603770626835,0.0,0.0,0.0,7.473236811465836,8.160803920954665,6.75430147328169
1.196143031499477,0.0,0.0,0.0,3.3824892711638728,8.006700845440367,0.0
7.068268000038872,6.714231207680189,6.352716500539821,5.5254529391317835,6.9096231813657685,7.313886831633462,7.625763398940312
5.665794034742288,5.8888779583328805,5.8888779583328805,0.0,0.0,8.006700845440367,4.733371843272445
1.5881928252927566,5.212160170096862,0.0,5.212160170096862,0.0,7.313886831633462,5.30870443370119
7.774241037422075,0.0,0.0,0.0,7.792179904875508,8.517393171418904,6.282154877087411
8.454396428270497,0.0,0.0,0.0,8.337041232382035,9.392745258631441,9.096076812018019
3.436329684541654,6.13770545558085,6.13770545558085,0.0,0.0,8.699681400989514,6.853297780619219
3.8185625578139333,6.821837848868918,0.0,6.821837848868918,0.0,7.313886831633462,6.981543336897327
3.3792761236520317,5.4638318050256105,0.0,5.4638318050256105,0.0,8.699681400989514,5.595188797218424
6.324855797719554,8.227049424813499,8.142421193435425,5.718835277282493,0.0,7.313886831633462,8.169373720352183
7.56013203608785,5.485916638337356,4.637250079451503,4.934545872989001,7.657791858561899,8.071218539969863,6.639449758755718
8.484429413954063,7.158046962215359,7.040448820707603,4.966335035199676,8.750419430447822,8.412054873292933,8.55481572912875
5.426474141757307,7.699724646840295,7.699724646840295,0.0,0.0,9.210440366976517,7.545389785024085
7.727567668095223,5.655642099328266,5.655642099328266,0.0,6.197690562484586,8.699681400989514,6.328381345611202
6.3794759567254085,0.0,0.0,0.0,3.6315103975021215,7.0909098220799835,7.235534137454045
8.670151790139926,8.139475537310584,7.77097429390712,6.963511599236991,6.347501310202632,9.741027444837728,7.981398596593058
7.726946394484914,0.0,0.0,0.0,4.351443759748856,7.824445930877619,6.393668797727879
7.830095725176442,4.480513581388536,4.480513581388536,0.0,7.530887547378016,8.517393171418904,8.444050461450969
7.764349437719433,8.585333966638926,8.249559467702637,7.331479339873692,5.05719219177827,9.210440366976517,8.40150240734922
6.42579281264031,8.663854754829993,8.663854754829993,0.0,0.0,8.853808274977197,8.68139355229564
5.041352234498316,5.208447362118994,0.0,5.208447362118994,0.0,7.313886831633462,6.122180447137847
6.037629680802454,7.459436816693112,7.019001440197489,6.428912701069197,6.478411568275054,7.824445930877619,7.5462749195726
6.698378745892675,7.2653527972182985,7.2653527972182985,0.0,0.0,7.824445930877619,7.36381363647018
6.113121974273828,5.273512247629066,5.273512247629066,0.0,5.848559821734864,6.398594934535208,6.455313592887492
3.110922439516054,5.291393451475212,0.0,5.291393451475212,0.0,8.294299608857235,5.989919636848442
9.102661206325822,6.181836942091648,5.788491202583155,5.06487092223793,4.296520351734465,9.15915233520675,7.656157116636572
7.421173225175003,4.530877581406236,4.530877581406236,0.0,7.427662187178929,8.38958706681109,5.856232709546095
6.864858238250181,6.406549898593137,0.0,6.406549898593137,6.805450876427541,6.90875477931522,6.700063223584997
5.523417518470262,0.0,0.0,0.0,8.213522004974344,8.699681400989514,0.0
2.6309287390993426,7.271112844384732,7.244798780971642,3.646754527813265,0.0,7.901377353792616,7.771915348289635
7.315562911236955,5.589642793914616,0.0,5.589642793914616,0.0,7.313886831633462,5.767486522717942
7.735645863571457,0.0,0.0,0.0,7.903261876112909,8.006700845440367,5.837005595603226
5.2251569676126675,7.431216733327698,7.431216733327698,0.0,0.0,8.699681400989514,8.262173678464007
7.660972430627059,5.5465046883016775,5.300015923183619,4.04305126783455,7.195014450023721,8.517393171418904,6.92544147802714
7.001505998004785,0.0,0.0,0.0,3.6543724001932474,7.0909098220799835,5.46964432025966
4.749475547905273,4.430816798843313,4.430816798843313,0.0,4.251747519086913,5.707110264748875,5.284894298918598
5.703047251112264,7.095768938312609,5.742907029340251,6.79780647543427,0.0,8.006700845440367,5.939562933521294
7.744006083145559,9.456067777426359,9.327862929266578,7.339173992912303,5.260889999587779,8.732465848349879,9.525589293902613
2.2862640260270926,6.912404454796248,6.375263292243078,6.036724678512846,0.0,7.824445930877619,7.039886150835128
7.445400996401015,7.622419303004332,6.90875477931522,6.950335726517255,0.0,9.15915233520675,7.577594646573963
6.6116794062813256,8.738357184697671,8.437002139406891,7.392610574226302,0.0,8.229777750081887,9.051383353100977
7.393951194584232,7.975684967517664,6.864670309197069,7.576876124939228,6.937857954656932,8.160803920954665,6.639550261879492
5.885869384478264,0.0,0.0,0.0,6.565948540573129,8.764209507142004,5.808132411851582
6.967363847850377,6.176324545996583,5.692485570913904,5.223539939590213,0.0,8.343077871169383,7.7832057265854475
6.955453679775715,5.953243334287785,0.0,5.953243334287785,0.0,6.90875477931522,6.275443672104364
6.737679189476797,0.0,0.0,0.0,6.523082572887393,7.0909098220799835,7.550808088264172
7.760122882192591,0.0,0.0,0.0,7.325325953489887,8.006700845440367,6.5256653091467935
5.868553696338616,7.514745263090908,7.514745263090908,0.0,0.0,7.824445930877619,7.484917876699505
7.405018734289389,0.0,0.0,0.0,7.821842840457759,7.824445930877619,6.0305682053336795
7.40210105697394,0.0,0.0,0.0,3.66154630900904,7.496097345175956,6.131555620096326
6.752938257031602,4.278470046515581,0.0,4.278470046515581,7.203421633304483,7.313886831633462,5.400135297656511
7.97070497901744,2.9444389791664403,0.0,2.9444389791664403,8.270144795465987,8.699681400989514,6.183591898732719
3.033340340938939,5.2906883393835455,0.0,5.2906883393835455,0.0,9.680406499268875,6.018431315746571
9.699281625221378,7.479621438060552,0.0,7.479621438060552,8.91262068372468,9.852246888342531,8.582786380258751
8.670135318380455,5.442417710521793,5.442417710521793,0.0,7.5551696689642185,8.853808274977197,7.338769299617879
6.626080156626068,7.460990755953273,5.521940802699097,7.306363599627089,6.855364507850393,7.824445930877619,6.885702707639079
3.715387101458545,6.050605716211152,6.050605716211152,0.0,0.0,8.853808274977197,6.067190038229419
6.6424426504578085,7.306410586272821,7.246617514422353,4.471295877431763,0.0,8.294299608857235,7.014448720199859
7.861680358319698,5.081404364984463,5.081404364984463,0.0,8.037924414541687,9.15915233520675,6.748208012071105
4.528887569469931,7.0130247904992125,7.0130247904992125,0.0,0.0,8.699681400989514,8.103325795646507
7.028772024558286,9.57886344876253,9.254862392948402,8.294474549815108,0.0,9.105090961257085,9.472523290001401
1.0560418915824854,6.073781589597195,0.0,6.073781589597195,0.0,7.601402334583733,5.4802798046999435
8.352993987046968,5.4208889189362175,5.4208889189362175,0.0,7.952886586581673,8.517393171418904,7.606947526750281
5.664922100039857,6.159771692516358,5.929589143389895,4.58822746525778,7.488252180225689,6.90875477931522,7.61248611865941
8.631478135790337,0.0,0.0,0.0,8.710881005539118,8.77971129020447,7.13612202483505
5.848617988441837,8.047519107864355,6.201948300275401,7.876000686483046,0.0,8.612685172875459,8.012204157904268
4.058243075220856,6.619219508900875,6.619219508900875,0.0,0.0,8.294299608857235,6.550819803965274
6.157200950356333,0.0,0.0,0.0,4.080792361249203,6.2166061010848646,5.1136226560510565
2.5606982574032187,4.499031589926425,4.499031589926425,0.0,0.0,7.919719760924575,6.06728461118839
8.361224443270551,5.700443573390687,5.700443573390687,0.0,8.940710518756385,8.987321812850125,6.87800702386553
7.4785026873264435,4.169761201506855,4.169761201506855,0.0,0.0,7.601402334583733,6.622640058678189
6.573419427663847,7.013393756005123,0.0,7.013393756005123,0.0,7.696667081526462,8.365883746588734
7.10967149128424,0.0,0.0,0.0,8.593700532609073,8.699681400989514,9.670589162108994
4.27380241140563,0.0,0.0,0.0,5.360609237731509,5.017279836814924,6.551498079204732
4.230168470855876,6.769044783642757,6.532028568637761,5.21867874388782,0.0,8.006700845440367,6.716059275445924
7.2840692433047565,5.0106352940962555,5.0106352940962555,0.0,7.5973183071347306,7.696667081526462,7.752758419226104
5.738157372841301,0.0,0.0,0.0,8.160095288900278,8.294299608857235,8.587778503496363
6.455956342190928,7.301309736064466,7.057260901501088,5.774489431814148,0.0,8.699681400989514,6.6927240858301715
7.814604628542841,6.347126478122337,5.455492040920035,5.822483607251102,7.555104840439781,8.517393171418904,6.511817872332909
8.850423914289532,7.845063586078762,7.640608631764117,6.159285645233409,5.937154760309956,9.105090961257085,7.523660945817195
8.23444477006821,8.173733398587288,7.411169506072109,7.546023798032093,7.518908885749428,9.105090961257085,8.309578178341487
5.214145483468098,7.5907864649674375,6.6422912150967885,7.101692445948321,0.0,8.699681400989514,7.372325931300207
2.745413998947222,5.201255653704905,0.0,5.201255653704905,0.0,8.699681400989514,5.190648566628513
2.401116624124859,0.0,0.0,0.0,4.94245585596838,6.90875477931522,5.049668156273314
7.857719584733677,0.0,0.0,0.0,5.956936555294126,8.006700845440367,8.07336118538281
8.257976370228418,0.0,0.0,0.0,7.122098554004843,8.294299608857235,6.5042559574488505
5.92719738648215,7.158015818784285,7.134380761332616,3.4339872044851463,0.0,7.496097345175956,7.301917290428582
7.436795435571909,0.0,0.0,0.0,7.364648254855783,8.006700845440367,6.479610337296684
6.635795086210475,7.9867735186001125,7.88049061443875,5.695817505001904,4.6461161312261385,9.350189267092581,6.0586514605005215
5.5999259459612905,7.8751040775799845,7.604680314453348,6.43677517313827,0.0,7.696667081526462,7.569269595034637
7.989548929945483,8.32626752520627,7.498371270894416,7.752279295819945,6.1150577598367635,8.517393171418904,7.84698669400676
4.876287476859267,0.0,0.0,0.0,6.07816585165512,8.006700845440367,6.675549959838183
6.10930733431254,5.750029725821521,0.0,5.750029725821521,0.0,6.90875477931522,4.920686567315549
7.846704471278312,0.0,0.0,0.0,5.426575840489078,8.699681400989514,7.1793162446222345
8.01728565021265,7.601702139712646,7.601702139712646,0.0,0.0,8.77971129020447,6.699635076158268
3.3315623397421867,5.474788509663815,0.0,5.474788509663815,0.0,7.824445930877619,0.0
7.532317545186446,8.10381485614953,6.309918278226516,7.922282813011464,0.0,8.517393171418904,7.718392627872572
7.630478581051123,0.0,0.0,0.0,5.962956134039527,7.824445930877619,6.133410090646418
3.44665096977439,6.2411916050718785,6.2411916050718785,0.0,0.0,8.853808274977197,6.185529240908749
4.524677898935556,6.5547735068810224,6.5547735068810224,0.0,0.0,8.071218539969863,6.7012021093111125
4.352518997498383,6.020780601442035,0.0,6.020780601442035,0.0,7.313886831633462,6.109447629420366
5.306156961463583,6.517523551514562,6.517523551514562,0.0,0.0,8.922791623969637,6.626058795763016
0.0,5.862152810627642,0.0,5.862152810627642,0.0,7.901377353792616,6.526384639733996
6.98406879570476,0.0,0.0,0.0,7.338814329945849,7.313886831633462,5.298369915167334
6.452379650539886,7.3938844401503445,7.061643067113544,6.132638535554941,0.0,7.824445930877619,6.64080836489732
3.306767391044318,6.035481432524756,6.035481432524756,0.0,0.0,8.77971129020447,6.868741327092272
2.875123536862124,4.859812404361672,0.0,4.859812404361672,0.0,8.517393171418904,5.899537343581188
6.784135508682268,4.795790545596741,0.0,4.795790545596741,5.780545539406174,6.90875477931522,5.731996771513574
7.340237096224439,0.0,0.0,0.0,8.158038145136025,8.294299608857235,5.950790554655714
9.25881994887076,8.525016509305063,7.571411854975024,8.03863790072309,0.0,9.581972891547895,7.85004783941516
7.688799851029917,8.076506004948277,7.766967593816514,6.754219410119879,8.629639701292321,9.210440366976517,8.932548764427224
5.186393878289054,0.0,0.0,0.0,5.364093047088224,8.006700845440367,4.957741364990195
8.04817263111984,8.405018400117406,8.396935596562152,3.610377225958979,0.0,8.412054873292933,6.5013600164144085
6.829978366953847,7.417442254734454,7.417442254734454,0.0,8.221284395278666,8.006700845440367,8.343481145235037
6.622109644914779,7.234025653118753,6.788205683878033,6.213547536224871,0.0,7.496097345175956,6.6345230442872225
6.554126677370107,6.912782620696162,6.437751649736401,5.942904356492605,5.208798670678064,8.006700845440367,5.888404702320597
3.1337872381320233,5.173037550121279,0.0,5.173037550121279,0.0,7.313886831633462,4.974034267632123
7.070658368481009,2.7549337870010606,2.7549337870010606,0.0,4.38517375230009,7.0909098220799835,5.853833909762836
8.436665581813427,0.0,0.0,0.0,7.723838000879946,8.77971129020447,7.100014377768605
3.041110289628268,5.741848675462657,0.0,5.741848675462657,0.0,9.105090961257085,6.017264419630489
3.301646034140561,5.766475543994624,4.189654742026425,5.5389471388695215,0.0,8.517393171418904,5.486763951997522
2.707944195483813,4.562888793731485,0.0,4.562888793731485,0.0,7.313886831633462,4.238781948957664
7.3748350353746455,0.0,0.0,0.0,7.9661042930586055,8.006700845440367,5.857348177703615
3.6389149869705792,5.908544788021606,0.0,5.908544788021606,0.0,7.601402334583733,5.791868678812107
6.739609384238474,6.423246963533519,5.820082930352362,5.634789603169249,0.0,7.313886831633462,6.936501460845898
7.1140945710945225,6.708010821096159,6.081396654608589,5.946205640702368,0.0,7.313886831633462,6.56439604051275
7.455124842499452,0.0,0.0,0.0,6.028453220632345,7.601402334583733,5.986041642202552
7.1760520566274195,0.0,0.0,0.0,5.550482228108029,8.612685172875459,6.286120224853257
8.55315720863357,8.066028588097065,6.95683111662873,7.666282813738751,6.101075544655426,8.699681400989514,7.783999502652115
6.63012016373815,6.96379528986481,6.529258241425638,5.923587124704897,6.308221280958992,7.496097345175956,7.3769749829136995
7.45501903194916,6.4384873790212245,6.4384873790212245,0.0,0.0,7.496097345175956,6.831119354709793
7.274066612816563,0.0,0.0,0.0,8.89757347978086,8.987321812850125,6.1386708936267205
6.941019190375123,7.340225770318141,7.24145940219579,4.983127054679654,0.0,8.294299608857235,8.255056181904383
7.392756236486727,0.0,0.0,0.0,8.154685152868609,8.006700845440367,6.915933435511097
7.379897484218235,0.0,0.0,0.0,7.479459011304672,7.824445930877619,7.269314941533875
2.746831586996171,5.073297055220967,0.0,5.073297055220967,0.0,8.556606193773073,5.271491139420117
3.0773341036258244,4.564139836430099,0.0,4.564139836430099,0.0,6.90875477931522,4.4678318991855255
8.151511886550216,6.151646999166959,5.633002292595154,5.252221070655064,7.8217155642738625,8.294299608857235,7.38585286547637
5.365229708567072,7.573264012238125,6.763168716823474,6.985734320298725,0.0,8.699681400989514,7.485485102959092
5.962162242318153,5.540086381985411,5.540086381985411,0.0,0.0,8.006700845440367,5.2939762224022
7.973499916487598,9.328270063544728,9.226890657313797,6.990044691691972,0.0,9.15915233520675,8.770963978886348
6.720236200844921,4.847959489549136,0.0,4.847959489549136,0.0,8.006700845440367,5.712837735086329
6.785772656140902,6.714801398830985,0.0,6.714801398830985,0.0,7.313886831633462,6.035171023108719
4.27925513960799,7.313886831633462,0.0,7.313886831633462,0.0,8.006700845440367,7.194273008099223
7.063266431518006,6.216446407695832,0.0,6.216446407695832,0.0,7.0909098220799835,6.800743073368469
8.714605159717179,7.36785376385378,7.36785376385378,0.0,9.103262969867485,8.853808274977197,8.994108514778622
8.002048338528725,5.192401140956488,4.3294166844015844,4.653960350157523,7.575180384211734,9.210440366976517,6.42976594470148
4.321187847738234,6.680315009983151,4.9154451070925065,6.4940412418155615,0.0,8.517393171418904,6.802739790462268
4.384802690363205,6.903707096135568,6.140315493840337,6.27807104133283,0.0,8.160803920954665,6.41941690933492
6.906742396189509,6.859919159567244,5.032331552178016,6.68586094706836,5.620217968557702,7.0909098220799835,7.15011594268271
9.075535052937584,0.0,0.0,0.0,8.598917422382879,9.259225769705994,7.939173181133503
7.712969773315107,7.0169952597745,6.887991250940996,4.912654885736052,0.0,9.105090961257085,6.424265608499566
7.98382756533937,0.0,0.0,0.0,7.532339860117687,8.160803920954665,6.6980380547946
4.845439569490686,4.98292145552874,4.98292145552874,0.0,0.0,6.111467339502679,7.176906608359973
6.871576080609793,6.5814293936048,6.5814293936048,0.0,0.0,7.8636512654486515,7.7432188352682445
6.464622695621916,0.0,0.0,0.0,5.200271665615142,6.90875477931522,5.846903990527647
7.878327292161452,0.0,0.0,0.0,5.572468819129054,7.972810784121404,6.467435160318042
7.938034579820748,0.0,0.0,0.0,5.4439139542270505,8.006700845440367,6.763805839616707
6.826907780384577,5.0912931971137105,0.0,5.0912931971137105,2.994752844069487,7.313886831633462,7.4723228642219075
5.786381027219952,0.0,0.0,0.0,7.157201567598473,8.006700845440367,8.184830201145624
4.976779803428715,3.8426729272933526,3.8426729272933526,0.0,0.0,6.90875477931522,5.664903327695879
7.461047059324875,5.521460917862246,5.521460917862246,0.0,7.420810434893206,7.824445930877619,7.342446889466166
5.587783148493768,7.654523791945007,7.233679220290778,6.587357158763696,0.0,8.853808274977197,7.603037027230625
8.283259661588401,4.418840607796598,4.418840607796598,0.0,7.656365818337594,8.412054873292933,6.6996469710364615
8.04866473596641,8.26274213477009,7.716603328994141,7.397800477563365,0.0,8.77971129020447,7.395973918696739
7.91290625190961,0.0,0.0,0.0,6.020627933804462,8.006700845440367,6.547563002188635
7.299168323005672,0.0,0.0,0.0,3.650235242751559,7.313886831633462,5.663418743172954
7.214481859077059,0.0,0.0,0.0,7.973966723487469,8.699681400989514,9.421756663802224
4.099750589953244,6.270288754248749,0.0,6.270288754248749,0.0,6.90875477931522,6.0799199272730196
1.3135112801408921,0.0,0.0,0.0,5.904625138058291,8.699681400989514,8.284522595842947
4.986201826591563,0.0,0.0,0.0,4.382163325331288,6.90875477931522,6.298010125872784
6.594493037978696,6.663898686070386,6.663898686070386,0.0,0.0,9.392745258631441,5.634308580353466
7.558552077319661,0.0,0.0,0.0,8.45344987188871,8.294299608857235,8.95301873092558
5.323212914643166,7.06846156663686,6.974198235530851,4.6694586758704535,0.0,8.517393171418904,6.771071102123854
5.321201662191579,0.0,0.0,0.0,6.38180182779612,8.006700845440367,5.755243715939882
9.123367143167993,0.0,0.0,0.0,7.976706195075212,9.259225769705994,7.75651092599618
7.224036373816618,5.198497031265826,5.198497031265826,0.0,0.0,8.006700845440367,6.282369907929865
5.390670587947662,4.0118683403978626,0.0,4.0118683403978626,0.0,6.2166061010848646,6.558982205726146
4.5062305346131435,7.069525428213925,7.069525428213925,0.0,0.0,9.433563920090563,6.5688129922974055
6.502469810237856,8.63685180041811,8.112572726496563,7.740842646900226,0.0,8.556606193773073,8.671229214042038
0.261239016228471,6.236369590203704,0.0,6.236369590203704,0.0,8.77971129020447,6.3252200825503175
2.307847721043423,5.153291594497779,5.153291594497779,0.0,0.0,8.699681400989514,5.196529300973669
7.397931487916559,0.0,0.0,0.0,6.72477055233966,7.496097345175956,5.881256534632401
6.219317061830472,4.684628107322807,4.684628107322807,0.0,0.0,8.922791623969637,6.421887730129253
6.513003571901167,7.586027371956869,7.4943134117698404,5.157214525570036,0.0,8.612685172875459,7.094721893273041
7.177116564030487,6.4361984441368465,0.0,6.4361984441368465,0.0,7.313886831633462,5.72999474823684
3.431721478374846,5.562948290969064,0.0,5.562948290969064,0.0,7.824445930877619,6.52698419224384
9.093306827955761,6.16927594842405,6.16927594842405,0.0,8.715960577169433,9.392745258631441,7.679887584171767
3.732386089758209,4.62477671562701,4.62477671562701,0.0,0.0,5.993961427306569,5.432233848766043
3.8673755991748804,6.293197442782422,0.0,6.293197442782422,0.0,8.699681400989514,6.127692807725217
2.9668262921785282,5.839187111662404,5.839187111662404,0.0,0.0,8.699681400989514,5.445693585731944
7.240003378628475,5.870510865261174,0.0,5.870510865261174,7.290305198878253,7.313886831633462,6.199649297355281
4.1748642330537,6.4731187935736925,4.564348191467836,6.314453433391908,0.0,7.313886831633462,6.337409146767154
3.8873831419465157,0.0,0.0,0.0,6.302955014515647,8.006700845440367,0.0
6.0557273286703905,5.028344227877029,0.0,5.028344227877029,0.0,6.90875477931522,4.296672796843272
6.811652992243931,4.036891987474015,0.0,4.036891987474015,0.0,6.90875477931522,6.035046208641978
7.9479641929327105,5.298317366548036,0.0,5.298317366548036,0.0,8.987321812850125,6.42437872544673
7.225076040532966,0.0,0.0,0.0,8.267711410125798,7.824445930877619,7.900348057125215
3.5653302447348647,3.8426729272933526,3.8426729272933526,0.0,0.0,7.313886831633462,4.384614732657138
8.006033997021751,5.667809814197383,0.0,5.667809814197383,6.838374797384091,9.105090961257085,7.4583094738428075
7.707286338534982,4.892452178418533,0.0,4.892452178418533,7.2311474620305365,8.006700845440367,5.502804345274418
8.413566931955307,0.0,0.0,0.0,5.746581416128437,8.517393171418904,7.085924671627701
3.5052804216953466,7.078628216382349,7.078628216382349,0.0,0.0,8.987321812850125,6.063535805496194
7.240825425050464,6.530658944924416,4.140750935036256,6.436150368369428,7.3623571356368736,7.313886831633462,7.788329082035365
6.075297944875089,0.0,0.0,0.0,7.9305527214616465,7.313886831633462,7.376500382866953
5.687924123067447,3.039749158970765,3.039749158970765,0.0,4.334085137784478,6.90875477931522,5.373605068618118
5.879610432487054,0.0,0.0,0.0,5.9701121051191945,7.0909098220799835,7.569063148089998
5.940692387958503,3.713572066704308,0.0,3.713572066704308,0.0,7.972810784121404,5.419606054662478
5.5799249314802095,4.1588830833596715,4.1588830833596715,0.0,3.7077687723134414,8.517393171418904,5.889221145974661
5.39314986409854,6.344477795213722,6.344477795213722,0.0,0.0,8.006700845440367,5.637454727140671
5.547630355507031,7.834740619121744,7.403645929179719,6.786626653074657,0.0,8.699681400989514,7.569364287710409
7.857603722132304,0.0,0.0,0.0,8.705744019781957,8.006700845440367,8.70377151962288
7.15817229148371,0.0,0.0,0.0,6.771279050581907,8.294299608857235,8.417657086454994
2.155793253694156,4.131319165013462,0.0,4.131319165013462,0.0,8.294299608857235,5.516561262129139
7.646175661204644,8.380695116824985,7.752262105197429,7.618845515769964,8.348806115860793,7.824445930877619,8.937154806123484
3.4750411927379354,5.226445354310242,0.0,5.226445354310242,0.0,8.006700845440367,5.672315512134236
6.256751118244174,6.710876274853197,6.710876274853197,0.0,0.0,8.699681400989514,7.739023644001151
4.566039084019608,6.90875477931522,0.0,6.90875477931522,0.0,9.350189267092581,6.716438625737327
7.5661754212115415,0.0,0.0,0.0,7.782327024992894,7.824445930877619,5.900469105169891
6.781352299882176,6.724457245590051,6.414065330662833,5.407844191075279,0.0,7.0909098220799835,6.883875402832013
7.374412956143186,5.885270350701578,4.721173861744398,5.515040350059324,6.428841499180085,7.601402334583733,6.14953580071792
3.4751654916546686,5.778920868124441,0.0,5.778920868124441,0.0,7.313886831633462,5.589803590282257
8.440119889075056,6.817327162489406,0.0,6.817327162489406,0.0,8.517393171418904,8.228792396478651
2.196374883114973,5.2865483829480375,0.0,5.2865483829480375,0.0,8.853808274977197,4.511640520127623
2.8705526504641883,4.914711592792766,0.0,4.914711592792766,0.0,8.294299608857235,5.361390466042108
5.88020815990727,6.835496365496058,6.835496365496058,0.0,0.0,7.0909098220799835,7.3705855725144955
7.442988752651112,6.90875477931522,6.90875477931522,0.0,7.612515447019319,7.824445930877619,6.761379754807682
8.25412695514418,0.0,0.0,0.0,8.761320573151066,8.77971129020447,8.26120329443165
4.209108481968192,4.050740924739968,0.0,4.050740924739968,0.0,7.313886831633462,4.710425593122211
3.6047268415061895,6.095914648464446,0.0,6.095914648464446,0.0,7.313886831633462,6.004355907800846
7.796477432197264,6.594167191398121,6.594167191398121,0.0,7.846554727114247,8.160803920954665,3.8705559904269
8.628073268828278,6.246649253966987,0.0,6.246649253966987,6.488422080904925,8.699681400989514,7.211513926493543
6.801147104210162,7.472927032488241,0.0,7.472927032488241,7.8470303120401095,8.699681400989514,8.116842488114907
0.5508143111823025,5.542165099420538,0.0,5.542165099420538,0.0,7.313886831633462,0.0
7.059733610396814,0.0,0.0,0.0,6.786159277075409,7.0909098220799835,5.409345152350535
5.422323500719567,7.793726999729182,7.583115200027263,6.13469871519389,0.0,8.922791623969637,8.014351758996472
7.169765509248454,3.77413929806476,0.0,3.77413929806476,0.0,7.313886831633462,5.63139451064515
4.104528446657593,6.0844994130751715,0.0,6.0844994130751715,0.0,7.313886831633462,6.2653897373364025
7.882233559066866,8.809649349763207,8.572092277117651,7.256579486376156,0.0,9.012011377036412,8.001624821924274
5.972978144158364,7.573346250771037,7.196222043482568,6.417157028896115,0.0,8.699681400989514,7.704981428169194
7.082554989149974,0.0,0.0,0.0,7.307964893813394,7.313886831633462,5.1733744273474045
5.032104420899327,6.797136518509772,6.797136518509772,0.0,0.0,8.294299608857235,5.720513697203683
5.60199512688305,0.0,0.0,0.0,7.365531414944744,8.006700845440367,7.649167904165527
8.42086716006941,5.953243334287785,5.3471075307174685,5.170483995038151,4.318836923483057,8.517393171418904,6.780546227316782
3.2727543925550346,5.99685001938432,0.0,5.99685001938432,0.0,7.824445930877619,6.040656885156562
6.872529009565579,0.0,0.0,0.0,7.524803827184577,8.071218539969863,8.628270143473685
4.809512765461758,6.293419278846481,6.293419278846481,0.0,0.0,7.496097345175956,5.477307777063129
5.823841711873231,0.0,0.0,0.0,5.015268530726012,7.0909098220799835,6.180630132102848
4.542252441349063,6.701640904660789,6.428751267539102,5.274741630019331,0.0,8.294299608857235,6.564774452568238
7.2607363489610055,0.0,0.0,0.0,4.756386596483223,8.006700845440367,8.157703902062883
2.0205958522494982,5.187385805840755,0.0,5.187385805840755,0.0,7.313886831633462,5.4472188419477865
4.396895407069341,6.89035476430197,6.131226489483141,6.261014471236347,0.0,6.90875477931522,7.23190238585328
5.039398465992045,7.625351139944392,6.7426329636142475,7.09233262290743,0.0,8.853808274977197,7.322266772874539
6.100722453562008,0.0,0.0,0.0,4.090519639857431,6.2166061010848646,5.2925575556387345
3.316829888348048,5.628807460063128,0.0,5.628807460063128,0.0,8.699681400989514,5.557853396867591
7.1990311886080125,0.0,0.0,0.0,4.308845755713351,7.313886831633462,5.860394032608971
6.191797159972106,0.0,0.0,0.0,6.886746129230373,7.313886831633462,7.28316626524492
7.819404479596801,4.738389029774314,0.0,4.738389029774314,6.241387106633271,7.824445930877619,6.398771839019798
1.786241774710742,4.099995233730915,0.0,4.099995233730915,0.0,7.601402334583733,5.890883723833039
5.149051334049504,7.632241230097758,7.283523775353465,6.411095510689045,0.0,8.922791623969637,7.557382769615643
6.7416181564170605,7.777017294426516,7.096249412831851,7.072184382934504,7.576181564139256,7.824445930877619,8.301768265720858
7.231091497518418,4.990024340192131,4.990024340192131,0.0,6.380151622917441,7.496097345175956,6.416490256494366
4.585622131685457,6.762694824249517,4.74493212836325,6.62136570422856,0.0,8.853808274977197,7.233468746330458
6.836605129385995,6.10022926189937,0.0,6.10022926189937,0.0,6.90875477931522,6.4477848381468865
4.845524656080301,7.052721049232323,0.0,7.052721049232323,0.0,8.268988209506656,7.2271925313759295
6.725254275688623,0.0,0.0,0.0,7.597371835718371,7.824445930877619,7.311948530623653
5.538779977381032,6.44204641401927,0.0,6.44204641401927,0.0,7.313886831633462,6.877452628313936
7.655506613006886,4.998022756045412,4.998022756045412,0.0,7.364970664212001,8.77971129020447,8.297933248373575
7.280455525000233,0.0,0.0,0.0,7.486139874852549,8.294299608857235,6.738849616478933
8.432527793772993,0.0,0.0,0.0,8.845847049009098,8.853808274977197,7.01190972272754
8.18866497443037,3.9913885608088866,3.9913885608088866,0.0,7.925964823643629,8.699681400989514,6.7679851331733305
4.676470969529335,6.946379660518905,6.946379660518905,0.0,0.0,8.699681400989514,6.823317793236097
4.424565909823336,6.4590277008143575,0.0,6.4590277008143575,0.0,8.294299608857235,6.437617781576459
4.773433157345511,7.004881989712859,0.0,7.004881989712859,0.0,8.922791623969637,6.911701066115164
2.8533982512153138,5.591210836050351,3.258096538021482,5.493308326442654,0.0,6.90875477931522,5.765225801242408
7.803281733643013,4.763540521959532,3.3017453026904953,4.51085950651685,6.593283093356158,8.922791623969637,6.266194277714771
7.260372925610498,0.0,0.0,0.0,7.610281727865127,7.313886831633462,7.687542335658807
7.106723740647873,0.0,0.0,0.0,7.546562299221777,7.601402334583733,5.326853344912661
7.806899606243062,8.47477200219884,7.634724008017593,7.910051215157245,0.0,8.77971129020447,6.733886918240653
4.0954158881474925,6.532334292222349,0.0,6.532334292222349,0.0,8.006700845440367,6.734894088671974
6.950445366888897,0.0,0.0,0.0,4.793446941997803,7.0909098220799835,5.598463658128954
8.832352884963383,8.29529885950246,4.770684624465665,8.265650165580329,9.270237212788963,8.922791623969637,8.816932042917434
8.261638444965527,0.0,0.0,0.0,6.883605233000879,9.15915233520675,6.807554695724219
6.472962211431179,6.733461413875411,5.267600393885976,6.47250084206322,0.0,8.412054873292933,7.208922711602891
6.688462440398107,7.605880050754861,7.596718719895751,2.9616582932202395,0.0,8.412054873292933,6.151590798307651
8.264280808170792,2.8284963541780774,2.8284963541780774,0.0,7.689271540101623,8.612685172875459,6.940400219052064
8.973069632571697,0.0,0.0,0.0,9.463201439926433,9.392745258631441,9.313074038484825
7.291555755900317,6.3000148553640605,6.3000148553640605,0.0,0.0,7.824445930877619,6.252194147393533
3.8745799417194347,7.152832518601481,6.698268054115413,6.147869826272117,0.0,8.699681400989514,6.402322860703085
6.267046261497414,6.259963800142989,0.0,6.259963800142989,7.466933351133982,7.824445930877619,7.867464808937742
7.810941604761244,4.785155682984498,3.824284091120139,4.316420877575887,0.0,8.517393171418904,6.597170189990635
7.077599464460729,4.255470855785784,0.0,4.255470855785784,7.450657048964541,7.244941546337007,6.569842140760633
6.989933982560545,0.0,0.0,0.0,6.565076184610881,7.313886831633462,6.882161742731892
7.255183253877779,4.511189122517197,0.0,4.511189122517197,0.0,7.313886831633462,5.7834984335685595
4.387889626200039,6.401651821551476,0.0,6.401651821551476,0.0,8.922791623969637,6.684842451049241
5.142170089012119,7.105876363309995,6.88945891669902,5.473278568935699,0.0,8.699681400989514,7.153271969816897
6.3742361494545055,5.187385805840755,0.0,5.187385805840755,6.58498271248065,6.90875477931522,7.089612685575051
4.832356330998211,7.086353245142494,7.086353245142494,0.0,0.0,8.922791623969637,6.8699446852230155
8.966365512244744,5.4830526745659265,0.0,5.4830526745659265,8.549037732181533,9.392745258631441,9.088167765786224
6.984806152194355,5.515201367691102,0.0,5.515201367691102,0.0,7.0909098220799835,6.223459613917633
7.474598015218034,0.0,0.0,0.0,6.857985975362087,7.601402334583733,6.030349612591732
7.536669023061454,0.0,0.0,0.0,7.215855310698075,7.824445930877619,5.801506094315675
9.234461858578323,0.0,0.0,4.218772140597153,8.412292025796582,9.472781556562168,7.5408822349783255
6.701121285571767,6.006131460151378,0.0,6.006131460151378,0.0,6.90875477931522,6.354094258425062
6.2399358322072205,5.895724274827146,0.0,5.895724274827146,0.0,7.601402334583733,7.783825489164983
7.264326296520708,4.127134385045092,0.0,4.127134385045092,8.372952829925486,9.105090961257085,8.684080581540487
8.503782980529083,0.0,0.0,0.0,5.507753713910523,8.699681400989514,8.595060201112961
5.622105300024546,7.995785103709718,7.552090295130647,6.97044834832056,0.0,8.160803920954665,7.851838215135535
4.0349348396166675,5.309603438565004,5.309603438565004,0.0,0.0,8.922791623969637,6.149151276308647
6.003434127507847,8.140898460607852,0.0,8.140898460607852,0.0,9.210440366976517,7.771252872686222
7.4957197108605484,0.0,0.0,0.0,6.77240291625461,7.601402334583733,5.7009899391558925
7.507703306601777,0.0,0.0,0.0,5.781417008081276,7.496097345175956,6.862463386419092
0.6381105729198226,6.20050917404269,0.0,6.20050917404269,0.0,8.922791623969637,6.112920394171979
7.14568635630172,4.682594082952895,4.182813210209709,3.7727609380946383,0.0,8.294299608857235,6.228098125469332
7.091912181331906,4.778198695870453,4.778198695870453,0.0,0.0,7.0909098220799835,5.651423047238465
7.203554428894586,6.744683255379543,0.0,6.744683255379543,0.0,8.612685172875459,6.7076798837380895
6.441520020500021,7.651181990244829,6.996104926754489,6.919446667571721,7.3645698638995905,6.90875477931522,8.171433993073093
6.470779723401213,0.0,0.0,0.0,6.96604817172414,7.0909098220799835,5.004752497664091
7.296774058596698,4.672828834461906,4.672828834461906,0.0,3.6192241579150304,8.006700845440367,5.858930297171406
8.739206158580975,0.0,0.0,0.0,9.312258998724312,9.392745258631441,9.407717308145696
2.531017115659746,5.007697650108913,0.0,5.007697650108913,0.0,7.313886831633462,4.86749581124756
6.609421450802934,0.0,0.0,0.0,3.6513679374517825,7.0909098220799835,7.145249023188471
3.9052185475237255,6.480167253786202,4.61512051684126,6.313692963312347,0.0,8.160803920954665,6.5612371396289095
7.039389501617202,4.770684624465665,4.770684624465665,0.0,0.0,7.0909098220799835,6.200690555158064
7.097106888613271,4.836281906951478,3.258096538021482,4.61512051684126,0.0,7.496097345175956,7.535673526258219
8.058671309430508,0.0,0.0,0.0,6.630687487217074,8.987321812850125,6.614603541816601
7.078108827346501,5.925431576503544,5.925431576503544,0.0,0.0,9.392745258631441,8.80621302691389
6.332117382834345,8.396407652755597,8.00419520978859,7.271446550823496,4.402008498357241,8.412054873292933,8.229946025712138
0.0,6.930064565901971,0.0,6.930064565901971,0.0,8.006700845440367,0.0
8.071276134687388,0.0,0.0,0.0,7.668891697290475,8.517393171418904,6.660818990786683
6.015484758077287,4.50413364181032,4.50413364181032,0.0,4.699681847061178,8.006700845440367,5.120546820178394
2.99486439705811,5.79414102139568,0.0,5.79414102139568,0.0,8.77971129020447,7.266824800031312
6.895509139165181,6.036079339866934,5.980807966919453,3.1565747986708215,6.65894228992042,7.0909098220799835,7.442566590599246
8.053788669049032,6.764969770233575,6.764969770233575,0.0,0.0,8.160803920954665,6.926783617378333
5.313602304435388,5.257287016990045,0.0,5.257287016990045,0.0,6.90875477931522,5.05884353024826
5.921301209642904,5.808142489980444,0.0,5.808142489980444,6.746874441196885,7.824445930877619,7.471435927879129
8.401099104532568,9.041561892307264,7.595311861228837,8.773246816387532,0.0,8.77971129020447,8.475049973840068
7.921187671384522,4.890349128221754,3.7376696182833684,4.5217885770490405,7.993163079519286,8.517393171418904,6.455925330627328
2.9039206117924117,3.0204248861443626,0.0,3.0204248861443626,0.0,7.313886831633462,4.572537825100652
8.505346074236723,6.703997601467765,6.703997601467765,0.0,6.812822522544652,9.210440366976517,7.5526828937754145
7.510642829412994,0.0,0.0,0.0,4.501763504796425,7.601402334583733,5.910266294758118
6.677351944094078,6.919841940117284,6.194384982733157,6.259906459049478,0.0,6.90875477931522,6.737971832542954
6.891995144928775,5.620618233395432,0.0,5.620618233395432,0.0,6.90875477931522,6.37794344745882
6.162910014750091,6.306165791902557,0.0,6.306165791902557,0.0,8.853808274977197,7.385931309252545
8.30926683407495,6.9159912699068515,6.9159912699068515,0.0,7.930281012160065,9.15915233520675,7.207855397348393
8.009042495505307,5.3472027642778475,5.3472027642778475,0.0,7.818055984415106,8.699681400989514,7.1594997191280205
3.963490743599495,6.118625692724661,0.0,6.118625692724661,0.0,8.517393171418904,6.231199020769909
1.0523683301640359,0.0,0.0,0.0,4.54826588456473,7.496097345175956,0.0
4.071720234671511,6.377152027607472,0.0,6.377152027607472,0.0,6.90875477931522,6.659646171738161
7.537894573850841,0.0,0.0,0.0,6.609468091899738,7.741099090035366,6.847915822592639
7.311333352426452,0.0,0.0,0.0,7.214268238360967,8.77971129020447,5.9117241324892955
8.045990917683138,5.831765168350307,0.0,5.831765168350307,8.185025446921733,8.987321812850125,6.7594574717973925
0.0,4.641694960670463,0.0,4.641694960670463,0.0,7.313886831633462,0.0
8.444100725061917,6.651856070927936,6.634843585433806,2.643333886382519,0.0,8.497194544909547,7.229870126935235
8.736196016785078,0.0,0.0,0.0,8.191151818134358,8.922791623969637,7.226060128472898
5.601441695002742,7.5842393986455425,7.5842393986455425,0.0,0.0,8.612685172875459,0.0
7.524357217889366,5.303304908059076,5.303304908059076,0.0,5.034952961606757,7.601402334583733,6.569958459488237
2.4278509953740035,4.14883274750617,4.14883274750617,0.0,0.0,7.496097345175956,5.455169736379115
6.077021433714127,7.304852137419785,6.389569300809854,6.794474592523171,5.973963241289032,8.216358332386156,8.885951720884691
8.689428879570526,8.130335879430637,7.442363833410647,7.43257847799198,0.0,9.392745258631441,7.221498101355988
6.643126986235696,6.6857610669244485,0.0,6.6857610669244485,0.0,8.556606193773073,7.209648992962603
8.462970978457593,0.0,0.0,0.0,7.984479554267214,8.699681400989514,7.04125345880512
7.33386796450511,5.551757312093597,5.551757312093597,0.0,8.093180167190503,8.294299608857235,6.092556078103451
5.571949193709304,7.103848239860009,4.983606621708336,6.976945464334761,0.0,8.77971129020447,6.3531180626170265
0.25331808628354247,0.0,0.0,0.0,6.408827939061508,7.601402334583733,8.197347404512485
7.561731467512685,0.0,0.0,0.0,7.502097734320186,7.601402334583733,6.178126533095882
7.005180286415796,0.0,0.0,0.0,8.02682842173169,8.006700845440367,6.477495192344387
7.286557980495589,0.0,0.0,0.0,7.151919888337553,8.612685172875459,6.719397506840893
7.966736413797705,0.0,0.0,0.0,4.880639639566782,8.006700845440367,6.413195852066442
5.986177713901151,8.280196628688323,8.058495014036264,6.666244070309743,0.0,8.922791623969637,8.182879064799513
6.765458022763203,8.325749352841834,0.0,8.325749352841834,0.0,8.922791623969637,8.471252546009234
6.077488277368441,6.840332602664703,0.0,6.840332602664703,0.0,7.901377353792616,5.537672009189826
8.251120359365057,8.310577302707632,7.428042005037624,7.777017294426516,7.788453754054179,8.517393171418904,8.245980467380784
3.621997148458036,5.842268240745855,0.0,5.842268240745855,0.0,7.601402334583733,5.859317373153459
4.258769806047566,6.85511370765654,0.0,6.85511370765654,0.0,7.0909098220799835,6.646564158212406
3.832131754617773,0.0,0.0,0.0,4.387774459235807,8.77971129020447,6.189489765925959
7.167603658956999,6.560804331939855,6.431331081933479,4.464067345010091,0.0,7.313886831633462,6.037589997412211
7.7924087662530965,7.895987065510605,6.852348271710398,7.462433181316503,4.539648781979366,8.412054873292933,7.606785234043308
5.362728448315556,0.5306282510621704,0.5306282510621704,0.0,7.561950382302943,8.160803920954665,0.0
7.907644903739477,0.0,0.0,0.0,7.304679546392356,8.987321812850125,6.475788453114223
7.951148552431025,8.62026769614099,7.3973164074434035,8.271873047177955,6.752542277257396,8.77971129020447,8.271480333576026
2.117522904096422,4.2626798770413155,0.0,4.2626798770413155,0.0,8.517393171418904,4.5961194311950235
8.37189141550007,5.40042258948519,0.0,5.40042258948519,8.234327423792115,9.305741456739435,7.066027076469597
7.00938175528423,0.0,0.0,0.0,5.678835579071983,7.0909098220799835,5.905577920077176
6.902974902166011,6.19154415882364,0.0,6.19154415882364,3.681113174483598,6.90875477931522,6.628848679851843
2.5569595235776923,4.465908118654584,4.465908118654584,0.0,0.0,8.987321812850125,6.1938342361900185
7.016954046119405,7.579387667327729,7.261786731975452,6.279702714910078,6.258939516186662,7.496097345175956,6.72995363557226
6.758405925153098,0.0,0.0,0.0,7.5884264381311,7.824445930877619,6.621125837653106
8.38725752822986,6.162767285752806,6.162767285752806,0.0,7.8091763185175544,8.412054873292933,6.908374826023229
8.449691107367574,6.182126228176938,4.605170185988092,5.953295280990479,7.064325761295855,9.04793908261736,7.297787551810858
7.4086363352403515,0.0,0.0,0.0,5.901236694620887,9.210440366976517,7.196800239280214
5.197201761827206,7.396102137787701,7.118745274123777,5.980706890455022,0.0,8.517393171418904,7.404837146120736
6.0105492427332745,0.0,0.0,0.0,5.358876014423533,8.517393171418904,6.403168875736645
5.7832148822883935,0.0,0.0,0.0,7.266467878589767,7.313886831633462,0.0
5.144557843542307,7.85632344436578,7.641886041006464,6.213287226454776,0.0,8.294299608857235,6.9933735306898805
8.992171077880796,0.0,0.0,0.0,5.292880543775285,9.105090961257085,8.180372125281083
6.4783506526118675,8.50121826910157,8.37886402213133,6.341593110176681,5.259454571334487,8.77971129020447,8.487834514208343
8.314370584764237,7.034370308614874,5.7024148732488955,6.729095011481092,6.2074340906549725,9.04793908261736,7.335215923236024
7.844949481022163,5.19794439240125,5.19794439240125,0.0,5.283686576615193,8.006700845440367,6.37532194263334
1.7320379499084384,5.990564141864818,0.0,5.990564141864818,0.0,7.601402334583733,6.101935769825988
7.851753530433976,0.0,0.0,0.0,6.213943575675851,7.824445930877619,5.246261634210106
5.826914848169532,7.9571913289636385,7.8200179089358555,5.905607049597844,0.0,8.699681400989514,7.938161911941917
7.340866196325653,4.61512051684126,0.0,4.61512051684126,0.0,8.853808274977197,5.787447956766117
7.968087664622964,0.0,0.0,0.0,5.622637319510706,8.006700845440367,8.196916916197726
7.886391095920826,8.12735435469907,6.700866401748422,7.853107602130307,0.0,8.648396877031582,7.9370658359708965
6.062697359054166,0.0,0.0,0.0,7.620820011116567,9.105090961257085,7.277891643667704
6.364018509478273,7.199304862960407,0.0,7.199304862960407,6.966322029539104,7.313886831633462,7.927906992855286
8.983503114445575,0.0,0.0,0.0,8.458512819208524,9.350189267092581,7.6895755932572145
5.86165789188559,0.0,0.0,0.0,7.272275342638603,7.313886831633462,4.065437602984736
7.048653587622424,7.081742198986034,0.0,7.081742198986034,0.0,9.61587214452889,8.012328147049123
7.386781906394429,4.198704577546343,0.0,4.732683506287051,0.0,8.517393171418904,5.9710490135731416
7.553641922646131,6.188818384235889,6.365094931696128,0.0,0.0,7.601402334583733,6.570569942765833
5.993931893204606,8.571448395016727,8.295538531153447,7.149767688432435,0.0,8.699681400989514,8.378929926492804
7.087726705548784,5.122772794033106,5.122772794033106,0.0,0.0,8.853808274977197,7.555819606693846
4.50165035301179,6.586171654854675,0.0,6.586171654854675,0.0,6.90875477931522,6.25932859462004
8.45706597277433,6.799568551124115,6.39861157333189,5.695246143633915,8.655506836471487,8.77971129020447,8.900258471596649
7.014645393606775,0.0,0.0,0.0,7.615538388882607,7.601402334583733,7.143200093758442
6.251083269097599,8.351440804631212,6.145429495402492,8.2350159395989,0.0,7.937731775260109,8.235234855354514
7.486762406845563,4.867918991894661,4.867918991894661,0.0,7.2537145687214855,7.601402334583733,6.367932388883799
8.599763038381672,6.202737925851705,0.0,6.202737925851705,0.0,9.392745258631441,7.256007552004838
4.532685070136603,7.144075633652909,0.0,7.144075633652909,0.0,8.648396877031582,7.202637202936809
8.551387695470513,8.016756746090115,6.574085112891934,7.747614109700908,8.625932426288433,8.922791623969637,9.224506277074425
3.527710495348439,5.324180026073764,0.0,5.324180026073764,0.0,7.313886831633462,5.104396165250601
6.471596973644665,6.6293632534374485,6.6293632534374485,0.0,0.0,6.398594934535208,7.175438498081665
3.188401565723825,5.731397641689174,0.0,5.731397641689174,0.0,8.612685172875459,6.6666583013202825
8.28613177311165,9.225199427382881,8.059573365370191,8.851772208456268,0.0,9.19023970026918,8.813373971477278
5.1856871628459515,7.9375639639653,6.83590475686963,7.534153497178364,0.0,8.006700845440367,7.896605431279594
5.326002472769449,7.252479091801115,6.022478600637151,6.907755278982137,0.0,8.294299608857235,7.567612349863156
5.749164883461747,0.0,0.0,0.0,7.496202176993513,7.937731775260109,3.380320807891847
1.6006437569525283,6.1758880599104415,6.1758880599104415,0.0,0.0,9.87822102528824,0.0
7.5936947785041236,0.0,0.0,0.0,8.397894450208328,8.517393171418904,6.745896035373183
5.6456975128797255,7.5638182624121475,6.347038885602681,7.2133190172173265,6.218331316635154,8.853808274977197,7.867177570516555
2.960426857611494,5.0938115486181985,5.0938115486181985,0.0,0.0,8.853808274977197,5.590325328831832
7.646428392854464,7.225343180833213,7.225343180833213,0.0,0.0,7.719129840906732,6.979441179143354
5.4808682803709905,6.795034408918018,5.951683677096137,6.234410725718371,0.0,7.650168700845001,7.446814902389213
6.1728081779715405,0.0,0.0,0.0,4.576533121515741,6.2166061010848646,5.17321763591676
7.369451766144031,4.462338536880549,4.462338536880549,0.0,7.8826077840156445,8.006700845440367,5.760654684580753
3.9478632033808596,6.124683390894205,0.0,6.124683390894205,0.0,6.90875477931522,5.829280420381034
4.73937366521181,7.057338400521626,6.7503409458942825,5.730099782973574,0.0,8.517393171418904,7.1100259654121745
2.616203662627479,3.486763269991802,0.0,3.486763269991802,0.0,8.294299608857235,5.352529244723419
0.9679161111154263,7.594189981182507,0.0,7.594189981182507,0.0,8.922791623969637,7.491706326745177
3.330794230483831,5.06543908613693,0.0,5.06543908613693,0.0,6.90875477931522,5.477523153535316
4.474988980927297,5.962061482738665,5.962061482738665,0.0,0.0,7.824445930877619,3.63796235211505
2.655356417715664,4.729244501090018,0.0,4.729244501090018,0.0,7.313886831633462,5.44200242949937
7.779194210062656,5.949339620807311,0.0,5.949339620807311,0.0,7.824445930877619,7.020423423858907
7.7439988820063155,5.638354669333745,5.638354669333745,0.0,7.443964466430464,8.006700845440367,8.115272027512848
7.505886360991626,7.820467616031541,7.612618557243647,6.149536101678477,5.039140460552365,8.131824785007195,5.974550159479132
3.113249140457281,6.035481432524756,0.0,6.035481432524756,0.0,8.517393171418904,5.979228083518608
5.913450736704705,7.32476680325734,7.32476680325734,0.0,0.0,9.210440366976517,6.8861603938509655
7.787034256891235,0.0,0.0,0.0,6.423542317639474,7.824445930877619,6.249348916815015
2.8411623725324726,3.9318256327243257,3.9318256327243257,0.0,0.0,8.853808274977197,4.703474107345655
3.065609207475897,5.7300673149140255,0.0,5.7300673149140255,0.0,8.006700845440367,5.820363810783066
8.628893550469323,6.121088314901487,6.121088314901487,0.0,8.399019146225589,8.79497643168877,7.477767447073682
6.706934649391537,0.0,0.0,0.0,7.66704505752272,8.612685172875459,8.989019460269803
4.554130227929235,7.003519900966516,6.745236349484363,5.527442989539794,0.0,8.699681400989514,7.2746535484877874
7.92160654543917,7.403237796987957,6.7440002917620205,6.676251881323447,6.697161369215827,8.732465848349879,7.731439117797631
6.2946962469094325,0.0,0.0,0.0,5.05410156543298,7.696667081526462,7.353961379930009
7.906485761970482,5.763999170144749,0.0,5.763999170144749,5.4225891623701905,8.412054873292933,6.502444693934669
7.983819184855191,5.850246545192444,5.850246545192444,0.0,7.875614793373503,8.699681400989514,6.394450417778591
7.880055588236273,6.319652564141498,5.25817222624361,5.897840445075314,0.0,8.987321812850125,6.526321941253783
7.087877760414658,0.0,0.0,0.0,7.228148578103796,7.313886831633462,5.684071054800496
1.2424225472811332,5.116795489924646,0.0,5.116795489924646,0.0,6.55250788703459,5.532514742612306
6.284653776047555,6.5592185582598646,5.891367930569697,5.843022541747705,0.0,6.398594934535208,6.5337547632249
1.8569919682572555,5.272999558563747,0.0,5.272999558563747,0.0,7.313886831633462,5.5990702969300585
7.016568458829231,4.478359019121704,0.0,4.478359019121704,0.0,8.412054873292933,5.626372993385824
5.362474283634042,0.0,0.0,0.0,5.741974193833133,5.707110264748875,5.80972699075257
7.867654557220242,6.241250029368613,0.0,6.241250029368613,7.927631297687432,8.006700845440367,6.54045339864432
6.053992178229526,7.030857476116121,7.030857476116121,0.0,5.227267693794809,7.313886831633462,4.90337678579681
7.398722406795324,0.0,0.0,0.0,9.739959100112102,9.305741456739435,9.478132511150728
6.182916143787981,7.910029192767815,7.910029192767815,0.0,0.0,7.601402334583733,7.093988115904345
7.279103432906821,5.589194329896337,0.0,5.589194329896337,0.0,7.313886831633462,5.52586296263038
3.932701464757728,6.492179227123244,6.492179227123244,0.0,0.0,7.824445930877619,5.341000803508838
4.400770319135013,6.378765684588475,4.189654742026425,6.261873290889306,0.0,8.006700845440367,6.401550444573046
7.994423563507214,6.285942227026518,6.285942227026518,0.0,3.687703963495471,8.517393171418904,6.460506105899815
8.123324619016248,4.330733340286331,0.0,4.330733340286331,8.250169446711222,8.612685172875459,6.818895957776684
4.044109076578607,2.6871669901857858,0.0,2.6871669901857858,0.0,7.972810784121404,7.680823923558211
6.457094124119643,7.323698631377929,7.323698631377929,0.0,0.0,7.313886831633462,7.201652307274149
6.751295788067271,6.343317885767497,6.285998094508865,3.486763269991802,5.474447416292721,8.160803920954665,7.437284617637655
9.530855810496481,0.0,0.0,0.0,7.424314181650293,9.581972891547895,8.024811329950577
6.8177350833066805,0.0,0.0,0.0,7.355590338746475,7.313886831633462,5.361690795166332
7.435824826411162,0.0,0.0,0.0,4.08385534219424,7.438971592395862,5.558469513008723
7.054713502424874,0.0,0.0,0.0,7.087399774810509,7.0909098220799835,5.796489122756688
7.092260790875751,4.032469158504013,4.032469158504013,0.0,4.703823860986772,7.0909098220799835,5.243934060883907
7.513993870178714,0.0,0.0,0.0,4.8845666599754995,7.601402334583733,6.206663965188138
7.977192436417567,6.7580945044277305,0.0,6.7580945044277305,9.070297058975022,8.853808274977197,8.309879820757674
6.070991143926913,5.815562342116211,5.645376223767807,3.979681653901961,6.162816062841821,7.0909098220799835,6.45409353793003
7.511354297085843,4.931231271308987,0.0,4.931231271308987,0.0,9.15915233520675,5.955251752428787
4.535167086535515,7.330470740496829,0.0,7.330470740496829,0.0,8.294299608857235,7.428518942238629
1.1362548340926204,3.9318256327243257,3.9318256327243257,0.0,0.0,7.0909098220799835,6.322141827140956
6.987893496248334,0.0,0.0,0.0,7.5155658272026065,7.313886831633462,7.647454188378652
5.78701405247448,6.240587687381139,4.663439094112067,6.011659254393502,0.0,7.824445930877619,6.342912401586356
7.439414651784933,0.0,0.0,0.0,6.438520750702416,7.601402334583733,6.039293930828039
8.05104742495912,6.320768294250582,0.0,6.320768294250582,7.455484150343591,8.160803920954665,6.952852382666897
0.0,2.330200260027019,0.0,2.330200260027019,0.0,8.517393171418904,0.0
5.770496465243213,8.264927167654792,7.72616853837448,7.389743060552421,0.0,9.105090961257085,8.211601604758375
4.765746613549999,7.0707241072602764,0.0,7.0707241072602764,0.0,7.67368812926773,6.989136162283768
5.141774725761725,5.589493328254074,5.589493328254074,0.0,7.090684252094776,7.824445930877619,5.683769228981528
7.4271160027333565,6.3739850972210315,6.3739850972210315,0.0,0.0,7.438971592395862,6.263227367989973
7.297880727123265,0.0,0.0,0.0,7.265943547866831,8.006700845440367,7.880541902832646
8.436574005210877,0.0,0.0,0.0,7.896208264727289,8.699681400989514,6.515753221924873
6.947368576602512,8.253149517529856,7.921081973367887,6.99021045891833,0.0,8.77971129020447,8.242503443737467
7.942409935186399,9.086585037594496,9.020433317904638,6.339653587396416,0.0,8.853808274977197,8.239893885412785
5.505801949660717,7.897898521811152,7.104998288453094,7.296128482463436,0.0,8.987321812850125,7.94019118149932
7.834662790474229,0.0,0.0,0.0,5.6566671212079935,8.853808274977197,7.302755561307312
4.7275341796824675,6.716594773520978,6.398594934535208,5.420534999272286,0.0,8.006700845440367,5.392836993038329
4.804983106393657,6.876924868589534,0.0,6.876924868589534,0.0,8.006700845440367,6.641147250070855
5.703885046062242,6.693075806080056,6.293419278846481,5.586499314041468,0.0,8.294299608857235,6.741661421153588
7.996140915917314,5.226284163648205,5.226284163648205,0.0,8.678560844869999,8.294299608857235,8.621557204029788
8.015846125519868,0.0,0.0,0.0,7.6413643881263775,8.412054873292933,6.980323052352711
8.739737626336057,6.292587139738781,0.0,6.292587139738781,7.939383601960142,8.77971129020447,7.249175782711319
5.98051366194225,8.235108756252927,7.7836197713480235,7.22336861636261,7.36358710467145,8.77971129020447,8.75992272491371
6.427157693016536,0.0,0.0,0.0,7.259649582547814,7.601402334583733,5.957530849225962
6.641325231308364,0.0,0.0,0.0,6.127035882009712,7.0909098220799835,5.599789390304554
7.85718978948115,7.199192790935335,3.8426729272933526,7.164488333289902,7.81826720567871,8.006700845440367,6.710269966574034
7.045488524943575,6.086956528567202,4.695467823968872,5.804019889615256,0.0,7.0909098220799835,7.29794252395168
6.631303511266678,4.784988612563928,0.0,4.784988612563928,7.327544891736661,7.601402334583733,5.7264975266578855
7.134243882964275,5.772499752615189,0.0,5.772499752615189,0.0,7.313886831633462,7.114953479399193
8.528983340646343,6.8767082699099396,5.484796933490655,6.592263407224418,8.51113848582411,8.987321812850125,7.549997661259094
5.696777812524542,3.7898553714539385,0.0,3.7898553714539385,6.7757207198289535,7.496097345175956,3.524134047855269
6.989936603107489,0.0,0.0,0.0,3.6496434928444033,7.0909098220799835,5.611366511895572
5.473104116177727,7.062774153248083,0.0,7.062774153248083,0.0,8.160803920954665,6.923185255256897
7.400937152179683,6.297974507245722,6.297974507245722,0.0,7.534039272594842,8.006700845440367,5.348975922281623
7.10213001844221,6.84841920163559,6.758872366738891,4.403298769949421,3.926854059615203,8.853808274977197,7.426551965250263
6.152416506423986,0.0,0.0,0.0,4.998598400484285,6.398594934535208,5.108389388138195
5.536222550865872,6.1406170425104225,0.0,6.1406170425104225,0.0,8.294299608857235,5.099556843322496
6.862163078222447,7.197210777983059,7.197210777983059,0.0,4.512704638378446,8.006700845440367,6.808692159701945
2.9499639515171383,5.505006279790286,0.0,5.505006279790286,0.0,7.824445930877619,5.406266837467157
3.9997325186639454,6.318697806946573,5.9137732393921105,5.224401683597868,0.0,8.343077871169383,6.742630506634855
7.151596857386771,6.121878585829915,6.121878585829915,0.0,6.8669386552807925,7.313886831633462,6.717849129344816
5.029864279767352,7.704004927728515,7.624721519965128,5.135798437050262,0.0,7.824445930877619,7.852661927555892
5.267564012713748,7.582865772055931,7.53800525736997,4.467860235023485,0.0,8.987321812850125,7.551859075890303
4.17672949397675,6.1903154058531475,6.1903154058531475,0.0,0.0,6.2166061010848646,6.122248275232351
6.86177507352827,5.63750021186222,0.0,6.362251940334754,5.787132228021202,6.90875477931522,6.8638334296642896
8.703378019823987,0.0,0.0,0.0,8.321778038078222,8.853808274977197,8.42546723898785
7.397797769260823,0.0,0.0,0.0,7.47112168568817,8.160803920954665,5.989754187776999
8.244063127292856,0.0,0.0,0.0,7.80802228066214,8.517393171418904,7.510074693942233
6.990176137228008,6.496005463406834,6.496005463406834,0.0,4.6865437553645,7.496097345175956,7.870504832509781
8.350199207783332,8.658159625491239,8.257287103156449,7.550824216154686,0.0,9.210440366976517,8.255676760975883
7.903559140420399,0.0,0.0,0.0,6.306377303641946,9.04793908261736,7.025515317040744
6.952612492563992,0.0,0.0,0.0,5.135144323164412,7.0909098220799835,5.856958299466678
7.573219876140676,6.357634272608504,5.931926834391786,5.303304908059076,0.0,8.412054873292933,6.011001805863712
3.8219719879540284,6.672020287153103,5.46763811116474,6.317327128426566,0.0,8.648396877031582,6.7748166477827
6.290584473452245,0.0,0.0,0.0,7.477536843867481,8.987321812850125,8.750573874115776
5.979956725395368,6.075920578648298,0.0,6.075920578648298,0.0,8.603554357064281,8.516989443260991
4.177155634436023,6.402248816693747,6.22098770538623,4.61512051684126,0.0,7.824445930877619,6.382498598269556
5.811395514475571,6.8885724595653635,6.8885724595653635,0.0,0.0,6.90875477931522,7.303981424341502
8.447637092274936,8.271103376755777,8.271103376755777,0.0,0.0,9.105090961257085,7.708734857180806
7.859731546472584,0.0,0.0,0.0,8.379230790414807,8.006700845440367,8.134847587504684
6.580073888796515,4.829353196876964,3.8426729272933526,4.375505417683616,0.0,8.006700845440367,7.304614912645557
7.296102920960002,5.484879917599246,0.0,5.484879917599246,0.0,7.313886831633462,6.421188659991097
7.21562791229767,4.533674184283021,0.0,4.533674184283021,0.0,7.313886831633462,6.190423904065364
5.342522913592924,6.5297107664499645,6.253578780320264,5.113973766802443,0.0,8.294299608857235,7.085992101262147
5.804151850271514,3.53921867955953,0.0,3.53921867955953,0.0,7.783640596221253,8.00304522477607
6.767272164174641,0.0,0.0,0.0,8.906427785787102,8.987321812850125,10.03846304419753
9.14612050246379,0.0,0.0,0.0,6.979958076871926,9.770013301136158,7.938953430021218
7.120516082836592,0.0,0.0,0.0,7.842703485067835,7.824445930877619,7.3860006949543715
5.667639547456798,5.694270714283606,0.0,5.694270714283606,7.016321386735205,7.313886831633462,4.0908038847482935
7.482731604068314,4.770684624465665,4.770684624465665,0.0,4.942482726597853,9.105090961257085,7.057603474096213
8.385847187147235,0.0,0.0,0.0,7.4993421893512044,8.517393171418904,7.058500987898358
6.671305100899631,4.557868912870078,3.4989288701554906,4.147885329150131,7.288022454997533,7.824445930877619,7.374176345381293
6.089411098628383,5.902633333401366,4.762173934797756,5.521460917862246,0.0,6.68586094706836,5.445253236399444
7.598402059646051,0.0,0.0,0.0,7.321992268068518,8.699681400989514,6.538019793409466
6.059558133692782,8.10359409191123,6.0407783836609035,7.9680112807728944,0.0,8.517393171418904,8.105734439456768
4.930925472121237,0.0,0.0,0.0,4.56424211292504,6.2166061010848646,5.069779272065099
7.344340827592266,0.0,0.0,0.0,8.421883656991705,8.160803920954665,8.143585783872318
5.409315722674455,7.767136977683106,7.767136977683106,0.0,0.0,8.517393171418904,7.746994471209297
8.394248918308799,0.0,0.0,0.0,5.739818924702642,8.517393171418904,7.000914102642108
3.85631107903827,6.317489543722835,0.0,6.317489543722835,0.0,8.987321812850125,6.149675052536632
7.408762875666429,7.668252649232424,7.613818684808629,4.7391764658358255,5.671088421247173,8.006700845440367,7.201263684344654
8.609242594480019,5.524456426842045,0.0,5.524456426842045,6.629265310728405,8.699681400989514,7.448148604950068
5.680774455175084,5.994061172955248,5.6205457827524015,4.836281906951478,6.020282514319398,8.006700845440367,6.525664040158157
6.554425369885347,4.276388302650885,0.0,4.276388302650885,0.0,6.90875477931522,5.940859552629797
4.6341159654180855,6.791176517895957,0.0,6.791176517895957,0.0,7.601402334583733,6.673941304397935
7.656045305015915,0.0,0.0,0.0,7.271678263895177,7.824445930877619,6.639065400939337
7.667259218401895,7.521334222622826,6.231111170521206,7.200208451612774,5.2407929992847135,8.412054873292933,6.987822010982471
7.277303290395322,0.0,0.0,0.0,4.337319629304103,7.438971592395862,5.893117220338509
6.615184372967527,3.917010546939185,3.917010546939185,0.0,0.0,6.90875477931522,5.917253318469647
8.086517323747742,6.084772724241634,4.097672352314776,5.939960704240867,7.694491062829052,8.517393171418904,6.9303258513931105
3.6460961103217646,0.0,0.0,0.0,6.58083609014921,8.294299608857235,0.0
1.084059576420221,5.978151318045857,5.134091098023174,5.420534999272286,0.0,7.438971592395862,5.191329299368706
7.958714563569129,0.0,0.0,0.0,6.736793595407221,8.160803920954665,6.793329610929514
6.976903546394516,0.0,0.0,0.0,4.014201200872042,7.0909098220799835,7.322926142822891
6.877897263940907,0.0,0.0,0.0,3.024699881657238,7.824445930877619,6.179975244927748
1.7801808617851052,5.250806383876985,0.0,5.250806383876985,0.0,7.313886831633462,5.653932447029868
6.203663033124723,7.411157416731885,6.329417829296706,6.99806205351323,7.575701582157041,7.824445930877619,8.221664910620097
5.37339150823819,0.0,0.0,0.0,7.175894030499937,8.006700845440367,3.379689401077297
8.377826959117519,8.07064042850325,7.5843868241641506,7.117132507799518,0.0,8.699681400989514,6.974763673095748
7.594666376532388,6.313656736022325,6.313656736022325,0.0,7.672694280379858,7.824445930877619,6.3705089931579595
6.7168463968248595,0.0,0.0,0.0,7.148225375020805,7.824445930877619,6.021547010758644
2.991032496884678,4.974869937649514,0.0,4.974869937649514,0.0,7.824445930877619,0.0
6.265906732795484,7.3814832143820475,0.0,7.3814832143820475,0.0,6.90875477931522,6.966889314662121
3.3311075515932194,6.037154673025098,0.0,6.037154673025098,0.0,7.601402334583733,6.104860888608396
5.292962022255846,7.574173399800058,6.706752306099736,7.030273751405338,0.0,7.0909098220799835,7.579705889118447
8.41360903531937,8.908583715619459,7.735957690534947,8.538363510446516,8.59890253243838,9.305741456739435,9.255493402166609
7.817100359971776,7.190743854187627,7.190743854187627,0.0,7.617853555476522,8.160803920954665,7.3085160409856575
7.590684948604494,7.110704286210814,6.690655924652239,6.043012808988559,0.0,8.160803920954665,6.06551353520075
0.0,4.007333185232471,0.0,4.007333185232471,0.0,8.294299608857235,0.0
6.179617342054249,7.7546530593480005,6.738034004163921,7.306195772153337,0.0,8.412054873292933,7.5288091226472424
7.001238061020855,7.35763272859428,6.718566194610238,6.608661675310379,0.0,7.0909098220799835,6.901986540761389
6.3988292980849,8.157373307333426,8.157373307333426,0.0,0.0,8.517393171418904,4.665517141023379
5.3738878858010075,6.090042110468976,6.090042110468976,0.0,0.0,8.006700845440367,6.295316636689026
4.2788995813145485,5.7623657987550985,0.0,5.7623657987550985,0.0,6.90875477931522,5.13849475753241
7.484613500384836,0.0,0.0,0.0,7.665202465674711,7.601402334583733,7.849344085385878
5.32382084541942,7.8753169049929586,7.478926897516358,6.759464065569856,0.0,8.294299608857235,7.837951029238041
7.022027632287261,6.0372024387818355,0.0,6.0372024387818355,7.071483587685985,7.601402334583733,7.2176122699737295
8.58812356084793,8.566379467599136,7.96419048875106,7.773586053357611,6.613514079745865,9.305741456739435,7.265673466972612
5.642188212265251,8.460588976920636,5.225746673713202,8.420647048123621,0.0,8.922791623969637,8.371114882059063
2.9862117468217972,0.0,0.0,0.0,5.247091843548164,8.922791623969637,6.573622331489324
7.834823711423931,8.031323560187221,7.494902850818892,7.153020335543121,6.8160433988256575,8.612685172875459,7.78583791337866
0.0,5.485211785187126,0.0,5.485211785187126,0.0,7.824445930877619,0.0
7.886546661946497,0.0,0.0,0.0,7.407274620342021,8.006700845440367,6.215090428082537
8.77902039692415,6.576135251331843,0.0,6.576135251331843,8.82064691223288,9.210440366976517,7.103879922518288
7.49991850718855,5.414321042304342,5.414321042304342,0.0,6.752346785605642,7.601402334583733,6.912040468429063
2.1179864255504075,6.108669638008687,0.0,6.108669638008687,0.0,8.160803920954665,6.32269275962395
8.518547272434603,8.484302163472181,8.164638319739968,7.188994138447058,0.0,9.433563920090563,7.784029070942599
6.721320962775689,7.947498279334146,6.863646639356074,7.53510447895165,0.0,8.006700845440367,7.691219386053147
7.218860746713535,4.31748811353631,4.31748811353631,0.0,0.0,7.313886831633462,5.802420347905658
0.0,0.0,0.0,0.0,4.295772738904719,8.006700845440367,5.292527044945269
6.140038178356192,0.0,0.0,0.0,7.232002727875908,6.90875477931522,8.602702199915283
7.47645660980511,4.5689210533129705,0.0,4.5689210533129705,0.0,8.517393171418904,7.896514698688794
7.820576306788972,7.695430515385368,7.633021089423543,4.897839799950911,0.0,8.343077871169383,6.655023863391586
6.138463156746291,4.836281906951478,0.0,4.836281906951478,0.0,6.2166061010848646,5.528588869547785
6.040106138336239,7.0623972666693495,6.523165751761288,6.18931080304803,0.0,8.853808274977197,6.742417332728895
5.963495684592135,6.851703311627986,0.0,6.851703311627986,0.0,6.90875477931522,6.72468369859079
4.479805832125861,5.330106689037444,5.330106689037444,0.0,0.0,7.3783837129967145,5.8190448576166185
5.469173841415789,7.575902549740759,7.266771480038244,6.253251722014396,0.0,7.496097345175956,7.426710899183596
6.312659753310968,5.273153392884487,5.273153392884487,0.0,0.0,8.294299608857235,6.380156887157246
6.858889705819518,4.927471052835487,4.927471052835487,0.0,7.067263506060294,7.0909098220799835,5.748531637347061
5.069149065320577,7.485396205051304,7.437483124801143,4.435093355610574,0.0,8.412054873292933,7.546445997082839
5.794769498832664,7.76354838097604,7.76354838097604,0.0,0.0,8.77971129020447,8.277056813610747
7.892952706736899,7.275788473081437,7.13625247393805,5.242698942785024,0.0,8.987321812850125,6.562666026691889
7.801959594963058,0.0,0.0,0.0,6.556548632330363,7.824445930877619,6.206194412425344
7.112785316236862,5.8888779583328805,5.8888779583328805,0.0,8.972659377226151,7.824445930877619,9.223595371046875
6.633578957235801,7.479181053676918,7.215894176460798,6.018349875889364,0.0,7.824445930877619,6.497530847741638
6.973384406754534,6.236252166480063,0.0,6.236252166480063,0.0,6.90875477931522,6.7007536935486325
5.194584747369666,5.388020949629816,0.0,5.388020949629816,7.827671162845492,8.006700845440367,5.358500662759357
0.0,5.204006687076795,5.204006687076795,0.0,0.0,7.824445930877619,5.11657414048862
4.521912797594219,6.932008770782842,6.670956416844926,5.465525285531943,0.0,8.006700845440367,6.7508734359216644
6.4388996657138176,0.0,0.0,0.0,7.474393180353109,7.0909098220799835,6.8051293154706425
8.60885241220959,0.0,0.0,0.0,7.981643359177397,8.77971129020447,7.012533573482114
7.2184804411384125,0.0,0.0,0.0,4.048757133814749,7.313886831633462,5.7327391182903575
8.529925968267813,7.916927789935439,6.2505542251956605,7.707975008833624,5.910567357593798,8.922791623969637,9.329448915425504
4.599794663722252,7.096208001706332,6.925850567251229,5.247655451745809,0.0,8.77971129020447,7.045426035481897
9.185047089024485,7.348349407340327,0.0,7.348349407340327,8.544957440332064,9.305741456739435,8.006583826264666
6.519533083718123,0.0,0.0,0.0,7.3353293318755,7.313886831633462,5.814552222005741
7.340405958617796,6.314670604378717,5.8888779583328805,5.260719336132718,0.0,7.313886831633462,6.486870243014708
6.271168323049309,6.7681943164091845,6.520238138174605,5.2574953720277815,0.0,6.398594934535208,6.922250767907524
6.999806099203882,6.693782051424342,6.693782051424342,0.0,6.950512207349922,7.824445930877619,5.524407444585604
3.7714504706116845,0.0,0.0,0.0,6.073135032309466,7.783640596221253,6.487596535206006
7.716614479681086,7.996418236796579,7.1225036895079645,7.456887736902714,0.0,9.15915233520675,6.571188653706455
2.5310899269146634,4.770430354853751,0.0,4.770430354853751,0.0,7.824445930877619,5.962844191712418
3.7409876788555265,5.4638318050256105,0.0,5.4638318050256105,0.0,8.006700845440367,5.584835355467412
4.43606689768605,0.0,0.0,0.0,4.527901085806647,6.621405651764134,3.61645028352242
7.000542499709187,5.750602445300092,5.750602445300092,0.0,0.0,8.517393171418904,6.221586041848058
5.159488630600277,0.0,0.0,0.0,7.085901172315359,7.0909098220799835,5.799433887143122
5.528470846799372,7.151132737127156,6.6497355632804975,6.222516742490233,0.0,8.853808274977197,7.157641869276262
4.783040768543038,7.405404473631496,5.236548340150405,7.284704307690958,0.0,8.853808274977197,7.39386871380114
3.6575225500057233,5.072921280180533,0.0,5.072921280180533,0.0,7.313886831633462,5.188998209130237
8.5099175536363,6.428751267539102,6.428751267539102,0.0,7.84623939174775,8.853808274977197,7.788905228893219
7.604791672240147,6.188099838541396,4.869071729774468,5.879750557477981,0.0,8.412054873292933,6.13607063330245
2.8430039067598294,5.152713392689245,0.0,5.152713392689245,0.0,7.313886831633462,4.983626779039422
7.203698799501346,7.865387550389661,7.78618629113115,5.295312857527738,0.0,8.699681400989514,6.567869247789304
6.178370350999554,7.327767397730825,7.030680625819436,5.97172091807137,0.0,8.699681400989514,7.29885027989944
7.033329116707146,6.021605704019969,5.49491158262871,5.13456237932792,0.0,8.006700845440367,6.704111093298661
5.990608130487936,7.194624521176892,5.859275110800027,6.8903852904196095,6.475405479045013,8.699681400989514,5.842329528628569
7.007475202468252,6.5722825426940075,3.828641396489095,6.507277712385012,0.0,7.0909098220799835,6.424271044503039
2.0592948276926197,4.32280727501391,0.0,4.32280727501391,0.0,7.601402334583733,5.424052473840427
6.7554338204423745,7.110696122978827,6.336825731146441,6.493753839851686,7.881113461292529,7.601402334583733,7.822283250106071
3.945123199435856,6.076724391058805,4.174387269895637,5.917818006939683,0.0,8.294299608857235,6.290422921790538
6.031348693986588,5.259264639284336,3.713572066704308,5.026114864944642,0.0,7.313886831633462,8.15145214456813
7.638349619147872,6.379563058386947,5.629884736811954,5.743131384720113,0.0,7.824445930877619,6.406536019328779
7.827306338208291,0.0,0.0,0.0,9.167268392094531,8.922791623969637,8.111530312652746
4.528542716410784,5.1973914479580765,5.1973914479580765,0.0,7.0034669645358765,7.0909098220799835,7.226786391020587
4.8131941867844175,6.960309777717026,4.093677673234397,6.902742737158593,0.0,8.006700845440367,7.287159190382439
6.617374367939545,7.758794702412862,7.578063627638048,5.961623705096961,0.0,7.601402334583733,6.602591444421833
6.630535559413183,5.187385805840755,0.0,5.187385805840755,0.0,6.90875477931522,7.2379624819143995
8.064001174642117,6.984947774812043,6.984947774812043,0.0,0.0,9.04793908261736,7.65447151659127
8.162655704915482,0.0,0.0,0.0,8.404781665709756,8.517393171418904,5.66194730732745
6.021442276150546,7.764822407155485,0.0,7.764822407155485,0.0,8.412054873292933,7.712850561031664
7.511332057949305,6.3929885659828845,0.0,6.3929885659828845,6.110369510945289,7.601402334583733,6.815739184715784
4.081596955638625,6.324233506483375,6.324233506483375,0.0,6.1195517673955395,8.45553053102413,0.0
7.656338869361562,0.0,0.0,0.0,8.28938554233867,8.853808274977197,6.584257837086975
7.9275554310134995,0.0,0.0,0.0,7.636350620367679,8.294299608857235,6.691550601652992
7.086642331278526,5.903998521326706,5.903998521326706,0.0,0.0,7.0909098220799835,6.340975276235224
7.757970337919334,6.22184187148407,6.22184187148407,0.0,7.649567894504579,8.699681400989514,6.292402316444116
7.623049581459714,0.0,0.0,0.0,8.699267217243596,8.77971129020447,8.996754350740403
5.021117325155972,7.900584740609298,7.532623618788788,6.723664157431584,0.0,7.0909098220799835,7.840786073677838
2.7108623100814744,4.53431844501614,0.0,4.53431844501614,0.0,6.2166061010848646,4.52907386607278
7.259627660155707,0.0,0.0,0.0,5.745578391560049,7.313886831633462,6.230018807112316
7.8484435399137995,4.711779921046349,3.713572066704308,4.26619481914876,8.21702703472086,9.210440366976517,6.7826687904234415
6.293457832631925,6.418740069479996,6.207805009802453,4.76745908903181,7.444203746149384,7.601402334583733,7.404320935178744
7.391550491249107,4.599152113662528,4.599152113662528,0.0,7.918108719437293,8.294299608857235,8.186768628137832
6.134625597269539,6.7634344607057075,6.7634344607057075,0.0,0.0,8.006700845440367,7.539700725666013
5.593478995993699,7.83176414925026,6.411095510689045,7.5558057162886465,2.9735594635927525,7.824445930877619,7.749434069208198
7.732284867126416,0.0,0.0,0.0,8.345854866305123,8.517393171418904,8.458517593917348
7.259161875115433,0.0,0.0,0.0,6.8211672687238005,8.006700845440367,5.395435774158989
3.737935868549906,7.182162124233888,4.837788707664819,7.082179063648951,0.0,8.699681400989514,7.173272025306791
8.557448611959765,0.0,0.0,0.0,8.82534662927372,8.853808274977197,7.058428335452278
6.6585158555317525,7.525801687032832,5.1670690799380825,7.427084643239349,0.0,7.0909098220799835,6.739879821812184
6.461112464658314,7.646903022102767,7.1064421898623555,6.7746238063789415,0.0,7.0909098220799835,6.926544527296964
7.283954251804272,7.06721754163001,7.06721754163001,0.0,3.0262353385769436,8.216358332386156,5.862921395354595
5.0584613873494195,7.703400381886431,7.703400381886431,0.0,5.933454850735737,9.581972891547895,8.967137143038688
2.1200629560852446,4.518086079080978,0.0,4.518086079080978,0.0,8.006700845440367,0.0
7.590570749258023,3.609294974771094,3.609294974771094,0.0,6.828358286123244,7.601402334583733,7.116077142555085
6.40721541495527,7.15500590563958,6.298949246855942,6.603266088213975,5.318847802456674,6.90875477931522,6.49578128093405
8.257444221442817,0.0,0.0,0.0,7.5167705735634165,8.922791623969637,6.885717553333563
7.825819679375907,7.602246555839812,7.271175422825089,6.337621874317336,5.597536392926389,8.006700845440367,7.090385418992726
8.301282539506277,3.58351893845611,3.58351893845611,0.0,0.0,8.294299608857235,5.797566839481518
7.770228931453486,0.0,0.0,0.0,5.438533340617813,7.824445930877619,6.494609863676424
7.170815375148744,0.0,0.0,0.0,8.498781374394905,7.824445930877619,8.219059353323209
7.770770639767671,6.929056782402053,0.0,6.929056782402053,5.062726125699769,7.824445930877619,6.986447035454968
8.39348586945375,7.047969293070523,7.047969293070523,0.0,7.573304327440014,8.517393171418904,7.1320166085494066
7.223526947493244,7.2372604446875775,6.61598486062175,6.46822653709818,4.1766434305423585,7.496097345175956,6.070236089500854
3.9942455324912567,6.349698275510708,0.0,6.349698275510708,0.0,6.90875477931522,6.3055765848833705
3.8769132690187202,6.461468176353717,0.0,6.461468176353717,0.0,8.101980731853192,6.846955885519027
2.389752299508291,5.376481387517391,0.009950330853168083,5.376435145811989,0.0,7.0909098220799835,6.164668861621598
7.456234309086732,8.170315808529004,7.8377516579124045,6.908714818476837,0.0,8.517393171418904,8.490696440135938
3.1154212251315303,0.0,0.0,0.0,6.992793394037039,7.0909098220799835,7.068663159136546
6.782598989071316,8.45153617833303,7.74181156975549,7.775116236941873,0.0,8.853808274977197,8.450373788805075
1.7220838647319534,6.319256360487639,0.0,6.319256360487639,0.0,7.313886831633462,0.0
7.138204394756897,7.945470408698941,6.659627197473758,7.622419303004332,0.0,8.412054873292933,7.285047350578416
6.307159272030457,7.112294844342524,6.977495870856513,5.048123738507248,0.0,7.313886831633462,5.994345610356665
8.075918626255111,6.019176985674518,5.695481449616815,4.74249437685131,0.0,9.15915233520675,6.650531276801084
7.192545802934042,7.318711947499455,6.920276559535809,6.2079056873625165,7.846145652894961,7.601402334583733,7.733085369121888
7.3808739215323484,0.0,0.0,0.0,4.307328276738304,7.438971592395862,6.082525959122566
4.423816376775354,5.394717860834352,0.0,5.394717860834352,0.0,7.313886831633462,4.860552161681494
8.801497683008304,5.316599230226049,5.316599230226049,0.0,8.538694305466795,9.305741456739435,7.9576226927552405
5.091150991431006,5.272999558563747,4.0943445622221,4.912654885736052,0.0,8.517393171418904,6.6059172744407535
2.9349336834809563,4.826071224749521,0.0,4.826071224749521,0.0,8.006700845440367,5.604292762428554
6.966988108233893,5.305839007946883,5.305839007946883,0.0,0.0,7.0909098220799835,6.011321920454589
7.802786169459183,7.558334149433305,7.195869757932751,6.369455678215392,8.343330222568175,9.04793908261736,8.460557518006054
7.702520500168319,3.9871304779149512,3.9871304779149512,0.0,7.619166063443194,8.160803920954665,6.558776421195963
7.303319495288337,3.985830932572866,3.985830932572866,0.0,8.060122392866798,8.006700845440367,7.534853240541565
7.679119886557795,0.0,0.0,0.0,7.8833996696707285,8.006700845440367,6.497310251131387
4.0569622528352545,4.544358046591334,0.0,4.544358046591334,0.0,7.824445930877619,4.437418306104276
8.33922040069704,6.197685719226242,3.8426729272933526,6.10022926189937,5.192679451307392,8.412054873292933,7.341482758389782
3.660740516637169,6.182704549409183,0.0,6.182704549409183,0.0,7.824445930877619,6.296406334407631
8.342748869184609,2.9069010598473755,2.9069010598473755,0.0,7.953974883189922,9.100028223304266,9.23284539939962
6.838569396369737,6.352002021861011,0.0,6.352002021861011,0.0,6.90875477931522,7.4931427731744416
7.97470372663841,7.238123207883853,6.57099500088096,6.519737084477693,5.47782152068782,8.853808274977197,7.322111417809212
4.427322594071151,5.909901934964616,5.672532576651243,4.368181227851829,0.0,8.45553053102413,6.415668897056932
8.162039896325323,8.578137762043593,8.239725441371428,7.330863822262897,0.0,9.472781556562168,8.379933638860399
4.357834231645345,5.745595977469612,5.745595977469612,0.0,5.570135936355051,8.294299608857235,4.706867641826629
1.5119099752227974,4.006423680849631,0.0,4.006423680849631,0.0,7.0909098220799835,4.831449248445447
6.839554078683696,2.5952547069568657,2.5952547069568657,0.0,6.990704876017483,7.824445930877619,6.1791666568968955
5.692656044869734,0.0,0.0,0.0,6.211700389129888,7.696667081526462,7.424840012190311
8.578427382137203,0.0,0.0,0.0,8.18788231294821,8.987321812850125,7.367563911027585
7.334647043955889,6.864388382276924,6.709499443175706,4.93014804318357,7.345786328724737,8.294299608857235,6.052168229328473
7.088299968916094,4.772716457199891,0.0,4.772716457199891,0.0,7.0909098220799835,5.942958443839432
8.46736068618806,8.239289817927999,8.184499805935065,5.312713246831769,6.273200867305158,9.259225769705994,7.101156529483969
6.879213985762668,6.336507096316959,6.336507096316959,0.0,0.0,7.989899374942939,5.861255791264327
7.883696313472008,5.807571756572542,5.807571756572542,0.0,6.965610692194912,8.160803920954665,6.724647379101479
7.337068307418836,0.0,0.0,0.0,5.451218600428409,7.804251383528112,5.88332886200493
7.422798712270599,0.0,0.0,0.0,6.094242961008467,7.496097345175956,6.071018887087888
6.391700125028209,6.898714534329988,6.898714534329988,0.0,0.0,8.006700845440367,6.641010392585652
6.943652867051093,6.437751649736401,0.0,6.437751649736401,0.0,6.90875477931522,6.784556915118282
6.950924681942104,6.398461814194222,0.0,6.398461814194222,0.0,8.517393171418904,6.5352398268907
8.057109893365764,0.0,0.0,0.0,5.001690817934937,8.160803920954665,6.884386001122992
6.958815388684252,6.034524036568429,0.0,6.034524036568429,0.0,6.957497370876951,6.234898653720964
2.29853289391386,3.9581429410416993,0.0,3.9581429410416993,0.0,7.0909098220799835,5.125513296448682
6.324103442283634,3.131136910560194,3.131136910560194,0.0,0.0,6.398594934535208,5.095422470495723
7.15291010849116,6.566953684199695,6.566953684199695,0.0,6.61138367500225,8.216358332386156,8.053739252284844
7.383125588677555,0.0,0.0,0.0,6.916565661330928,8.853808274977197,6.262409917196323
8.008796460832865,7.266296480378578,3.9318256327243257,7.2307369254208504,0.0,8.006700845440367,7.618502878462316
6.22106079095071,6.4043354974767395,5.798122487030562,5.619603446413595,0.0,7.0909098220799835,5.458599385525929
7.384785655835688,0.0,0.0,0.0,7.16786985402573,8.517393171418904,6.3586542279393585
3.816493979678794,5.92908369652421,0.0,5.92908369652421,0.0,8.294299608857235,5.738514999533554
7.18083398595087,6.698600921027201,6.698600921027201,0.0,6.633319000385479,7.313886831633462,5.55283393361697
7.268710742511003,3.9318256327243257,3.9318256327243257,0.0,0.0,7.313886831633462,5.622887188919031
7.83357584143042,5.980100217028932,5.40357787720553,5.160663201249242,7.974306862645135,8.006700845440367,8.225657456201873
8.50259530099173,5.427721503759297,5.110721927251374,4.14059181338742,7.546753091508965,8.612685172875459,6.882894088783359
6.8965460172879816,7.86342824942518,7.585088068647719,6.450154416453444,0.0,7.496097345175956,7.671910999270866
5.844379505928704,4.995521656286208,0.0,4.995521656286208,0.0,7.313886831633462,4.919062182745035
7.756841854949082,6.503749106110217,0.0,6.503749106110217,8.080740620857357,8.853808274977197,6.713427327832339
7.033208041168915,5.170483995038151,0.0,5.170483995038151,0.0,7.0909098220799835,5.5423486033286595
7.585999186913372,7.187702514560532,5.712147390987829,6.92906657159185,6.745667978672022,8.612685172875459,7.476091578203334
7.042206746582836,0.0,0.0,0.0,7.725548948612277,7.824445930877619,5.115294075596251
8.09283922129321,0.0,0.0,0.0,7.452196917922142,8.294299608857235,6.856659594542139
5.42795902332419,6.512458299789599,0.0,6.512458299789599,5.46409916758614,8.412054873292933,6.769220433365703
6.45576167991745,5.5254529391317835,5.5254529391317835,0.0,0.0,8.987321812850125,8.51640348447978
6.446901324308271,5.873525249243295,5.873525249243295,0.0,8.014442212450849,8.517393171418904,5.554104669372181
6.52848106876682,8.53820489141092,7.725819984099065,7.95193250095536,0.0,8.160803920954665,8.444902003387263
6.7554981088334,6.462342793764378,0.0,6.462342793764378,0.0,7.696667081526462,5.3531486227114105
4.28331496636122,7.072964586166129,0.0,7.072964586166129,0.0,8.071218539969863,7.296313021715453
8.651750250465074,7.3852557366544955,7.2783804642475936,5.10230248262208,8.524343119254013,9.105090961257085,8.516868219018427
2.4811041795525304,0.0,0.0,0.0,5.967669666061038,8.006700845440367,0.0
6.956649258714928,5.303404405596594,0.0,5.303404405596594,0.0,6.90875477931522,6.3089324633797865
4.555000071124514,6.96999741544555,6.6723113877050855,5.616771097666572,0.0,8.853808274977197,5.627154213342725
8.967775278053798,5.983936280687191,0.0,5.983936280687191,9.312135499886248,9.392745258631441,9.177536000867367
4.884854458631726,4.998967489228574,0.0,4.998967489228574,0.0,6.90875477931522,6.067164928205318
3.671637207244551,6.081647971165961,0.0,6.081647971165961,0.0,8.006700845440367,7.3999868280299905
6.754968918714221,4.9427846271880815,0.0,4.9427846271880815,0.0,7.0909098220799835,7.098488614853356
1.6594966050143813,3.4735180432417816,0.0,3.4735180432417816,0.0,6.90875477931522,0.0
7.5564934759198525,6.251980951486994,6.110824117158469,4.238877712954399,8.750831622478069,8.160803920954665,8.25284942145988
4.28097370304023,0.0,0.0,0.0,7.523253343856947,8.699681400989514,0.0
4.699471047511137,7.044774332640225,6.102222967827401,6.55250788703459,0.0,8.517393171418904,6.7744969416460545
1.6079884624888707,0.0,0.0,0.0,4.849868076513742,7.0909098220799835,5.0683982063013575
2.1349904804538222,1.7578579175523736,0.0,1.7578579175523736,0.0,7.696667081526462,4.269945600726131
3.956869307549319,6.132725365606877,0.0,6.132725365606877,0.0,8.699681400989514,5.638005886096015
6.458933183159308,3.653770277000368,0.0,3.653770277000368,0.0,7.313886831633462,7.434150282482047
6.161155200083605,0.0,0.0,0.0,6.982234987676126,7.0909098220799835,0.0
6.647842991959484,0.0,0.0,0.0,6.990411567660034,7.824445930877619,4.180968519730049
7.053565415837878,0.0,0.0,0.0,7.018330202952097,7.313886831633462,7.169459835890441
7.888307057751446,7.115273386409006,6.496171489865795,6.343915582893492,0.0,8.987321812850125,7.434632844420392
5.644517122780337,7.004146692224677,7.004146692224677,0.0,6.882489211197761,8.648396877031582,7.4358161099813715
5.995113643549665,0.0,0.0,0.0,6.714120921882897,8.517393171418904,6.942329422184085
7.48804843420621,0.0,0.0,0.0,6.90565750519249,7.496097345175956,7.060546494871186
6.3335375504698925,7.535568955822913,6.222596109144375,7.2229309157428405,0.0,8.412054873292933,7.300533162210498
2.172202452129195,4.208417018481948,0.0,4.208417018481948,0.0,7.601402334583733,4.868379301161006
8.523912527430532,0.0,0.0,0.0,8.00559534756505,8.853808274977197,6.972276404968413
7.8093045823464475,7.096969692033262,7.096969692033262,0.0,6.155982353519545,7.824445930877619,7.384173100742474
5.804254222739682,4.050044303325521,4.050044303325521,0.0,7.427282096526603,8.294299608857235,8.192612163974218
7.29531318933208,0.0,0.0,0.0,7.7397955876508835,8.294299608857235,6.402300629011942
3.4741346902852093,5.41969393771455,5.41969393771455,0.0,0.0,7.496097345175956,5.653852906112071
5.635595667497807,7.9377746161846225,0.0,7.9377746161846225,0.0,8.699681400989514,7.83047620199403
5.855064088360854,0.0,0.0,0.0,7.1111918490659365,8.412054873292933,8.15698124020711
8.133532660364924,0.0,0.0,0.0,6.453759345773257,8.294299608857235,6.817657826775347
6.200590758949845,2.8903717578961645,2.8903717578961645,0.0,5.152219719667112,6.398594934535208,5.500873283408557
4.859750937356336,6.386879319362645,0.0,6.386879319362645,6.3654247499773176,7.601402334583733,7.055881382294816
3.3192605980253793,5.530182771674116,0.0,5.530182771674116,0.0,7.313886831633462,5.375153520256426
8.33578137636175,0.0,0.0,0.0,7.938745494047563,8.517393171418904,7.141072343371223
4.569720246523337,7.175275459609965,0.0,7.175275459609965,0.0,7.438971592395862,7.028564052473486
7.724063100591529,0.0,0.0,0.0,6.734975129839693,7.824445930877619,6.664867934166006
7.566259674427656,8.633565454623199,8.50950974922835,6.486678947359755,8.363689123790243,8.612685172875459,9.296099999187179
7.985348228680528,0.0,0.0,0.0,8.278311618826507,8.517393171418904,7.529634502724315
6.167151732548206,6.85751406254539,6.85751406254539,0.0,0.0,8.412054873292933,4.783572907501015
4.984194818549666,7.159089707063046,7.159089707063046,0.0,0.0,8.006700845440367,7.834184260289281
7.780428258511315,0.0,0.0,0.0,4.781969020587369,8.071218539969863,6.403192439643927
0.0,6.014643820055388,0.0,6.014643820055388,0.0,8.699681400989514,6.284160125285967
8.445378829695205,8.304843674343315,7.9129283032583695,7.179330835096273,8.183781776138435,8.517393171418904,8.94043991588773
6.994255194864498,6.391632315722667,6.335940383589716,3.506457892319648,4.99928066020431,7.824445930877619,5.76054562075852
7.727965878474541,0.0,0.0,0.0,8.193909789415565,8.160803920954665,6.6160419131083446
4.335999122739128,6.542385501437915,0.0,6.542385501437915,0.0,8.294299608857235,6.694195347726554
3.7282845012382055,6.173786103901937,4.394449154672439,5.991464547107982,0.0,7.601402334583733,5.9667658320614905
3.3498350673489248,0.0,0.0,0.0,3.657698233463122,6.90875477931522,3.857895783468976
7.134325058866055,4.9344739331306915,4.02535169073515,4.430816798843313,0.0,9.105090961257085,5.714265294075202
0.0,4.949043538089615,0.0,4.949043538089615,0.0,6.90875477931522,4.874478614610315
7.640754219216696,3.258096538021482,0.0,3.258096538021482,7.7931287970594045,7.824445930877619,6.294688744452983
6.87369586760589,9.09903667499568,9.09903667499568,0.0,0.0,8.612685172875459,8.977000119804707
6.941525316076822,0.0,0.0,0.0,4.963705050202272,7.313886831633462,7.4288169357548455
7.731082946460308,8.857375679391604,8.857375679391604,0.0,0.0,8.160803920954665,8.710199911318226
6.613496271161814,7.001227406967335,6.380935765461797,6.2314652154886145,5.168859016384281,8.517393171418904,7.536037585957344
7.175400668343817,0.0,0.0,0.0,6.923957704892244,8.987321812850125,7.261388194540761
6.623035242035335,6.90875477931522,0.0,6.90875477931522,0.0,7.438971592395862,7.6139507545667975
7.954878760467104,7.6727672032534615,7.399667160276753,6.243351033954403,5.957602598096381,8.160803920954665,6.828283078121969
7.476621420453375,4.314817884980432,0.0,4.314817884980432,0.0,7.496097345175956,5.878644265341994
3.8833680455979587,6.030204375423913,3.9889840465642745,5.893851718240982,0.0,8.412054873292933,6.304024652153905
8.169666863266496,6.682734967655067,6.361008824789389,5.39666837289499,8.570587391774529,8.294299608857235,7.999862019049226
3.8286417225759983,6.293419278846481,0.0,6.293419278846481,0.0,8.853808274977197,6.516290189670478
5.98997239940911,8.205139188283479,7.9180134714346675,6.818268112480601,0.0,7.824445930877619,8.201755222212988
7.2413135698986055,0.0,0.0,0.0,8.316969340059943,8.517393171418904,6.192680520697173
7.694850954947593,6.504123489318261,6.3131675391108155,4.763028270603671,0.0,8.922791623969637,6.36347144490533
3.7989954619733832,7.66104696612164,7.510797210553353,5.694775365496226,0.0,9.259225769705994,7.604604103994998
9.070366175161643,6.93124717099599,6.93124717099599,0.0,7.996983460995231,9.105090961257085,8.69302574995941
7.7309065358067635,4.483115539980786,0.0,4.483115539980786,0.0,8.987321812850125,6.406928999719611
8.347228352633714,8.897407497842147,8.897407497842147,0.0,0.0,8.81001204797317,7.928134077494131
7.855441317147767,0.0,0.0,0.0,7.864313635806128,8.006700845440367,5.746725673830291
5.144985663767507,7.770577721301714,7.2899927009709975,6.808244288113202,0.0,7.824445930877619,7.661202961072506
8.788463361240238,5.872878063773937,5.872878063773937,0.0,7.9877465200737285,8.853808274977197,7.382469486014866
8.495604572942874,0.0,0.0,0.0,6.991468249454891,9.305741456739435,7.04684280703455
1.5178580064990403,6.601230118728877,0.0,6.601230118728877,0.0,7.601402334583733,7.136719995192114
8.422869496915245,7.648019796744922,7.208104286005244,6.6162793522911025,6.718663525639402,8.77971129020447,7.264079974290978
5.064897658430149,7.484323698455903,7.118720980363627,6.302710546643738,0.0,9.259225769705994,7.430866673841424
7.020736451234901,5.684463730269801,0.0,5.684463730269801,0.0,7.313886831633462,5.765164290513173
2.0976187064704637,4.110873864173311,0.0,4.110873864173311,0.0,8.006700845440367,5.449672147203562
2.959526379263862,0.0,0.0,0.0,5.014860355938813,8.006700845440367,5.73191528654658
5.095549238010173,0.0,0.0,0.0,6.061889988310097,6.2166061010848646,4.521065021867852
3.8307081288908407,6.154624521092828,0.0,6.154624521092828,0.0,7.601402334583733,5.897863409808191
5.122542099964011,7.5136601467979345,5.384128022961147,7.387703050943082,0.0,8.853808274977197,7.169816021237575
7.5065723776848134,7.2705981620158475,7.170957653675575,4.922313968589491,0.0,8.77971129020447,6.388921216436179
7.600562363716053,8.594457890147435,8.454278950421166,6.561765897669082,0.0,8.832149906002899,8.119968291249098
7.072936844266966,6.922998508394831,5.779786267653029,6.540553695299022,0.0,7.0909098220799835,7.132037134182585
5.811666414798716,0.0,0.0,0.0,6.566553798294228,7.0909098220799835,4.489383405238363
7.08560410384036,6.746588376260579,6.746588376260579,0.0,8.075937907925553,7.824445930877619,8.171275988355347
4.809447516081072,6.193425319154285,0.0,6.193425319154285,0.0,8.922791623969637,6.132160802876417
7.238183411751847,0.0,0.0,0.0,5.0449833667332795,7.313886831633462,6.230400314366012
1.7207823089129668,5.525293563882423,0.0,5.525293563882423,0.0,8.294299608857235,5.519208322673647
8.068507753830364,5.395625549015034,5.186267862739414,3.752792779857589,6.075133870653216,9.105090961257085,6.699096147649451
7.378702349921768,0.0,0.0,0.0,4.563597993473009,7.496097345175956,6.363527828657067
6.108222815647635,5.707110264748875,5.707110264748875,0.0,7.008863302398007,8.594339400592892,8.258852408360859
6.939903266195294,7.469796694132398,7.060510700174325,6.380478405774315,0.0,8.294299608857235,6.216635901040044
4.914500387631706,6.808542493910545,4.165113633110308,6.735958145644395,0.0,8.922791623969637,6.899443388731802
6.078911987341548,7.32847674804825,7.225001008032612,5.015423810828053,0.0,8.006700845440367,7.538817820637967
8.457625923603986,0.0,0.0,0.0,8.25149879025352,8.699681400989514,7.1235291213802165
7.743039966723152,7.09254877800787,5.92756582125775,6.719894408478858,6.9185500205469435,8.006700845440367,7.135175214318215
7.826876343682798,7.452576450006086,7.327333658033557,5.318021949822372,6.332949390668809,8.006700845440367,7.1928199688245815
4.008342639198698,6.308134870718474,0.0,6.308134870718474,0.0,8.294299608857235,6.545481212025944
6.600927736059322,3.5371840908617425,0.0,3.5371840908617425,6.827139613032685,7.313886831633462,7.463360957738152
6.281354457989803,7.71645634582345,7.34277271681899,6.55250788703459,6.8573666931171235,8.853808274977197,7.833217814181078
6.544929557735863,0.0,0.0,0.0,7.40323851106017,8.412054873292933,6.214081543816644
5.725936224784628,7.027137036002218,6.06814777187894,6.545234711199285,0.0,8.006700845440367,7.530545849836732
7.264916215907145,7.307624760733142,7.253385453388115,4.378896741664954,8.596412546566555,8.566173813637858,8.443610596243241
0.0,6.413803160217772,0.0,6.413803160217772,0.0,6.90875477931522,6.530183147563297
6.728376339639637,0.0,0.0,0.0,5.337668253920595,9.510519035757246,6.576827737488779
8.301450750690108,8.1850017789785,8.157490812273785,4.588329168792065,6.173117009274709,8.77971129020447,8.835000528212422
7.81269678210956,0.0,0.0,0.0,7.448053298538296,8.294299608857235,6.387599181411898
6.721920064115125,8.265053279660435,7.867706852035595,7.150787728380899,0.0,8.987321812850125,8.165880382074945
3.621913723017417,6.9964069765767,6.9964069765767,0.0,5.42839811441481,8.006700845440367,7.768505423581861
8.564104805357413,4.076010855533596,4.076010855533596,0.0,7.997988162287253,8.699681400989514,7.105880262048202
7.771004561546469,9.203912759059877,9.048017893768824,7.269101296450751,0.0,9.210440366976517,8.208374390006268
5.900308570391132,0.0,0.0,0.0,7.232722283517569,8.006700845440367,7.6262474383197425
7.42223446834163,7.205961774890131,6.7933540186721615,6.123676319416487,0.0,8.699681400989514,8.388988494610011
3.9429632995721082,6.216566180128353,0.0,6.216566180128353,0.0,7.824445930877619,6.613733769360033
6.337471964770382,0.0,0.0,0.0,6.912414484009587,7.0909098220799835,7.106903667231501
5.6475229461095555,5.14166355650266,5.14166355650266,0.0,0.0,8.612685172875459,7.313457566960932
3.7728598527426533,4.775925106410581,0.0,4.775925106410581,0.0,7.824445930877619,7.250743294592401
7.048620941599173,6.398594934535208,6.398594934535208,0.0,7.320945658194396,8.294299608857235,7.39218989570707
7.790149508823034,4.839846973115974,0.0,4.839846973115974,0.0,8.006700845440367,6.431144159472615
2.4212144370970545,4.794136285500715,4.794136285500715,0.0,0.0,8.517393171418904,6.568752418431524
7.33225542705623,8.068402958569699,8.068402958569699,0.0,7.619067922906639,8.507344855361422,8.593079361752332
4.213875521221887,6.300785794663244,0.0,6.300785794663244,0.0,8.006700845440367,6.162242022494451
8.847377059340332,0.0,0.0,0.0,8.506319606280968,9.259225769705994,7.458896625774594
6.880099618297307,7.525478236895241,6.874343262636895,6.789602174858865,5.769723686562939,8.160803920954665,6.243077283946022
6.10605060230833,6.815738669415891,6.815738669415891,0.0,6.7992965889346,7.0909098220799835,7.678397906006391
7.206212309020666,7.495069610130007,5.882765130184641,7.273335453391386,0.0,7.313886831633462,7.102079378707736
7.5919190936675545,0.0,0.0,0.0,5.299233172070116,7.601402334583733,6.093956307068223
8.76393344513788,0.0,0.0,0.0,5.456950854986402,9.15915233520675,7.435007255072338
6.011119876791695,7.869470517549423,7.869470517549423,0.0,0.0,8.366602832783736,8.575016749631946
6.872231702189849,6.980968565309543,0.0,6.980968565309543,0.0,6.90875477931522,6.1033824877825555
4.694887546001068,5.360822571899434,5.360822571899434,0.0,0.0,8.537191877922927,4.889248899131489
6.026665383680694,0.0,0.0,0.0,6.564741184996601,6.2166061010848646,6.1182095992130865
2.0009344460170886,4.382026634673881,4.382026634673881,0.0,0.0,8.922791623969637,4.684733329458326
5.340575687457501,3.8426729272933526,3.8426729272933526,0.0,0.0,7.0909098220799835,0.0
6.6449233494763975,7.538766383554059,0.0,7.538766383554059,6.836202455039729,7.824445930877619,7.140569112434584
6.997620953419705,0.0,0.0,0.0,4.532790335156816,7.0909098220799835,5.803905608140409
7.9066808182885016,3.943909194290468,3.943909194290468,0.0,8.395046361745393,8.853808274977197,7.409816037898393
7.734823369294958,4.330733340286331,0.0,4.330733340286331,7.839938181095307,7.824445930877619,6.277739705945783
3.8501574952781383,6.277582897583581,0.0,6.277582897583581,0.0,8.294299608857235,6.301630822847439
3.3623870083079823,5.867119402835146,0.0,5.867119402835146,0.0,7.824445930877619,5.70541479502946
7.471480592381672,0.0,0.0,0.0,7.292575066187581,8.006700845440367,5.784597419462489
1.738157195408515,3.3945083935113587,0.0,3.3945083935113587,0.0,7.313886831633462,3.566756762632625
7.288873798260136,6.413721217855983,6.413721217855983,0.0,6.961567736013286,7.601402334583733,6.228645698661406
7.933014213418737,0.0,0.0,0.0,5.049064694243968,8.853808274977197,6.414321840514124
7.035258474229838,6.8416582106072115,6.294915386475868,5.979467873923798,6.9052961949117675,8.294299608857235,5.703375811980142
7.183247874703669,7.153865075522958,0.0,7.153865075522958,4.752237923756589,7.0909098220799835,7.635485056320558
7.741457859655072,6.259696180238117,0.0,6.259696180238117,7.940949056234781,8.006700845440367,6.1547061631549145
8.418674983026342,0.0,0.0,0.0,9.996287740399088,9.472781556562168,10.418921853217208
7.317199717044245,5.780156924027929,5.224186317204961,4.935193098929397,0.0,7.3783837129967145,6.149861143830544
3.8708089548973095,5.081404364984463,5.081404364984463,0.0,0.0,8.77971129020447,5.32357575076677
7.348386713467819,6.484879480614179,6.324645659630981,4.584967478670572,0.0,7.313886831633462,6.949658163050756
7.628509533643475,6.965627882172591,0.0,6.965627882172591,0.0,8.699681400989514,6.1376849884066695
7.001899499319825,0.0,0.0,0.0,4.3608720075877345,7.0909098220799835,5.634008894924431
7.048630500562408,6.111467339502679,5.5254529391317835,5.303304908059076,0.0,7.0909098220799835,6.734299123728227
8.32330526386535,5.075611219558606,5.075611219558606,0.0,7.9865331132675905,8.987321812850125,6.777235301776921
7.397913130570014,4.732331331604771,4.732331331604771,0.0,0.0,7.438971592395862,6.087076694951732
8.026805664234873,7.815763807903819,7.588516063891033,6.22455842927536,0.0,8.77971129020447,7.511576735060576
6.439580772670634,6.866297665832487,5.902633333401366,6.3875356695742775,0.0,8.294299608857235,6.782373327557971
8.9624009241505,6.909304078971988,0.0,6.909304078971988,7.307362757292209,8.987321812850125,8.154592379581638
4.336794277745803,6.008419987757396,0.0,6.008419987757396,0.0,8.517393171418904,5.834117090112425
5.665692740638174,0.0,0.0,0.0,3.018672180320789,5.707110264748875,4.662676416555011
7.421033393732102,5.303304908059076,0.0,5.303304908059076,0.0,9.305741456739435,6.094941267036275
4.742521677733868,6.609106626137171,6.355134965559101,5.120266676604728,5.243650197567341,8.612685172875459,7.19778484241963
7.2974201562688,6.26088081075287,6.26088081075287,0.0,7.400141400275023,8.006700845440367,5.584694624349311
6.041985367589374,7.573942277959299,0.0,7.573942277959299,0.0,8.006700845440367,7.207640820035062
3.9505157421323975,6.690158814097044,6.690158814097044,0.0,0.0,8.612685172875459,6.683085553656608
6.853361962381891,9.298018776453507,9.140423144832715,7.373160853357064,0.0,8.517393171418904,9.442536285942252
7.160680733086006,0.0,0.0,0.0,4.236869683499788,7.313886831633462,7.379769398337527
2.6892430501549938,7.453428606680562,6.84233103237221,6.672159519728687,0.0,8.160803920954665,7.307849784520743
8.281414371236535,0.0,0.0,0.0,8.573992194664825,8.294299608857235,8.428923053064288
6.404709887232608,5.98770749823027,4.48863636973214,5.738183901373533,4.164868867132715,7.313886831633462,5.634925822462409
4.483460740814673,6.7868636667040505,0.0,6.7868636667040505,0.0,8.699681400989514,6.687847799684196
2.7199155947412783,4.79231343306126,0.0,4.79231343306126,0.0,8.517393171418904,5.06788744650557
7.755763692580891,0.0,0.0,0.0,8.407697485186416,8.412054873292933,6.5879850000947915
3.7622594149031094,4.51085950651685,4.51085950651685,0.0,0.0,8.294299608857235,3.3863081518348808
7.053162006494647,6.336825731146441,6.336825731146441,0.0,0.0,8.294299608857235,5.63495893168951
7.269473207969514,6.150346872168174,6.150346872168174,0.0,0.0,8.366602832783736,7.839846911718976
7.249573318446414,0.0,0.0,0.0,4.671069053310086,7.313886831633462,5.634306250658958
7.2148824942519,0.0,0.0,0.0,4.31575704276415,7.313886831633462,5.869595320583244
5.923513813656503,6.710157634635666,0.0,6.710157634635666,0.0,7.313886831633462,4.486706857735164
8.09586311184549,8.782783017393202,8.782783017393202,0.0,0.0,8.160803920954665,8.167781140699944
7.583094136967607,7.367632811928863,7.139517581921962,5.780928683832855,7.864344141079604,7.824445930877619,8.328268345779062
7.585098262538727,5.582744146279145,5.442417710521793,3.5779478934066544,8.508180272814881,8.517393171418904,6.2482468111587455
5.0683200001608935,6.216446407695832,0.0,6.216446407695832,6.998377870098713,8.006700845440367,6.671241643856922
7.689812888191112,0.0,0.0,0.0,7.970402904049572,8.987321812850125,7.456665267232519
3.8523563096540223,6.096387467034761,6.096387467034761,0.0,0.0,8.77971129020447,6.036319679183962
4.191470516751691,6.801994683302971,6.155282632337377,6.062482034343263,0.0,7.824445930877619,6.512788688573984
6.792294203987409,3.713572066704308,3.713572066704308,0.0,8.04726868927987,8.006700845440367,6.885669486506838
6.312702364513691,0.0,0.0,0.0,7.819083596821556,7.313886831633462,8.233118185404699
5.406552180450107,0.0,0.0,0.0,5.5285526201928015,7.824445930877619,5.3483694389381755
4.131448388915541,6.198702268738415,5.14813380728189,5.771441123130016,0.0,8.517393171418904,6.555786989916877
7.059428177356997,6.631171393196389,0.0,6.631171393196389,4.884951580113105,6.90875477931522,6.240891544477933
7.200375658150855,0.0,0.0,0.0,7.169178468469751,8.294299608857235,6.049951539940325
7.729540082874752,5.800001332396744,4.2626798770413155,5.561834812000519,8.12018363714247,8.006700845440367,8.039193774972604
7.130365055063691,6.172368432814316,5.293304824724492,5.639492811439817,5.0638949472659105,8.294299608857235,7.265553158292878
8.741308782306866,5.279593157549757,4.829672813339932,4.2783313983351166,7.966553762305891,8.922791623969637,7.494910181586697
2.0969265343541372,5.666426688112432,0.0,5.666426688112432,0.0,8.006700845440367,5.437442145107872
7.580883128267291,0.0,0.0,0.0,7.922471286072561,8.294299608857235,7.341721353645509
8.061531590792333,6.077642243349034,6.077642243349034,0.0,8.023060057269232,8.77971129020447,6.680739497753119
7.09779741111892,7.526561383298636,7.29335775799405,5.958967181515206,0.0,8.412054873292933,8.01450054746087
8.093196304823351,8.345450678684964,6.322960135015972,8.203785706553246,6.965482335614124,9.239996256883693,8.848819761736648
6.291140829328069,5.42912630665945,4.871986065758487,4.588735879524666,6.115912279805321,7.0909098220799835,6.8539845224285205
5.8505513242637175,8.150213911114637,6.954371653610717,7.790447861425356,0.0,8.517393171418904,7.97403984306564
3.183080301449477,5.647529533105403,0.0,5.647529533105403,0.0,8.517393171418904,4.866650567638536
8.228956039869889,8.91856593722087,7.178621758505356,8.72571354301161,0.0,9.210440366976517,8.475168655382683
7.287389299366313,7.748981889429816,7.419206706891861,6.480811139196849,0.0,8.682877107057168,7.189552352748636
8.105764568950937,0.0,0.0,0.0,6.723738684022331,8.77971129020447,6.87042676576887
6.191305548696617,7.365256072504094,6.8891431427701555,6.396196052862395,0.0,9.210440366976517,6.408862886808372
3.541980860062689,5.77137881589301,0.0,5.77137881589301,0.0,6.90875477931522,5.581440836843639
8.802522709981888,5.6217767303753385,5.4668357631983,3.7054907199191334,6.206571106148792,9.648659816955295,7.235002608830783
6.567813078594051,6.453420253524341,5.771441123130016,5.7521598552295075,6.513217017354776,6.90875477931522,6.163792245830639
6.118862623090514,8.334663612987283,5.077670695432414,8.295648361465725,0.0,8.612685172875459,8.44766973919622
4.134584739519536,0.0,0.0,0.0,6.897758582094081,7.0909098220799835,0.0
5.426911361510546,0.0,0.0,0.0,5.67909808311537,7.313886831633462,4.940566915887809
7.340497136295733,7.309955061713333,5.1504552058056525,7.188110576047457,5.7732132684633966,6.90875477931522,5.8524678324963615
4.498759930657429,6.288898911002441,6.288898911002441,0.0,0.0,7.824445930877619,6.336777910534027
6.741808139883151,7.863343644128069,7.101082714952625,7.235561502518072,0.0,8.006700845440367,7.5505031375473735
5.791646375366415,7.990160269405833,7.990160269405833,0.0,0.0,8.294299608857235,7.707635641362498
3.4925793105272085,4.836757984084964,0.0,4.836757984084964,0.0,6.90875477931522,5.581376921609367
7.82616860376127,9.06323150693797,8.851438664925386,7.407663524455275,6.558418625237713,8.517393171418904,8.649288213929944
8.308977735560159,5.551524447076631,0.0,5.551524447076631,7.192677003175669,8.412054873292933,6.8433290864688034
9.097231402433904,0.0,0.0,0.0,8.877120556095818,9.472781556562168,7.659486015329102
2.260863735835094,4.836281906951478,0.0,4.836281906951478,0.0,8.006700845440367,5.275725041059765
1.7791518258452215,4.204244757921959,0.0,4.204244757921959,0.0,8.294299608857235,5.18800036556359
7.553341279512171,6.662404461543794,0.6931471805599453,6.6611255745126075,7.648869278665511,8.131824785007195,6.207437527214794
7.0690986986388635,0.0,0.0,0.0,3.7013129617064506,7.0909098220799835,5.650530023777771
5.390349593366283,6.846028800344372,6.846028800344372,0.0,0.0,8.517393171418904,6.877430943845043
8.003486950988407,7.221835825288449,5.342334251964811,7.057036981697891,7.270478660785795,8.987321812850125,7.427589168214833
5.076487208605029,5.516649360865024,4.341204640153626,5.153291594497779,0.0,8.517393171418904,6.411120500517457
5.822304623767594,8.033557871419555,8.033557871419555,0.0,0.0,7.601402334583733,8.197540732835938
2.60106570082824,5.388660686445639,0.0,5.388660686445639,0.0,6.90875477931522,5.334941307157887
9.117344101806916,7.307705206402192,7.307705206402192,0.0,9.917308162405739,9.305741456739435,9.890490861245278
4.8490778708306275,6.923923860143721,6.923923860143721,0.0,0.0,8.412054873292933,7.857201639667339
7.387262975535127,6.3201385996316555,6.117766746972636,4.632785353021065,6.405169929045327,7.601402334583733,6.188260989607454
8.062792338662318,6.79896667190533,0.0,6.79896667190533,0.0,8.412054873292933,6.585693572315566
8.651637994129723,8.459303451398949,6.748267046397049,8.260283424095647,8.184587806079731,8.699681400989514,9.091777023567476
4.234213904626771,6.193711272709207,0.0,6.193711272709207,0.0,7.313886831633462,5.718300000243324
7.304522422565614,6.631474629254798,6.555356891810665,4.036008985209137,5.928005019647311,8.517393171418904,6.838849137662587
5.627379789610295,0.0,0.0,0.0,6.843317798073163,6.90875477931522,5.517110046533728
2.7715683268133966,5.638354669333745,5.638354669333745,0.0,0.0,5.707110264748875,5.721109432166106
6.7002865913300305,0.0,0.0,0.0,6.664620130718107,8.006700845440367,6.413317506180031
6.987187774668048,0.0,0.0,0.0,2.974172983228386,7.313886831633462,7.446766837018129
6.6995886638472335,5.346726505755724,0.0,5.346726505755724,5.335782920117185,7.824445930877619,5.646911227815157
6.329275838580658,6.435252529535306,5.993961427306569,5.409142921636922,0.0,6.55250788703459,6.796259241669473
6.728420406004413,0.0,0.0,0.0,7.086738144376776,7.0909098220799835,7.239530294484553
7.8877740106101335,0.0,0.0,0.0,5.20559874325836,8.071218539969863,6.560979869698405
7.242530081491139,7.0600385019109675,6.46204613430384,6.263626807901726,7.03207396136201,7.550135342488429,6.410376854989296
2.543600624790953,5.187385805840755,5.187385805840755,0.0,0.0,7.313886831633462,6.9329031879094
6.718221745893528,4.695010889987881,0.0,4.695010889987881,6.8584312516831405,6.90875477931522,7.635215318086162
6.388200945629777,7.048386408721883,7.048386408721883,0.0,0.0,8.575650760987806,7.691727508440112
8.900937927122008,0.0,0.0,0.0,8.26631347563416,9.105090961257085,7.834861771473505
7.05742611958288,4.703747749349085,4.703747749349085,0.0,3.6409885230132315,7.0909098220799835,5.425608219321241
7.771387590160311,4.558812062009942,0.0,4.558812062009942,0.0,8.412054873292933,6.648321739740988
7.040872327653059,4.392842927107731,0.0,4.392842927107731,6.713331759550624,7.0909098220799835,6.12895646710472
7.564889182501685,5.684463730269801,5.684463730269801,0.0,6.723435874218297,7.601402334583733,6.210435181904096
9.33304616429221,4.671238785957796,4.671238785957796,0.0,8.146756423908608,9.350189267092581,7.594996868817792
5.983238082343494,7.516514910031818,7.336709023159206,5.715381610499553,0.0,7.601402334583733,6.8198477576660075
4.0118749105120255,5.763308453970228,5.763308453970228,0.0,0.0,8.006700845440367,5.463386672070329
5.194968454037021,6.733509028955116,0.0,6.733509028955116,5.8066189516066515,8.006700845440367,6.322050567110976
5.854866540081445,6.725477721220211,6.061363674487649,6.004898900709234,0.0,6.90875477931522,6.625003308249142
8.034993744840953,7.034722675644014,5.984666492606983,6.6054196997304295,8.371999971590158,9.392745258631441,7.309207359656136
7.237120596171709,0.0,0.0,0.0,7.928252330045565,7.601402334583733,7.650361198736844
2.881911515198901,4.64515983420425,0.0,4.64515983420425,0.0,7.972810784121404,0.0
3.9500939617103956,6.057884110475807,0.0,6.057884110475807,0.0,8.006700845440367,6.017075184526048
8.037203543278924,7.032650739053453,6.946735578623021,4.5462690780679305,8.291531333578273,8.853808274977197,6.792234207030878
3.529715742513265,6.883421601966684,4.709530201312334,6.76383871811923,0.0,8.699681400989514,6.919925376013587
4.921937543249925,6.631329614786056,6.191564625253579,5.601675918384825,7.216381750190328,7.601402334583733,8.315634492751478
6.156798990573866,6.811794887836226,6.355239228161937,5.811140992976701,0.0,7.313886831633462,6.971922656879576
8.299753818299983,5.707442435487688,0.0,5.707442435487688,6.863533943451863,8.699681400989514,7.022723272567368
2.689096577300547,5.998638750855982,0.0,5.998638750855982,0.0,8.006700845440367,6.047200185532837
7.913452702221871,5.505372185512662,5.505372185512662,0.0,7.909233717035368,8.517393171418904,7.163035790502523
4.041420254244201,6.0888407729867025,0.0,6.0888407729867025,0.0,8.699681400989514,6.10934346261219
5.950589837656652,8.157106720545666,6.185364646452523,8.007530224835698,0.0,8.699681400989514,8.203527934110511
7.145260125851921,5.739471317064708,0.0,5.739471317064708,0.0,8.006700845440367,6.548539706091426
7.3340099977463575,0.0,0.0,0.0,6.1880593546857074,8.517393171418904,6.168245135215825
8.272864583600771,7.866365763177142,7.676316007631951,6.114588848330118,0.0,8.987321812850125,6.755225906126139
4.242879345235898,6.372056192940123,5.244600084042049,5.983230742180878,0.0,8.294299608857235,5.700492685897022
7.669810328816448,0.0,0.0,0.0,7.74730105790743,7.824445930877619,6.09966931728629
7.438442390664928,4.310799125385514,4.310799125385514,0.0,0.0,7.438971592395862,6.064947477177879
6.225051082159423,6.159285645233409,0.0,6.159285645233409,0.0,6.90875477931522,5.348824969360782
6.304118232250377,3.9229629454664803,0.0,3.9229629454664803,0.0,7.824445930877619,5.987483965093016
6.619208942495099,7.090718296662726,6.14287576374435,6.601746289837472,6.312720502870528,7.0909098220799835,6.434795706036287
1.5362470273197855,0.0,0.0,0.0,4.080489049730058,7.0909098220799835,0.0
4.274316986964673,6.2766434893416445,5.707110264748875,5.44673737166631,0.0,7.313886831633462,6.211370057621929
6.001628370021583,7.763127595886875,0.0,7.763127595886875,0.0,7.824445930877619,7.717816583137029
7.199360042610937,0.0,0.0,0.0,3.623642769316825,8.006700845440367,5.982386589351728
3.868473335849052,6.042632833682381,0.0,6.042632833682381,0.0,6.90875477931522,6.023403722749355
7.480772472448483,7.244941546337007,0.0,7.244941546337007,0.0,7.313886831633462,7.501755028748082
8.232399984305216,8.919101314279636,8.83153958988986,6.441823349106455,0.0,9.04793908261736,8.517681115361986
6.6601932216006805,4.76779910943631,0.0,4.76779910943631,7.792768177254618,7.313886831633462,8.125464398270326
0.1714872436769006,6.259581464064923,5.673323267171493,5.4510384535657,0.0,7.972810784121404,6.635933328565048
1.3224425374849444,3.462606009790799,0.0,3.462606009790799,0.0,8.006700845440367,5.16507062483517
8.40687354311717,7.539691728497186,6.808443101858514,6.884271685233854,8.092202493531456,9.392745258631441,9.355579128318675
6.470697193595533,2.1114245875328868,0.0,2.1114245875328868,6.8749731405296215,7.313886831633462,6.070119446836792
1.545633841521921,5.128003428878359,0.0,5.128003428878359,0.0,7.313886831633462,6.42307434961062
7.436337774206176,5.302906818881844,0.0,5.302906818881844,7.59920570336513,8.294299608857235,6.361565553500895
7.226522703439226,4.406719247264253,0.0,4.406719247264253,0.0,8.006700845440367,5.880345991264568
8.637176438608842,6.471650534741861,6.471650534741861,0.0,7.0827596209698305,8.77971129020447,7.1973568510153045
3.021250691414774,6.747586526829315,6.747586526829315,0.0,0.0,8.517393171418904,9.192394108300364
7.201580477238968,6.3835066348840055,0.0,6.3835066348840055,0.0,7.1316985104669115,6.561761962790241
3.6657862723768266,6.106532789935657,0.0,6.106532789935657,0.0,8.294299608857235,6.631811960962659
7.910475055690126,0.0,0.0,0.0,6.5871290047248765,8.006700845440367,7.210002198713486
0.0,3.8400972658565573,0.0,3.8400972658565573,0.0,7.824445930877619,0.0
2.236752721860112,5.459585514144159,0.0,5.459585514144159,0.0,7.0909098220799835,5.462993712398653
5.060697525036054,7.139033652724844,0.0,7.139033652724844,0.0,8.699681400989514,7.072432588351333
4.880106611678985,5.828327779728861,0.0,5.828327779728861,0.0,7.313886831633462,5.287248633516241
6.4274544502832756,0.0,0.0,0.0,6.986321971111248,7.0909098220799835,4.723658652769421
5.13932172884421,3.6320445173613978,0.0,3.6320445173613978,7.862276567042841,7.313886831633462,6.991632368470425
6.4504061878537104,0.0,0.0,0.0,3.014958656421864,6.55250788703459,5.090328168277499
4.604541968700927,6.518129070617991,6.400772262933597,4.330733340286331,0.0,6.957497370876951,6.505937215813349
7.109103025284542,0.0,0.0,0.0,7.042871268220044,7.824445930877619,5.67828240048979
4.5417978006497925,6.152647584699372,0.0,6.214528095222021,0.0,6.90875477931522,5.857315949766094
4.4472629591650525,4.961725122726247,0.0,4.961725122726247,0.0,7.0909098220799835,5.920934139754034
5.665005339374375,3.536602018668358,0.0,3.536602018668358,0.0,8.699681400989514,6.326405780198308
8.585886433485445,0.0,0.0,0.0,9.048516437031381,8.922791623969637,8.770191558010177
3.5232385976459453,5.6082989464945845,0.0,5.6082989464945845,0.0,7.783640596221253,5.428226204386874
7.276821597150452,0.0,0.0,0.0,5.838204611700097,7.438971592395862,6.068041009673621
7.554219239780597,7.6377549861384715,0.0,7.6377549861384715,0.0,7.313886831633462,7.494210685931254
6.606639651007585,0.0,0.0,0.0,5.232620035582965,7.601402334583733,5.960781317109423
1.7616502005076344,4.082946517269732,0.0,4.082946517269732,0.0,6.90875477931522,4.20115607467474
5.006468284157094,6.398594934535208,6.398594934535208,0.0,0.0,7.824445930877619,6.596327169162936
6.833436725119181,0.0,0.0,0.0,7.703575245538346,8.699681400989514,7.914012511330942
5.028504511075004,0.0,0.0,0.0,4.486330263273288,5.017279836814924,5.759923819234289
4.295268857343322,5.5087403534528665,0.0,5.5087403534528665,0.0,7.0909098220799835,5.238265671202883
1.3628391763498189,3.9889840465642745,3.9889840465642745,0.0,0.0,6.90875477931522,5.483423509447685
7.207032198635455,5.165071647400675,4.256321678298823,4.658710952916121,7.447208749454913,8.006700845440367,7.445922490532917
6.518597082032611,5.804622789582273,5.804622789582273,0.0,8.406267346670273,8.699681400989514,7.687584964584261
6.771196944072366,5.170086188650955,5.170086188650955,0.0,7.871857240787824,8.006700845440367,8.496979813633626
7.558094039217142,0.0,0.0,0.0,7.238056999206926,7.824445930877619,6.572641261563483
6.748619617420563,7.298242103909589,6.8411773463245575,6.297311877686606,6.8078638295691665,7.0909098220799835,7.70013638546743
6.1337653963384415,7.902838706821391,2.3978952727983707,7.899134930295295,0.0,8.517393171418904,7.620788176523473
5.183871072148585,6.282266746896006,0.0,6.282266746896006,0.0,8.160803920954665,6.118885356525829
3.291476930840552,6.066154492739426,0.019802627296179712,6.066108090103747,0.0,8.853808274977197,5.924143598607112
7.7744987811050175,0.0,0.0,0.0,8.309053907730126,8.517393171418904,5.859212664133181
3.818576589735985,4.557029810660157,4.28771595520264,3.1570004211501135,0.0,7.824445930877619,6.846971090310588
3.6743816926029877,6.0936600594226515,0.0,6.0936600594226515,0.0,7.601402334583733,6.079768257008926
6.797929776757652,8.066377098376151,7.819226415241552,6.549021073361579,7.365112987691336,8.77971129020447,8.179763293023337
7.2867758988281235,7.2196420401307355,7.2196420401307355,0.0,5.899533531242787,7.496097345175956,7.469071025169409
7.360801858545227,0.0,0.0,0.0,7.029863654410591,7.824445930877619,5.9997250723305955
7.406944175908243,6.954963239746688,6.954963239746688,0.0,4.994847242795333,8.006700845440367,6.139557196927218
8.347580131858784,0.0,0.0,0.0,8.462801330267249,8.412054873292933,8.62309070454511
3.8335454389485353,0.0,0.0,0.0,4.991272696372862,5.017279836814924,5.700785822509083
8.447290592181023,0.0,0.0,0.0,8.568804477049213,8.77971129020447,7.987689229524077
7.32667470711038,0.0,0.0,0.0,6.308625107896621,7.601402334583733,6.124899271310263
8.749546400461899,0.0,0.0,0.0,8.036316576922646,8.922791623969637,7.242392650410179
3.523902683067321,5.7091679469325385,0.0,5.7091679469325385,0.0,7.0909098220799835,5.710766804011713
2.2874109457391247,5.402632335812676,0.0,5.402632335812676,0.0,6.90875477931522,5.660544933105421
1.8966231114647254,3.58351893845611,3.58351893845611,0.0,0.0,7.824445930877619,5.980812633878443
5.702620516510895,0.0,0.0,0.0,6.155894157966016,6.90875477931522,5.738820124061723
6.600330098342879,4.03742141482248,0.0,4.03742141482248,0.0,6.90875477931522,6.84587727526067
4.0549396187661255,6.719254671111467,0.0,6.719254671111467,0.0,6.90875477931522,6.684213615931966
4.205417162816123,6.5479038668343295,0.0,6.5479038668343295,0.0,7.601402334583733,6.427585151984853
8.39310871152267,0.0,0.0,0.0,7.373554573636457,8.412054873292933,7.213782282247807
6.33638182909668,8.525353802864764,8.525353802864764,0.0,0.0,8.294299608857235,8.458661403070284
3.6630509003366014,6.111467339502679,0.0,6.111467339502679,0.0,7.901377353792616,6.055097186183268
5.67899129379147,7.33287267628889,7.33287267628889,0.0,0.0,9.105090961257085,6.836346994160226
4.2930326618210755,4.778282803696737,4.778282803696737,0.0,0.0,8.131824785007195,2.740884410036897
5.9175217951508055,7.45275621694743,6.8553244957941635,6.655041300358812,0.0,8.517393171418904,7.359913579547404
6.436303159580872,6.918695219020472,6.918695219020472,0.0,0.0,8.517393171418904,7.632484952060869
2.959460795129413,6.656726524178391,0.0,6.656726524178391,0.0,7.0909098220799835,6.561109436485744
7.2599386778172725,0.0,0.0,0.0,3.649104359319546,7.313886831633462,5.416491934434561
2.8803819701534725,4.805659046737495,0.0,4.805659046737495,0.0,8.853808274977197,5.7410898200267155
7.419891116842653,0.0,0.0,0.0,8.543713055906036,8.006700845440367,7.945717423987299
7.984318818670335,8.425860490943046,8.224386007991173,6.725921603154906,0.0,8.294299608857235,8.351931583506323
3.7678340392275556,6.176636205168639,0.0,6.176636205168639,0.0,8.699681400989514,5.790141365489696
7.027046087599587,0.0,0.0,0.0,6.224696625666393,7.0909098220799835,6.397319239318404
3.2957960873951153,0.0,0.0,0.0,6.147159272854012,8.294299608857235,0.0
7.493056425875285,0.0,0.0,0.0,6.957687137836761,7.824445930877619,7.849133117331035
5.338016076019796,7.475905969367397,0.0,7.475905969367397,0.0,5.993961427306569,7.419858680242646
6.775483669640183,0.0,0.0,0.0,8.002715055675573,7.601402334583733,7.682305985804936
4.249019775886001,6.635670927153411,6.635670927153411,0.0,0.0,8.853808274977197,5.2388453702035696
6.822776551850278,0.0,0.0,0.0,7.150527673865558,7.3783837129967145,7.313017109097397
7.586117497153974,0.0,0.0,0.0,7.588244677759142,7.601402334583733,7.7009524228952495
3.285612553177083,5.0204536030335944,0.0,5.0204536030335944,0.0,7.824445930877619,6.327086189933983
8.535552301852897,0.0,0.0,0.0,7.742341320320706,8.699681400989514,7.182722164987714
7.797491343096728,0.0,0.0,0.0,5.85592180450314,7.824445930877619,6.2694219598347
9.043848386569262,6.973458746306331,6.7073878708570644,5.52337907701815,7.534478113888035,9.749811759932081,7.463807935640988
8.437715185235463,0.0,0.0,0.0,7.941505823792951,8.517393171418904,6.372318942480224
7.28180962392727,6.260135803698153,3.8426729272933526,6.168857310665184,0.0,7.313886831633462,6.747983636937795
8.211219983157271,7.561844533138319,7.228054578717995,6.304174541781235,0.0,9.210440366976517,6.773806616455493
7.062480415777392,0.0,0.0,0.0,5.2107418777499825,7.0909098220799835,5.946286900806378
3.6723054865819003,4.907346704590325,4.907346704590325,0.0,0.0,8.699681400989514,5.893877831461219
6.642050082812287,0.0,0.0,0.0,6.830472416347025,8.006700845440367,6.557875560826974
6.809890332338326,4.763455164953805,3.6149637711637683,4.394449154672439,0.0,6.90875477931522,5.5934504660252236
6.293711023715492,5.206750173022546,0.0,5.206750173022546,0.0,6.2166061010848646,5.512782259011381
7.213068860321994,4.20200243692861,3.711130063048756,3.2928695047765273,0.0,8.294299608857235,6.204010788763364
6.6598474510722525,6.583104888163692,5.414009328544109,6.2131069722959245,5.033778023310824,7.313886831633462,6.681665246051268
4.679840113786587,6.764196638260676,6.459732295584099,5.431010908273502,0.0,7.601402334583733,7.115167914496745
6.938142213955251,6.5910013523770115,6.5910013523770115,0.0,7.160880634322156,7.824445930877619,4.4741952485598855
5.75194467344267,7.045227645756582,6.675949317089274,5.872878063773937,7.265667620828207,7.601402334583733,7.914957548986752
7.917252692221823,0.0,0.0,0.0,6.655456965416232,8.006700845440367,6.506093451723596
7.004433399092982,5.3981627015177525,5.3981627015177525,0.0,0.0,7.0909098220799835,5.846023726509245
5.81994885608291,7.686680993559686,7.103330286176509,6.871215768191189,0.0,8.699681400989514,7.749991810856822
3.4828478730815253,5.253633758921397,0.0,5.253633758921397,0.0,7.313886831633462,4.742356196105349
7.274196100030818,5.409142921636922,0.0,5.409142921636922,0.0,7.313886831633462,6.435467991372423
7.375084691946797,0.0,0.0,0.0,5.59097758494433,8.006700845440367,6.497088796147241
8.235610931357742,6.669396561861447,5.704482229770474,6.191769266518158,6.86901431345156,8.412054873292933,7.527379373001725
7.776322983893358,0.0,0.0,0.0,7.936269604345627,8.006700845440367,6.075723539133899
5.806804517215873,4.991928066630559,4.991928066630559,0.0,7.944606937487267,8.006700845440367,8.444388050240322
8.115613966873491,6.643958989656315,3.044522437723423,6.617576759665009,0.0,8.006700845440367,6.885424666422113
8.375527975845188,8.644488178022977,7.403396196422925,8.303556803464057,0.0,8.612685172875459,7.548786526353683
3.653741353744187,6.860454005864124,0.0,6.860454005864124,0.0,7.601402334583733,6.845216026241634
7.421727336130887,7.342669150915381,7.249449571191638,4.930870325627393,6.802757566392207,8.853808274977197,6.631223238576289
7.2909724345819535,7.824014010344281,5.411601408001375,7.730583323386533,0.0,8.160803920954665,6.5183392816502135
7.640519156783315,6.930397009462962,6.930397009462962,0.0,6.701418888963474,8.006700845440367,6.349068976691065
9.696490970052151,8.522316047154979,8.18408130249723,7.274638936231999,5.798177918034881,9.798182590890704,8.514837490730853
2.209513645357755,4.816888719632834,0.0,4.816888719632834,0.0,8.131824785007195,5.337075063872184
7.859980464399368,6.13148732502781,6.0473721790462776,3.6407390787860012,0.0,7.972810784121404,6.372819869415907
4.068873255277961,6.668177421204502,5.952827663493064,5.999234284372343,0.0,8.160803920954665,6.530664502975602
7.098882655490538,6.775000727395608,0.0,6.775000727395608,8.944407561355069,8.160803920954665,9.019530562883112
5.160956404760776,7.171994707307368,6.821979501960733,5.954904291796179,0.0,8.294299608857235,6.862746891024131
8.511800445263885,7.637027038460706,3.8426729272933526,7.614765916201236,0.0,8.412054873292933,7.312098447951893
3.011215093707851,5.81651574464344,0.0,5.81651574464344,0.0,8.517393171418904,6.215286524239346
3.2129731985947836,4.826311734631628,4.826311734631628,0.0,0.0,7.824445930877619,5.830490209408005
8.021189336202273,7.252727006661339,7.148322158716279,4.94861803634573,7.20528096892015,9.350189267092581,6.727703157470766
6.292645415720843,0.0,0.0,0.0,7.739733829068604,7.0909098220799835,7.801709194068683
5.856051877419517,9.38254845961064,8.982179253700174,8.27392090963999,0.0,8.699681400989514,9.379816549003989
7.400598889903221,0.0,0.0,0.0,5.0746703072449515,7.438971592395862,6.143952368723962
6.988762909583158,2.388762789235098,0.0,2.388762789235098,0.0,7.550135342488429,5.236036838224866
6.88136833043994,4.61512051684126,4.61512051684126,0.0,3.6498863070655245,6.90875477931522,5.76590084458894
7.023009421905315,5.314190715704327,4.795790545596741,4.421247347827163,4.382500122560798,7.0909098220799835,5.943854713074785
7.377078298540637,0.0,0.0,0.0,5.099376838482698,7.496097345175956,6.308864707051631
7.436614110249874,6.173765270351586,6.173765270351586,0.0,6.753025405287823,7.601402334583733,7.842850925308379
7.832845181160508,7.75240391899615,6.775788376190645,7.280552556825916,0.0,8.006700845440367,8.290101506971391
4.706801517875578,7.333918038569416,7.333918038569416,0.0,0.0,7.0909098220799835,7.427825772544922
6.450247177637718,4.334017415487521,0.0,4.334017415487521,0.0,7.0909098220799835,7.2859481233925925
4.597667763062069,6.929751576854033,0.0,6.929751576854033,0.0,8.006700845440367,6.985897312287218
8.116187080985322,6.175867270105761,0.0,6.175867270105761,7.473719912563595,8.160803920954665,7.144096660133678
5.1603857356304585,7.350419828079407,7.350419828079407,0.0,0.0,7.313886831633462,9.047299775728083
8.745406603957603,0.0,0.0,0.0,8.127504819628202,9.259225769705994,7.4862102386428
7.170545994045107,0.0,0.0,0.0,8.283130378609641,7.824445930877619,7.642576494013183
2.4237583752644154,5.783825182329737,0.0,5.783825182329737,0.0,7.313886831633462,6.320982747872465
3.181522474307624,6.106933796914096,0.0,6.106933796914096,0.0,7.313886831633462,5.663131687701316
6.31762184035939,0.0,0.0,0.0,6.884140660771983,7.496097345175956,7.002846212026375
3.9799025267040293,0.0,0.0,0.0,6.526735076689993,8.006700845440367,6.919802272677048
4.167038673440574,4.9883896851489355,4.9883896851489355,0.0,6.20278588260502,7.313886831633462,6.411073594779116
7.383469604865868,7.031387839427412,7.031387839427412,0.0,6.5272645091417925,7.824445930877619,7.0508677100223425
3.962358432206959,5.9555523547587335,4.795790545596741,5.583082689418416,0.0,8.699681400989514,5.368382784651176
5.084458708148113,6.800671056372463,6.800671056372463,0.0,0.0,7.0909098220799835,6.410168357273829
6.820952393711144,5.621885270689127,5.621885270689127,0.0,0.0,7.0909098220799835,7.146295804586823
3.5206754835853493,5.720311776607412,0.0,5.720311776607412,0.0,8.006700845440367,5.900764640394232
1.200767472734913,3.9512437185814275,0.0,3.9512437185814275,0.0,7.972810784121404,0.0
7.618011889907571,7.729937508748028,7.208933369101689,6.8298045482648,0.0,8.699681400989514,6.9856918422898975
7.752065838683568,0.0,0.0,0.0,5.795030530345962,7.824445930877619,6.5228651909744855
3.0681480933966236,3.995628589282943,0.0,3.995628589282943,0.0,7.824445930877619,4.498674682030212
7.597033858645937,4.055257173514054,4.055257173514054,0.0,7.056325142698636,8.006700845440367,6.283608326948746
8.61033214599791,7.798149573960115,6.252000217639254,7.559059110283271,8.024112730143367,8.922791623969637,7.169585674043637
6.925312852736383,0.0,0.0,0.0,4.866220526096445,8.294299608857235,6.066425035230963
4.3450517228199725,4.279717015849312,0.0,4.279717015849312,0.0,7.313886831633462,5.380169735795883
3.8144281697840516,7.043465546134583,6.983280104068383,4.21803603456465,0.0,6.2166061010848646,7.3898598462775835
7.433219805052105,0.0,0.0,0.0,5.6119491123776175,8.006700845440367,6.30752959486535
7.272370588016837,5.493102594757191,4.8122656528806935,4.795790545596741,3.6346266267310225,7.313886831633462,5.766823609645488
7.319290588085142,0.0,0.0,0.0,7.79124143369779,7.824445930877619,5.942399127059126
7.412563646720018,5.642970335259443,4.721173861744398,5.14166355650266,6.277718218004824,7.601402334583733,5.878958949371449
7.412036743974823,7.836559390924479,7.106786449339039,7.179506120602516,6.782243685059476,7.824445930877619,7.166700799274603
8.126501061924367,0.0,0.0,0.0,7.610781281897984,8.412054873292933,6.871202085153545
1.81098529621999,3.9357395320454622,3.9357395320454622,0.0,0.0,6.90875477931522,5.308086156171117
8.55887195896164,5.139731867430665,5.139731867430665,0.0,8.631999898196883,8.699681400989514,8.712999674683886
8.40938376495594,7.412124102404756,6.143112096717122,7.082917938577612,7.665662150751,8.922791623969637,7.359499705214418
5.709827698746484,0.0,0.0,0.0,7.593322804899175,8.006700845440367,5.770558475143885
2.7130077587474855,3.6888794541139363,0.0,3.6888794541139363,0.0,7.313886831633462,4.604640975981174
6.301361918580241,4.725616339063959,4.725616339063959,0.0,6.817627735785918,7.0909098220799835,4.915708688717854
7.907462713739544,8.120868185024145,7.353081920515432,7.497728440645959,0.0,9.04793908261736,7.770912756147878
7.126288987680099,7.427144133408616,0.0,7.427144133408616,0.0,8.412054873292933,7.008634410621605
7.281537841942391,7.313886831633462,0.0,7.313886831633462,0.0,8.412054873292933,8.212784888224045
6.240297846878048,8.252732731465317,7.355845554915981,7.729198923807963,0.0,8.699681400989514,8.250343231583562
5.90096885329419,0.0,0.0,0.0,7.414226403864316,7.496097345175956,0.0
6.993874868947897,6.587522466235971,4.531846521569248,6.4521278156809085,0.0,6.90875477931522,6.806400737573088
6.024380583739869,0.0,0.0,0.0,4.8412774639085585,7.313886831633462,7.342493925346973
7.29708465961183,8.405275669949017,7.950724475718157,7.398761795316151,0.0,8.294299608857235,8.375390922800396
3.3839197798043923,4.877180089045576,0.0,4.877180089045576,0.0,7.824445930877619,5.789857113599265
7.688870943566945,0.0,0.0,0.0,5.354704557238516,7.824445930877619,6.376386862865383
6.7017636550100095,7.057114498073265,6.838501659217593,5.43372200355424,8.049012960528854,7.601402334583733,8.49730143146386
6.714174796890659,6.07073772800249,0.0,6.07073772800249,0.0,7.313886831633462,5.362824080929778
3.7290775980798943,6.091830108727296,0.0,6.091830108727296,0.0,8.517393171418904,5.940204452169324
4.663090571120834,3.6038660797869797,0.0,3.6038660797869797,0.0,7.313886831633462,4.284813202332948
6.408107700765977,4.787491742782046,4.787491742782046,0.0,0.0,7.496097345175956,5.537559497557746
6.657822933185085,0.0,0.0,0.0,7.507219812487521,7.601402334583733,4.5080148930089
7.436891483378427,5.393945677561444,5.393945677561444,0.0,7.121619138026845,7.496097345175956,7.132893715988095
4.200233333328446,6.271101846976656,4.860277412507694,5.993961427306569,0.0,7.496097345175956,6.235562221316302
8.381461319397497,8.07564173290373,5.697093486505405,7.978718840054124,7.009172959973145,8.294299608857235,7.868099605647116
2.053301344344053,7.87677886857516,7.481217616596103,6.759220467273839,0.0,8.294299608857235,8.329828630586027
4.159618812644495,6.6432166523015415,5.170483995038151,6.384452133705033,0.0,7.972810784121404,6.657870093703825
8.26787943097837,4.982030037085921,4.3943256902608985,4.186315840760911,8.778524797952938,9.210440366976517,8.650131195595655
7.299095091842469,5.858647185217117,0.0,5.858647185217117,0.0,7.313886831633462,6.272151618987914
6.803772966499195,7.423759470788557,7.091492499917254,6.162514483863872,0.0,7.313886831633462,4.213760471421976
5.460306658312506,6.709487250358495,6.653056559012371,3.828641396489095,0.0,8.517393171418904,6.983076236100627
3.48872465610936,6.1452580202873985,0.0,6.2422232654551655,0.0,7.824445930877619,6.64439183830431
6.553958004862809,3.0426158594528414,3.0426158594528414,0.0,5.040826698791665,8.160803920954665,5.3929521956271165
8.17807127994503,8.049002318135146,7.7099451875274365,6.803782688599159,5.6514249229195785,8.517393171418904,6.751623352614821
5.683198939731012,6.056784013228625,0.0,6.056784013228625,7.624767351129335,7.824445930877619,7.702201957970405
3.6573734102273567,5.990564141864818,0.0,5.990564141864818,0.0,7.824445930877619,6.065167285737117
8.648304901393427,0.0,0.0,0.0,7.2615342394056475,8.699681400989514,7.261147236413166
4.128425454481965,6.593866114361182,0.0,6.593866114361182,0.0,7.824445930877619,6.598569908232704
8.003215414498058,0.0,0.0,0.0,8.336578735336367,8.699681400989514,6.797869770970914
3.413138106603766,6.25632569177406,6.053264948013429,4.572646994282532,0.0,8.294299608857235,5.9460101468366435
7.242378477184953,5.748309596706279,5.3230099791384085,4.697384669975903,5.641641982613819,7.496097345175956,6.388828695870808
4.429660130159932,6.067105272566398,0.0,6.067105272566398,0.0,7.824445930877619,5.755979533525573
6.603587037382246,7.066893500320434,6.912285004268533,5.129662000517897,0.0,8.294299608857235,7.646613678143361
5.19493936219315,6.210901236490865,6.210901236490865,0.0,0.0,7.0909098220799835,5.677168627175436
4.026057959126046,6.350047669316016,0.0,6.350047669316016,0.0,8.006700845440367,6.392836238606275
1.2842048786838547,3.786006164844659,3.786006164844659,0.0,0.0,5.707110264748875,4.975519080879909
7.742517518184014,6.608985295544861,5.786529215442441,6.032726444856623,8.16696564824842,8.517393171418904,8.083975981911218
7.4838267875200435,6.1092475827643655,6.1092475827643655,0.0,0.0,8.160803920954665,6.065036922641152
7.499731973437306,5.46763811116474,3.871201010907891,5.24649761781824,7.165438442634689,7.601402334583733,6.617385337444553
6.798284421877439,0.0,0.0,0.0,4.098109499277035,6.90875477931522,5.723363214592103
4.401927149335799,7.40202460043241,0.0,7.40202460043241,0.0,8.699681400989514,7.371934341449527
4.535404759014127,6.503809016843243,0.0,6.503809016843243,0.0,6.803505257608338,7.828658795189457
7.407839657362503,7.32052696227274,0.0,7.32052696227274,8.00441111137051,8.160803920954665,8.275891436514753
7.081415650767234,6.714121985041868,5.056245805348308,6.504228291504232,0.0,7.0909098220799835,6.687427318918138
6.967225739481154,6.0044794841854765,6.0044794841854765,0.0,0.0,7.313886831633462,6.933163102089944
4.541981334969239,6.8284306467640326,0.0,6.8284306467640326,0.0,8.006700845440367,6.8002265410951095
7.369681519404499,5.225746673713202,5.225746673713202,0.0,6.02418888714186,7.824445930877619,6.307673981675994
6.8825713133226145,6.181671598175927,5.780681785491992,5.080285727120003,0.0,8.412054873292933,6.343318066888674
7.810630150093116,6.14996290492866,6.14996290492866,0.0,6.841306456513618,8.006700845440367,6.665982725304503
6.946461495381582,5.582744146279145,0.0,5.582744146279145,0.0,6.90875477931522,6.0398078304886855
4.59551635737379,5.558217057987366,0.0,5.558217057987366,0.0,7.313886831633462,4.99093448801612
5.184875831673761,4.208417018481948,0.0,4.208417018481948,0.0,7.824445930877619,7.733964470899451
7.4558470928342535,5.003946305945459,5.003946305945459,0.0,8.167007683749626,8.716207971151853,7.800823375899208
6.854590228688772,0.0,0.0,0.0,6.476277838686651,8.77971129020447,7.790211183299335
6.272721973774491,6.474954944653914,6.183303172593776,5.1065513509260825,0.0,6.90875477931522,5.970487220973207
5.060841978336773,7.483109423835699,0.0,7.483109423835699,0.0,9.169622538697624,7.2006510502052965
7.132119524146359,7.854695480240058,7.854695480240058,0.0,6.397822583104022,8.229777750081887,8.24605799899068
8.177694145867108,8.943220115687954,8.851561788366814,6.5095437995852805,0.0,8.853808274977197,7.9323819215528495
1.7520894151362534,3.503152104185149,0.0,3.503152104185149,0.0,8.699681400989514,5.226993396231615
7.564825937435511,7.665823719925643,7.149563555525502,6.758791125842179,6.78928515445925,8.682877107057168,6.88030812863357
6.13970915537961,8.160229634404187,6.442301284434973,7.962812675498148,0.0,8.006700845440367,8.1836901143549
5.8290612197515514,5.848344472513165,3.8426729272933526,5.70714348678838,0.0,6.90875477931522,4.6348359339670475
7.335051091088466,7.299783853153339,6.841188034710024,6.301482799405415,0.0,8.006700845440367,6.925114951162511
4.199497881416222,6.175867270105761,0.0,6.175867270105761,0.0,7.244941546337007,6.099207231148339
7.235582680747902,5.431798757922517,5.184924679192946,3.9318256327243257,6.8685887966783365,8.006700845440367,5.769426634350139
6.211624740632567,6.347284125325738,4.958639998977875,6.0627148686361485,7.16863961196798,7.972810784121404,6.64805552146109
7.5055749440374955,6.392754283805666,0.0,6.392754283805666,7.460352094318296,8.006700845440367,6.794180672078896
4.061779720200143,6.5502800148726354,4.565805462465814,6.404070763367513,0.0,8.699681400989514,6.267019898449026
7.507712199968182,5.120266676604728,4.765416535130188,3.9318256327243257,7.428691378401195,8.517393171418904,8.12855468515965
6.89745172824417,0.0,0.0,0.0,8.713867782167787,8.517393171418904,8.50474538331544
7.519214160709144,4.434500481934585,0.0,4.434500481934585,0.0,7.601402334583733,6.404065709573508
7.0994571510659386,5.2110150381452405,5.2110150381452405,0.0,5.38123031268183,7.170888478512505,6.241556167508419
6.170557522637903,4.283310661734724,4.283310661734724,0.0,0.0,6.55250788703459,5.778757597630713
2.7088557432326783,5.112529810110908,0.0,5.112529810110908,0.0,8.517393171418904,5.393152324361367
7.177115154694452,4.641984159110808,0.0,4.641984159110808,0.0,8.006700845440367,6.764739494800729
6.988093055118693,5.841280987841834,5.841280987841834,0.0,0.0,7.0909098220799835,6.238164981437771
6.963185236568515,7.301943710362531,7.301943710362531,0.0,0.0,7.313886831633462,7.258143353204919
6.96733584820058,0.0,0.0,0.0,7.297672145886027,7.601402334583733,6.012150509638889
6.329240891938886,0.0,0.0,0.0,5.705528539397556,6.68586094706836,6.12333648641366
5.019602792292615,6.947860216478442,0.0,6.947860216478442,0.0,6.90875477931522,6.892802408958915
7.206752544498165,0.0,0.0,0.0,6.306988091236827,7.313886831633462,5.577578729129759
6.754160220102301,0.0,0.0,0.0,2.950628573518102,6.803505257608338,5.399017946551165
4.591245049751992,6.602587892189336,6.602587892189336,0.0,0.0,7.313886831633462,0.0
6.821033329922384,3.8426729272933526,3.8426729272933526,0.0,0.0,6.90875477931522,5.4187486746555615
7.263053581484719,4.6443908991413725,4.6443908991413725,0.0,0.0,7.313886831633462,6.382444466252846
2.5969937908883316,3.1350593387750902,0.0,3.1350593387750902,0.0,8.294299608857235,0.0
2.118130262388689,4.68213122712422,4.68213122712422,0.0,0.0,8.294299608857235,6.378453254592466
5.560055596635353,6.724553334760875,0.0,6.724553334760875,0.0,7.824445930877619,5.9057832034136215
4.7519215928737495,6.516193076042964,0.0,6.516193076042964,0.0,6.90875477931522,6.510679992686809
3.280024582242769,5.420534999272286,0.0,5.420534999272286,0.0,7.901377353792616,5.453834896096175
7.039352632933997,0.0,0.0,0.0,4.315825959590143,7.0909098220799835,5.701058314164738
8.819981406838231,6.908724808836141,6.69544038555024,5.264036432571163,7.581400347056803,8.922791623969637,8.322540603474494
7.132709765562806,6.204638567384701,0.0,6.204638567384701,0.0,6.90875477931522,5.195026768243518
5.05418160629088,6.899047475871556,6.899047475871556,0.0,0.0,8.294299608857235,6.915291492256352
3.373435700963246,5.345200952446887,0.0,5.345200952446887,0.0,6.90875477931522,5.234100558988436
7.020838013510012,0.0,0.0,0.0,7.583149715448985,7.601402334583733,5.26944895493203
7.761526184649011,0.0,0.0,0.0,7.5800613479777255,7.989899374942939,8.238270299755888
6.803829783190607,0.0,0.0,0.0,7.007445953123706,7.244941546337007,5.254014999635298
8.145701519320014,8.755036174769128,8.081246195153788,8.042471248414419,7.744472445151784,8.517393171418904,8.626387315836844
6.05442616543133,7.0909098220799835,7.0909098220799835,0.0,0.0,7.0909098220799835,4.065023744326702
3.464396224581457,6.0573693219957,0.0,6.483947976626108,0.0,7.0909098220799835,6.13516351616931
7.734259716943447,5.481721670293229,0.0,5.481721670293229,7.935844663045078,8.006700845440367,7.559948143767756
8.215177990826033,0.0,0.0,0.0,7.79963374925391,8.294299608857235,6.881570522999315
2.7395549404945654,4.909709375506295,0.0,4.909709375506295,0.0,8.006700845440367,5.055259535704769
7.452097889188077,4.761404408018728,3.8426729272933526,4.26633516017769,4.994559156006346,7.550135342488429,6.095699831680695
5.314811472797919,7.496097345175956,0.0,7.496097345175956,0.0,6.90875477931522,7.315614196308097
2.1000557268287396,4.143134726391533,0.0,4.143134726391533,0.0,8.006700845440367,4.895177707486126
4.0995920865184345,4.987571354497704,0.0,4.987571354497704,0.0,6.90875477931522,0.0
7.363149035638795,8.065412903835679,7.371350920861114,7.373807361139244,6.10740248161166,7.650168700845001,7.760601608818731
6.195106172030963,7.277551757810841,6.997815337349786,5.869861725348733,0.0,8.160803920954665,7.11005745621748
6.501717580475374,0.0,0.0,0.0,2.9839848418820227,6.55250788703459,3.842679272396481
2.4965041381835373,5.303304908059076,0.0,5.303304908059076,0.0,8.006700845440367,5.827537208620667
7.443959859847772,0.0,0.0,0.0,5.469929460379275,7.601402334583733,6.555662593301109
4.790559656917198,5.829269094697617,6.417793810395455,2.596000697293587,4.483537041917065,8.77971129020447,4.6840139814073085
5.548496679718369,5.745564008671156,0.0,5.745564008671156,0.0,7.824445930877619,6.56560379009415
6.216110245633938,6.151881268513887,0.0,6.151881268513887,0.0,7.0909098220799835,6.997576650985192
8.881496387655456,0.0,0.0,0.0,9.01148504393703,9.105090961257085,8.112618646638806
8.438258288383821,7.534655813723156,7.047299806420034,6.583478376060801,0.0,8.517393171418904,7.739533134014062
4.3650569480592445,6.162514483863872,5.833289112142106,4.898884030671591,7.139885736412828,7.496097345175956,7.360807968128957
7.553575423353685,7.1271879535019975,4.437106500940836,7.057760234299549,0.0,7.496097345175956,7.075917471774345
0.5331585764987309,6.872024469026338,6.410635302272258,5.879470970147057,0.0,8.006700845440367,7.3156593098321645
4.284390486902142,6.478509642208569,6.478509642208569,0.0,0.0,7.824445930877619,8.244274968601754
4.650357687401931,5.8650506222523235,0.0,5.8650506222523235,0.0,8.006700845440367,5.862541806883222
1.5603085907572625,3.828641396489095,0.0,3.828641396489095,0.0,8.006700845440367,7.547922983823166
6.7432929941567314,5.693159584352287,0.0,5.693159584352287,6.89761262977698,6.90875477931522,4.273573369169628
6.569372302259163,5.289327074709904,5.289327074709904,0.0,0.0,7.313886831633462,7.485756877557487
2.5369486638150356,5.125272646534291,0.0,5.125272646534291,0.0,8.294299608857235,5.128430045239568
6.648513773423751,0.0,0.0,0.0,7.387726181388014,7.313886831633462,6.697485598878619
5.707507162718641,7.941957038321375,7.6047948742574265,6.692158181423328,0.0,6.68586094706836,7.825117584116535
2.8814948074307645,3.4522073025699003,0.0,3.4522073025699003,0.0,8.294299608857235,6.219920693565236
3.798485616744108,5.957804345615346,0.0,5.957804345615346,0.0,8.517393171418904,5.971847596772768
5.25257120046195,6.220351573049258,3.258096538021482,6.169359654949023,0.0,7.601402334583733,6.204521058864815
7.499891014064714,0.0,0.0,0.0,8.168125456580098,8.699681400989514,6.377667228485365
7.049865571388883,6.296648808758401,6.296648808758401,0.0,0.0,7.496097345175956,7.6694647001208525
5.5305143595017885,7.529803801012502,7.529803801012502,0.0,0.0,8.006700845440367,5.281865829073091
6.397123249808837,6.854428339191456,6.704500135598569,4.890349128221754,6.233386310988652,8.006700845440367,7.411910823143396
8.755195714903154,0.0,0.0,0.0,8.144948933419004,9.259225769705994,7.2098818369927775
5.443877972823969,7.7054381351128365,5.662960480135946,7.567030217781689,0.0,7.601402334583733,6.9520240427227495
4.851605923900125,6.9914160489521215,0.0,6.9914160489521215,0.0,8.412054873292933,6.8895964804388505
7.284498715950054,5.352284582817979,4.8629083820668,4.415098675734075,7.488218056240847,7.601402334583733,6.049971113309794
6.31812893831378,7.428547075059978,7.273189746033948,5.493966383552854,0.0,7.550135342488429,6.520576447620946
4.867402834102222,5.472270673671475,0.0,5.472270673671475,0.0,8.517393171418904,5.266216167402661
6.838220731529531,0.0,0.0,0.0,7.985685769056214,8.160803920954665,8.005104707578031
6.996447892734222,6.593688162585644,6.341275991025312,5.099561503290658,0.0,7.313886831633462,7.659013394339873
6.544500189003607,4.394449154672439,0.0,4.394449154672439,0.0,8.517393171418904,6.643821787321432
7.605370076363463,7.841394649190905,7.08022008387761,7.21267787581632,0.0,8.853808274977197,8.526272029362428
3.572362351201462,5.887491956725004,0.0,5.887491956725004,0.0,8.517393171418904,6.110841986582356
5.756139267661902,7.544908661391585,6.92195399838195,6.777407385072587,0.0,8.294299608857235,7.345978359728661
9.140192096910368,5.816813496618247,0.0,5.816813496618247,9.155276302195263,9.210440366976517,7.61600357211619
7.285585966890654,6.958068092855726,6.958068092855726,0.0,5.885773851946902,7.313886831633462,7.117741224198191
2.8028683811066015,4.442651256490317,0.0,4.442651256490317,0.0,8.517393171418904,5.1884060673198675
7.073605062072877,0.0,0.0,0.0,7.2406486749001076,7.313886831633462,4.86662589168719
7.374295130645568,0.0,0.0,0.0,7.544511876550448,7.601402334583733,5.163165576073455
4.08694548980637,5.76938293174015,5.76938293174015,0.0,5.6167639158226,7.0909098220799835,5.8719038708218045
7.069583095466321,7.055330099446257,5.788491202583155,6.725633702190849,7.4001147414552735,7.601402334583733,6.216183329094649
2.074672688754705,4.39974375547904,0.0,4.39974375547904,0.0,6.90875477931522,4.9555332327488255
5.094035239933851,7.4781979583165965,0.0,7.4781979583165965,0.0,8.517393171418904,7.4200125516496085
7.0114995597357055,6.177321513636175,0.0,6.177321513636175,7.957652759441483,7.824445930877619,7.967352395052059
7.204103866468898,0.0,0.0,0.0,3.6770412583647087,7.313886831633462,5.653616989666512
7.0026310735457615,5.6568306197604095,0.0,5.6568306197604095,0.0,7.0909098220799835,6.319498443367089
3.196064452635028,5.80169532517887,5.062595033026967,5.158250377650918,0.0,8.517393171418904,5.237817829720648
8.682780049983277,0.0,0.0,0.0,7.953931774895004,9.105090961257085,7.923666544089403
3.268038110268129,5.907158598054726,0.0,5.907158598054726,0.0,6.2166061010848646,6.979199704686188
2.4682038480643524,4.2626798770413155,0.0,4.2626798770413155,0.0,7.0909098220799835,3.8332889277913598
4.298314889724195,0.0,0.0,0.0,6.812299551886319,6.90875477931522,8.002836456274757
7.139009060489367,4.612840692292311,4.009694032601592,3.842458542042237,0.0,7.313886831633462,6.467965755666178
4.903233251495255,7.313846857483407,0.0,7.313846857483407,0.0,8.517393171418904,7.211182788866545
6.38598126977215,8.63593754263849,0.0,8.737197420209977,0.0,8.699681400989514,8.652481370113051
8.375601349736124,0.0,0.0,0.0,8.649348274511157,8.699681400989514,5.384768011773658
7.19901128307513,6.147762918992699,0.0,6.147762918992699,0.0,7.313886831633462,6.321997261782109
3.5080046402825116,6.101887228358073,0.0,6.101887228358073,0.0,7.824445930877619,6.336327863868261
5.831924860549556,7.87100592971957,7.813413687499095,4.994776878161797,0.0,8.294299608857235,7.840667275136215
2.7108941532339412,3.8875253738277458,3.8875253738277458,0.0,0.0,7.0909098220799835,4.145944252165738
7.9973575376289885,5.917279648918606,5.465525285531943,4.912654885736052,8.53291914998666,9.04793908261736,8.032392760903571
7.383089545725499,0.0,0.0,0.0,8.313701252074399,7.824445930877619,8.199100606101705
6.897104121257176,6.459857504918618,3.8426729272933526,6.385733882455412,3.671789677209312,6.90875477931522,6.763274619602644
7.052064704992826,4.634728988229636,4.634728988229636,0.0,4.598326038149646,7.0909098220799835,5.747607960577037
7.710419195288879,0.0,0.0,0.0,7.816753061431423,7.824445930877619,5.972042455948742
6.718637026894898,3.038791763014438,3.038791763014438,0.0,6.768776163567982,6.803505257608338,6.978808965264161
6.479534916742182,6.966269440048019,6.83007477909762,4.912654885736052,0.0,7.0909098220799835,5.222703990303502
0.8375717144027298,3.4307561839036995,3.4307561839036995,0.0,0.0,8.699681400989514,3.6818135996559396
4.055714815746942,5.597236070925805,0.0,5.597236070925805,0.0,8.160803920954665,5.570902999011429
6.518540183335701,0.0,0.0,0.0,7.5130522617497215,7.601402334583733,7.528173798316919
4.533885858978245,6.216566180128353,0.0,6.216566180128353,0.0,7.313886831633462,6.158336278030331
5.912656804467783,0.0,0.0,0.0,7.37070213328234,7.601402334583733,7.657720057949938
7.3735135525693885,6.426407548035744,6.117832845922789,5.10636962635945,4.703198568130868,7.601402334583733,6.259904729208733
2.317835314976051,4.848900370910689,0.0,4.848900370910689,0.0,7.972810784121404,4.908132565147389
7.16830790187911,0.0,0.0,0.0,5.007434604014922,7.313886831633462,6.05223755085645
0.0,0.0,0.0,0.0,4.620255133886588,7.601402334583733,0.0
7.136849112999445,7.1808311990445555,7.1808311990445555,0.0,0.0,7.0909098220799835,7.27326258779576
4.240587284987368,3.9646154555473165,0.0,3.9646154555473165,0.0,7.824445930877619,4.9879294361013065
4.428244672331651,6.0690735264349644,6.0690735264349644,0.0,0.0,8.006700845440367,6.600983890047517
7.217826796207369,4.1470951276076295,0.0,4.1470951276076295,4.054297510411721,7.313886831633462,5.859067961774603
8.166675354957233,7.4247080931201,6.855092626398831,6.5919617563692805,9.231578534085312,9.210440366976517,8.054857661088674
7.455460869837773,0.0,0.0,0.0,7.845364971858789,7.824445930877619,6.936648117771667
7.254345395361425,6.356020851372516,4.8064770426931265,6.119527892171922,4.083956745185806,7.313886831633462,6.871922349603601
1.6741102371195775,4.306359755748467,0.0,4.306359755748467,0.0,7.972810784121404,5.083660420660442
2.0738749519277184,6.44797125126366,5.839274444093357,5.666045992819804,0.0,8.294299608857235,6.510677486300237
4.55364015831827,5.967274308306765,0.0,5.967274308306765,0.0,7.824445930877619,6.124600466230667
8.14865454754921,5.438079308923196,5.438079308923196,0.0,7.6512430692446545,8.987321812850125,8.210677760735209
3.4804782915491193,6.17578410656461,0.0,6.17578410656461,0.0,7.824445930877619,6.069793603473321
7.425034254210781,0.0,0.0,0.0,5.606823320373779,7.496097345175956,6.671077643736021
2.279113784308355,0.0,0.0,0.0,4.3727211602311185,7.0909098220799835,5.035566180736136
7.6670385518517445,7.202891996394716,5.492032107171434,7.004482635934567,7.598041326401447,8.987321812850125,8.652027486244938
3.9601733459064286,0.0,0.0,0.0,6.154510717339931,6.90875477931522,7.938437590020006
7.365731481591528,8.08635796626338,7.567826429098931,7.182276121156095,8.350698295050876,8.77971129020447,8.194627228952424
3.6381678063266745,5.517131559701017,0.0,5.517131559701017,0.0,8.294299608857235,5.43315164442384
5.843612765420193,7.347473654684465,6.851999410527181,6.409352175214703,0.0,8.77971129020447,7.484583205659237
8.016446062567278,4.2903224454635405,0.0,4.2903224454635405,8.490112075872378,8.922791623969637,6.789350612653436
5.364199957456515,5.156811404253857,5.156811404253857,0.0,0.0,8.853808274977197,8.586865516502304
7.2869293487478695,4.39197696552705,4.39197696552705,0.0,8.15910867392389,7.824445930877619,7.584960145987803
6.731771019831122,0.0,0.0,0.0,6.7672604762804385,6.90875477931522,3.8742048282612838
5.852925086447467,5.355642433167306,0.0,5.355642433167306,0.0,7.824445930877619,5.272773071378999
6.582018759371092,6.307114350893783,6.12787304688753,4.51085950651685,6.123677368612063,6.803505257608338,5.758644286471569
3.7808372710236777,5.945944031806173,0.0,5.945944031806173,0.0,7.824445930877619,5.802422371461643
8.599829874655022,6.90875477931522,6.90875477931522,0.0,8.24504005684949,8.699681400989514,7.896314835185414
7.500399448195662,7.418900851559048,0.0,7.418900851559048,0.0,7.313886831633462,7.416642086658295
6.656193693303215,6.652036881735749,4.794136285500715,6.483963254181089,0.0,8.006700845440367,7.065406710307883
6.934612036900277,0.0,0.0,0.0,6.1162806261658105,7.313886831633462,5.579123208068507
7.902311162751694,5.439165675135416,0.0,5.439165675135416,8.34660568751878,8.922791623969637,7.355051476782724
7.874844377427274,0.0,0.0,0.0,8.158776479193714,8.160803920954665,7.299631134023346
5.746163493266604,6.529769141862258,0.0,6.529769141862258,0.0,6.90875477931522,7.675794107720089
8.09298590746644,6.744059186311348,6.744059186311348,0.0,0.0,8.412054873292933,7.042824825790754
6.7259631332254255,6.034907104950818,0.0,6.034907104950818,0.0,6.90875477931522,5.139755790505379
7.054454619260531,0.0,0.0,0.0,6.169007996489295,7.0909098220799835,6.752359119867452
5.86311926050101,0.0,0.0,0.0,6.963625633629899,7.0909098220799835,4.793323761784096
8.177274935284194,8.453194258008352,8.311921483064568,6.427943708745316,0.0,8.517393171418904,6.983977088620644
6.849655407050739,5.017279836814924,0.0,5.017279836814924,6.973172964166717,7.0909098220799835,7.276994452680594
3.9602349262566405,7.064759027791802,0.0,7.064759027791802,0.0,7.550135342488429,6.82074278199188
3.064609338335605,4.74493212836325,4.74493212836325,0.0,0.0,8.294299608857235,6.256897452323904
1.6184648467908878,3.58351893845611,0.0,3.58351893845611,0.0,8.922791623969637,4.813237426714365
4.751558110587186,6.974011074759202,6.747116933019324,5.384036241950574,0.0,8.294299608857235,6.359893717169372
0.5522481419358192,6.060290738037835,0.0,6.060290738037835,0.0,7.313886831633462,6.095842273987086
4.604524437537432,6.910750787961936,0.0,6.910750787961936,0.0,7.313886831633462,7.53097419285227
7.737689249668069,6.151370064617605,5.521460917862246,5.395262572604516,6.159895398208532,8.699681400989514,6.9506997455441795
5.494913016186935,5.414321042304342,4.036008985209137,5.1298987149230735,0.0,8.412054873292933,7.21452956173781
7.362852751430221,0.0,0.0,0.0,7.552229871260335,8.160803920954665,6.445414717291112
6.8991746101136044,0.0,0.0,0.0,2.981882608167737,6.90875477931522,5.385963442906735
6.355094192449284,5.9327755507593025,0.0,5.9327755507593025,0.0,7.313886831633462,7.004073535960432
7.8425560929796685,7.8014731500039005,0.0,7.8014731500039005,0.0,8.699681400989514,8.785981338344296
5.461129215640677,6.506187566152668,0.0,6.506187566152668,0.0,8.294299608857235,4.9712855486186625
2.708196323759108,4.343805421853684,0.0,4.343805421853684,0.0,8.517393171418904,5.231230144229194
6.969306989037083,0.0,0.0,0.0,7.213083511106634,8.77971129020447,8.189715926824382
5.942118172031939,7.207422738866918,6.3048326409951585,6.688603748937465,0.0,7.170888478512505,6.067815221452637
6.967292624751666,0.0,0.0,0.0,4.793690449375591,7.0909098220799835,5.578950737670059
6.776209266186129,6.391682580029157,5.654242029096065,5.744156368794474,5.675105591975918,6.90875477931522,6.505733561095326
3.6456348660237947,5.8981972791375386,0.0,5.8981972791375386,3.62070489057883,7.0909098220799835,5.652816358319022
6.621606427878899,7.1199511222278415,7.1199511222278415,0.0,6.789644434477304,7.601402334583733,7.602615228415693
4.196581003035892,6.349069058864647,0.0,6.349069058864647,0.0,6.90875477931522,6.102163389013343
5.484573331730159,0.0,0.0,0.0,6.579262224449464,8.699681400989514,6.924561117447699
4.616341493917565,5.771441123130016,0.0,5.771441123130016,0.0,6.90875477931522,5.08979273619167
6.268828810438476,0.0,0.0,0.0,7.766544394976319,7.824445930877619,4.779494483109758
5.349518108652757,0.0,0.0,0.0,6.512107870159686,6.55250788703459,5.36481681537209
8.234360647370035,0.0,0.0,0.0,8.491449678063043,8.612685172875459,7.853710577601662
7.428863490872982,8.005673993850202,7.733504045029894,6.572743974679431,0.0,8.517393171418904,7.109404770358151
6.684931075421005,0.0,0.0,0.0,7.310469954114925,7.244941546337007,6.790923873507086
6.5146861675578265,4.709530201312334,0.0,4.709530201312334,0.0,6.90875477931522,6.672775708784586
3.1512876235129292,6.221663152895869,6.221663152895869,0.0,0.0,6.111467339502679,6.811839000236953
3.3512984129961576,6.361302477572996,0.0,6.361302477572996,0.0,8.517393171418904,6.660578345737268
7.525995246157084,5.028409722195421,5.028409722195421,0.0,6.096707118810693,7.601402334583733,6.209683036189282
6.690452089503917,7.433625168151966,7.433625168151966,0.0,0.0,7.0909098220799835,7.486835266085053
6.680224062176536,0.0,0.0,0.0,8.644315531771372,3.9318256327243257,8.932107882185834
4.502325502967707,6.836259277277067,0.0,6.836259277277067,0.0,6.90875477931522,7.0951985805534425
3.6554009508716807,5.878491798448014,0.8754687373538999,5.874565495622438,0.0,8.77971129020447,4.580701361105383
3.32506882591389,5.101085197018328,0.0,5.101085197018328,0.0,8.006700845440367,4.978634266314864
6.331782367484454,0.0,0.0,0.0,5.5033147230439985,7.313886831633462,6.126868708131539
6.508949028390846,0.0,0.0,0.0,9.415957988585706,7.0909098220799835,9.432397965051132
6.940608513665521,6.830161237543583,6.2898268819678655,5.959147945631439,6.938734613537306,7.0909098220799835,7.607024213312538
6.193636507834572,0.0,0.0,0.0,5.796946000531619,6.55250788703459,5.172198308853082
7.637529204536297,0.0,0.0,0.0,4.693270931067449,9.04793908261736,8.253016160459953
6.434387637787723,6.3532563774261765,6.1224928095143865,4.782144136455451,0.0,7.00397413672268,6.7763937510689525
4.2615656367878305,6.523562306149512,0.0,6.523562306149512,0.0,8.160803920954665,6.50684743624742
5.686905119974999,3.8426729272933526,3.8426729272933526,0.0,0.0,7.496097345175956,6.188394116686443
7.3836726966348065,4.5217885770490405,3.8501476017100584,3.828641396489095,7.471754609142326,8.006700845440367,6.20239074355083
8.03933514822178,4.259859000699674,4.259859000699674,0.0,7.74878552527558,8.853808274977197,8.38819312412689
7.8383410340087725,6.345987176478571,5.7584915951282545,5.538632636370566,7.629438710515455,8.517393171418904,6.730659179275663
6.477843861485977,5.508456728726992,5.508456728726992,0.0,7.321779929463203,8.006700845440367,6.072966690056811
4.343627483945752,6.894670039433482,0.0,6.894670039433482,0.0,6.90875477931522,6.695050143596115
6.117893635473674,0.0,0.0,0.0,7.3685006777679645,7.824445930877619,5.442748192703078
7.870076091783683,4.302712827954156,0.0,4.302712827954156,8.368539951172767,8.517393171418904,5.809179387651636
7.3898066857970335,6.726664963898926,0.0,6.726664963898926,0.0,7.313886831633462,6.870831921764699
4.22819624729752,6.430670638445849,6.430670638445849,0.0,0.0,8.294299608857235,6.905835037497985
0.0,5.977086679162027,3.8426729272933526,5.85403987119631,0.0,6.90875477931522,0.0
7.453946694460953,5.9518137414781895,0.0,5.9518137414781895,4.857281149173047,7.496097345175956,6.8643583408883035
5.230705669371993,6.428072961984905,6.428072961984905,0.0,0.0,7.0909098220799835,4.085470083598991
0.34618915975601344,7.080379972797227,7.080379972797227,0.0,0.0,8.699681400989514,7.102527998985828
5.239188114234112,0.0,0.0,0.0,6.714378681788055,8.412054873292933,6.802805283493819
3.8781944786722873,6.144078332231665,4.911919321157098,5.802269421370855,0.0,6.90875477931522,6.052414261958303
8.407917007972095,7.234581138551545,5.5254529391317835,7.035761435563821,7.177413196133461,8.412054873292933,7.325559339481957
2.7324984261087915,5.687924058721743,0.0,5.687924058721743,0.0,7.824445930877619,6.228883878837743
3.9035554163698545,6.513378467859393,6.473288663314896,3.3138223021771545,0.0,8.699681400989514,6.502451072428623
3.3510771183028596,5.2390980068880655,0.0,5.2390980068880655,0.0,7.601402334583733,5.638443419843702
2.9718127183277616,5.620110968628586,0.0,5.620110968628586,0.0,6.90875477931522,5.537945013545768
6.271033238037853,6.647753222303665,4.704110133842995,6.494736715219059,5.659913192562187,7.313886831633462,6.619011898208531
3.9636933987049723,5.99141454585794,0.0,5.99141454585794,0.0,7.824445930877619,6.116659118244588
1.2484161059914112,3.742420221041966,3.742420221041966,0.0,0.0,7.601402334583733,4.522793702176277
8.468463200536357,8.315519993616496,8.057792353392431,6.834646807161499,8.300147670761838,8.922791623969637,7.144814384695001
3.948318964886876,6.468629969381338,0.0,6.468629969381338,0.0,7.244941546337007,6.089498763353849
6.089818598721517,6.927881383365727,5.198497031265826,6.733794671832054,0.0,8.517393171418904,7.437422010285247
1.9607005160475521,4.9124342731675945,0.0,4.9124342731675945,0.0,8.294299608857235,5.317045711126765
5.185160185733297,7.96008276244645,7.786771881878107,6.124201874546176,6.725278358919935,7.313886831633462,8.115361294994027
2.4685988135892174,4.35040696029342,3.9498966578562276,3.2801590532850993,0.0,7.824445930877619,0.0
7.821879402654904,8.446030109582578,8.101808041996172,7.213120086286226,0.0,8.77971129020447,7.116889342079584
7.871644349655366,6.111467339502679,0.0,6.111467339502679,7.330653055964683,8.006700845440367,6.890080489093388
6.821791983835528,5.055990995817053,0.0,5.055990995817053,0.0,7.0909098220799835,6.57676491540134
8.10220361431387,0.0,0.0,0.0,7.657652761865854,8.294299608857235,6.515765910856408
3.4210973898375783,4.983195578337474,0.0,4.983195578337474,0.0,8.517393171418904,5.524197653582475
6.993478837255766,4.454231010422805,4.454231010422805,0.0,7.457627309749435,7.601402334583733,4.419741406774624
7.546669614168003,6.47857108425338,0.0,6.47857108425338,5.969634779600735,7.601402334583733,6.655143061651492
4.290811201191381,6.793779984668581,0.0,6.793779984668581,0.0,9.210440366976517,8.884804041774883
7.895560241683611,7.580490546669138,7.338771167934307,6.0444601417599255,0.0,8.294299608857235,7.017861689046245
3.866935698214321,0.8754687373538999,0.8754687373538999,0.0,5.2476049087054335,8.412054873292933,0.0
3.8429577741804333,4.356708826689592,4.356708826689592,0.0,0.0,5.707110264748875,6.346457612982395
6.643542757339158,0.0,0.0,0.0,6.9996202116414326,8.294299608857235,6.4069150531112244
7.244652945809371,6.913717469746355,6.164535111787751,6.275515033325713,5.380044900258594,7.496097345175956,6.318738633363772
4.506096444863267,6.899450892818522,6.899450892818522,0.0,0.0,8.294299608857235,7.873686586656562
5.5467391150620395,6.447353404992669,6.447353404992669,0.0,0.0,8.006700845440367,5.687602749318188
6.913003485024688,5.017279836814924,0.0,5.017279836814924,0.0,6.90875477931522,5.968997188115815
6.8176956389376,8.37521248941338,7.976468340804154,7.263721972170508,6.802044040717216,7.824445930877619,8.319184485868503
3.7968687764297666,5.972077833307792,0.0,5.972077833307792,0.0,6.90875477931522,5.88080519515859
6.825563986335481,0.0,0.0,0.0,7.981779078605498,8.412054873292933,6.898258659496398
8.503619413707261,0.0,0.0,0.0,5.942196311430576,8.517393171418904,6.935019860248035
5.232487451920719,0.0,0.0,0.0,6.141483583438974,8.294299608857235,6.6387251995517245
5.928609836898127,7.9937752832425275,7.581954067283239,6.90875477931522,0.0,7.3783837129967145,8.16078574798177
4.446957067285368,6.656623691127758,6.656623691127758,0.0,0.0,8.006700845440367,6.624741522301577
6.993066821321094,0.0,0.0,0.0,7.361119257032158,7.0909098220799835,7.531834688821682
4.421576175968801,7.011538551445609,6.7686771027855945,5.481471909645883,0.0,8.006700845440367,6.675661614630103
3.920030321136503,5.9251644753507495,5.739792912179234,4.16418152181088,0.0,8.517393171418904,6.373040820634666
3.9173924640493114,5.369474560864365,0.0,5.369474560864365,0.0,7.824445930877619,5.287084457993617
7.230338356239884,7.3987128333106575,7.319798702450424,4.828153724500936,0.0,8.77971129020447,6.8660843773671925
7.885191732829394,6.112464624753488,5.783209608287523,4.849292143687493,6.787998264811498,8.006700845440367,6.835864069224875
5.411456082919227,0.0,0.0,0.0,7.321860171103142,7.313886831633462,7.52711526793278
4.320088941781822,6.681557066938699,0.0,6.681557066938699,0.0,7.824445930877619,6.650308309478852
5.754144174744501,7.316056361909509,7.0844443363243865,5.7430031878094825,0.0,8.294299608857235,7.115728558192252
7.151128346070516,0.0,0.0,0.0,7.147024863273423,7.824445930877619,6.150496645544655
4.170349374712369,6.869908022205688,0.0,6.869908022205688,0.0,8.517393171418904,6.8094179694402825
7.484816084742304,3.9390543444791764,0.0,3.9390543444791764,0.0,7.601402334583733,6.362641452938686
7.903236659384359,0.0,0.0,0.0,8.658932913738093,8.77971129020447,7.144688435161499
4.789470716654225,5.839885557648541,0.0,5.839885557648541,0.0,7.601402334583733,5.793519702857704
4.312609981439843,6.970401385632408,6.043202742512396,6.468335169494019,0.0,8.853808274977197,6.958717226930519
7.156887061356856,8.062905418610505,0.0,8.062905418610505,6.480340297333731,6.90875477931522,7.922385525226214
5.623597562427632,6.05312392749471,0.0,6.05312392749471,0.0,7.824445930877619,5.0796345948958725
7.28565712937135,6.554673870553535,0.0,6.554673870553535,0.0,7.313886831633462,6.419862899887821
7.328884371811703,0.0,0.0,0.0,5.610025425786037,8.77971129020447,6.385397509903878
7.020241810670163,0.0,0.0,0.0,4.3059637625631675,7.0909098220799835,5.819470992414688
7.222939716871568,6.381714489409666,0.0,6.381714489409666,0.0,8.517393171418904,6.181012650236884
3.3782730148034323,5.809642865355678,0.0,5.809642865355678,0.0,8.006700845440367,6.701187646155521
2.839947676276994,5.750188847470357,0.0,5.750188847470357,0.0,8.006700845440367,6.125621705462784
4.5221099927807735,6.962906123446985,0.0,6.962906123446985,0.0,8.517393171418904,6.98869012058583
1.1937515447749025,7.199065760787922,4.472780997942346,7.132162032120871,5.2067042103224415,8.412054873292933,7.431199051610111
8.046145406990165,0.0,0.0,0.0,8.720393980236588,8.476579508530941,8.020260854101052
7.499828258941188,5.438079308923196,5.438079308923196,0.0,8.234233698809089,8.517393171418904,8.442056419552609
6.913266671319072,0.0,0.0,0.0,6.995572533165496,7.0909098220799835,4.196258766163842
3.8447330545770084,5.14166355650266,5.14166355650266,0.0,6.949972481826447,7.0909098220799835,7.191956883626594
4.612154518653736,6.8178086893766645,6.8178086893766645,0.0,5.654801375259798,7.0909098220799835,7.410353829195827
7.22983046145,3.828641396489095,3.828641396489095,0.0,0.0,7.313886831633462,5.7921478861938285
8.000032441379593,10.195620455331094,10.185477958138797,5.603225219664886,0.0,10.308985993422082,10.30995265914575
0.06279731862391716,4.725970886133796,0.0,4.725970886133796,0.0,7.313886831633462,4.758110098847042
5.836511687287035,7.43379655535449,0.0,7.43379655535449,0.0,8.006700845440367,7.229179441271236
7.171045445439286,4.581799199664851,4.581799199664851,0.0,0.0,7.313886831633462,5.69774950953027
8.68131813193764,6.805279487392901,6.805279487392901,0.0,8.431744462238122,9.282754052485227,7.221024559851652
4.030500022445972,6.415865894234472,0.0,6.415865894234472,0.0,7.601402334583733,6.424954454615886
0.0,5.631211781821365,0.0,5.631211781821365,0.0,6.90875477931522,6.065079672832852
7.82766809956579,5.3867860145356445,5.3867860145356445,0.0,7.811656868995678,8.006700845440367,6.287549398993495
5.249460443900307,0.0,0.0,0.0,6.49796691756716,6.2166061010848646,6.987808487215927
5.121069550534932,6.2244000008846605,5.917010361183034,4.902455994582567,0.0,7.824445930877619,4.964996474221296
7.469447439477581,0.0,0.0,0.0,7.479560149865812,8.006700845440367,6.757666928709703
7.590715571941573,0.0,0.0,0.0,4.720601908361621,8.77971129020447,6.012068972975799
4.803587754155139,7.125725471522349,0.0,7.125725471522349,0.0,7.601402334583733,7.697677328438172
5.259129754446909,6.759197264340988,6.759197264340988,0.0,0.0,6.68586094706836,6.9100656560045515
7.322229125609593,6.43459467172118,0.0,6.43459467172118,7.204578347190507,7.496097345175956,6.971138826519407
4.288229353610902,0.0,0.0,0.0,5.249083455437492,7.313886831633462,4.0775300370986285
7.101047971338391,5.993961427306569,0.0,5.993961427306569,7.041077341073552,7.0909098220799835,6.052975094023921
7.649875254652517,6.323498377130264,6.2878585601617845,3.021400020302569,6.917489089366737,8.006700845440367,7.004610477357623
8.041261270603258,0.0,0.0,0.0,8.230573744577825,8.412054873292933,6.101729871003799
6.661064986316277,0.0,0.0,0.0,7.225344970744335,7.313886831633462,5.311374045918854
2.115936307234731,0.0,0.0,0.0,5.622109304055654,7.824445930877619,6.931076261561911
3.869020092767202,6.527431463280305,0.0,6.527431463280305,0.0,7.601402334583733,6.76345251948374
7.449301751687726,5.350055561952451,0.0,5.350055561952451,7.263092611817881,8.006700845440367,6.329016548787319
5.618968042614764,5.835892023606579,0.0,5.835892023606579,0.0,7.824445930877619,4.6255005269600895
5.8101780474575175,0.0,0.0,0.0,7.809757086277794,7.824445930877619,8.929100256425937
5.624789258851143,6.111156870025987,0.0,6.111156870025987,0.0,6.90875477931522,7.381821116899754
4.836594366067552,7.021003603917475,7.021003603917475,0.0,3.0004246471291514,7.496097345175956,7.227945914626482
8.344129726725564,4.330601752681694,0.0,4.330601752681694,7.9470451551119865,8.412054873292933,6.772670819258717
6.803759736879459,5.528317358658732,5.528317358658732,0.0,0.0,8.77971129020447,7.7680199569253885
0.0,0.0,0.0,0.0,4.998845095390446,6.2166061010848646,6.505667178858417
7.010145393162369,0.0,0.0,0.0,5.177177356929383,7.0909098220799835,5.742974578425879
7.935327678880854,3.863882630100211,3.863882630100211,0.0,7.261831411634235,8.006700845440367,7.262395602583978
5.905665796407998,8.155907634919823,7.209192316666254,7.665331599697772,5.857524965471373,8.922791623969637,8.021577330868434
4.5282639469503,6.855377185886858,0.0,6.855377185886858,0.0,8.517393171418904,6.777332012268927
6.9905480832097115,0.0,0.0,0.0,7.758115719736037,7.824445930877619,5.121046161232832
6.770654285190998,7.589588699641809,7.1526603220778595,6.55250788703459,4.9929597513508845,7.313886831633462,6.149715182760966
0.0,5.337538079701318,0.0,5.337538079701318,0.0,7.824445930877619,0.0
2.521056788163347,4.549657476057832,0.0,4.549657476057832,0.0,7.550135342488429,6.404770928586818
3.202063648911911,5.2999160879117335,0.0,5.2999160879117335,0.0,7.313886831633462,5.081487224905522
6.877439516878751,5.599680426055682,4.3694478524670215,5.259264639284336,4.373397762809057,7.601402334583733,6.464879157026657
7.4476905975540815,7.139604822925289,7.03523338739356,4.836043783364212,7.015793506068645,7.824445930877619,7.384125905811937
2.869547712463375,5.661431534115671,0.0,5.661431534115671,0.0,7.313886831633462,6.986156976319041
4.84786405826211,5.76938293174015,0.0,5.76938293174015,0.0,7.901377353792616,6.241815335959739
3.182694255236237,5.47503994494151,0.0,5.47503994494151,0.0,8.006700845440367,6.291236838055995
7.053401826101675,4.962844630259907,2.5649493574615367,4.875197323201151,5.188836339899556,7.0909098220799835,6.065707752438714
6.522840455369546,5.943061807879815,0.0,5.943061807879815,0.0,7.824445930877619,6.096064017994688
7.857346939300614,6.504871835508183,5.3731001109917225,6.117788780441477,5.966816750513359,8.699681400989514,6.352209846648436
0.9524220624108767,5.121759169643187,0.0,5.121759169643187,0.0,8.699681400989514,5.805991258822128
5.342941780300754,7.414651191537279,7.2021323895664136,5.764689409559723,0.0,8.517393171418904,7.168243333699128
5.109048654052723,0.0,0.0,0.0,4.987459177377869,7.0909098220799835,6.962436037578836
3.6699818641478927,5.91307047967997,0.0,5.91307047967997,0.0,8.006700845440367,6.037539294534789
1.8422325022932506,5.459585514144159,0.0,5.459585514144159,0.0,7.313886831633462,5.719343435785587
5.586951603047722,8.054954536573748,7.790178941344715,6.5979775522561095,0.0,8.294299608857235,8.052377886548188
6.808371587583628,5.0689042022202315,4.51085950651685,4.23410650459726,0.0,6.803505257608338,5.884765939381915
1.2552649787128594,5.716731604942411,5.716731604942411,0.0,0.0,8.006700845440367,5.665560891273164
2.821226315247016,5.278114659230517,0.0,5.278114659230517,0.0,7.601402334583733,5.650467798301105
6.724836400627174,6.621432282567987,6.378460138932485,5.093750200806762,6.169879058413522,7.0909098220799835,5.379287716136431
5.578150299946218,7.573150923211239,6.55250788703459,7.127099622437109,6.7098823317256295,7.901377353792616,7.874535596476459
1.116346110795178,4.31748811353631,0.0,4.31748811353631,0.0,8.699681400989514,4.236241672777824
7.8887648567343795,0.0,0.0,0.0,7.902969175767941,8.006700845440367,6.386809143499703
6.882978493849357,6.859635889792858,6.100498308132105,6.230363330366698,0.0,8.294299608857235,7.2813978637711525
2.1268722107258347,4.44323931884187,0.0,4.44323931884187,0.0,8.294299608857235,5.152617008634388
4.017598803910962,0.0,0.0,0.0,5.339414184100982,8.006700845440367,5.627533602667414
7.079703554683746,0.0,0.0,0.0,7.311638826415625,7.313886831633462,7.484523043163609
6.899501898344172,6.739869029984439,6.739869029984439,0.0,0.0,8.006700845440367,6.275633771101095
7.304954383621035,8.208344682102643,7.8650267127818605,6.973430653656771,5.919733442580439,8.294299608857235,7.003047539535004
6.823533349681503,0.0,0.0,0.0,6.7696283797451375,7.0909098220799835,6.7823791586833995
7.230785539975729,6.501034382701967,0.0,6.501034382701967,7.009710205298005,7.824445930877619,5.996795467468701
3.820604622747581,6.369215816648631,0.0,6.369215816648631,0.0,8.006700845440367,6.751278973649703
6.717747423734387,6.933179331322296,0.0,6.933179331322296,0.0,7.0909098220799835,6.616296151764531
7.417781316163959,6.761514896759131,6.761514896759131,0.0,0.0,7.550135342488429,6.896358763698187
7.294259068115009,5.4013251166222656,0.0,5.4013251166222656,5.995386167493061,8.006700845440367,6.6641622679707675
6.789074029427401,8.378018476589228,8.300796826559269,5.781669013313272,0.0,8.006700845440367,8.386863488708183
6.367472148610693,4.833500263989602,4.833500263989602,0.0,0.0,6.398594934535208,5.748244779200454
3.1888942764820953,5.53338948872752,0.0,5.53338948872752,0.0,7.824445930877619,6.067238057019049
2.5903040397659605,5.210360087788895,0.0,5.210360087788895,0.0,8.517393171418904,5.0191799443739376
8.626699709217021,8.5651830354149,7.645273349277579,8.057079693191895,0.0,9.433563920090563,7.946244486582888
5.490525436152231,5.817111159963204,4.605170185988092,5.4680601411351315,0.0,6.90875477931522,6.496152129581797
5.744732460985155,7.93165479725832,7.605023954501253,6.655144296251942,0.0,7.601402334583733,7.981178743483938
4.02849848438251,5.649044658216867,0.0,5.649044658216867,0.0,6.90875477931522,5.368279038596139
3.5306473524376947,5.392536041787018,0.0,5.392536041787018,0.0,8.517393171418904,5.299716741965376
7.337898405753044,8.356923495201599,8.046526942686693,7.03671122017484,0.0,8.517393171418904,7.886578911080171
2.7870157134244833,5.953243334287785,0.0,5.953243334287785,0.0,7.313886831633462,6.345605946330992
5.757602829668036,0.0,0.0,0.0,7.995463049915535,8.006700845440367,8.967422961936974
3.399177175752992,4.4985867005853075,4.4985867005853075,0.0,0.0,7.313886831633462,5.126394641995662
6.420417801264418,0.0,0.0,0.0,4.062379530831788,6.55250788703459,5.489652730810504
9.107843756327894,0.0,0.0,0.0,7.919880561881268,9.105090961257085,5.715329628917892
8.227318104865889,0.0,0.0,0.0,8.010339745761422,9.210440366976517,8.706092121288926
5.034073279320353,7.252301972120884,6.54599600313404,6.573540492402139,0.0,7.824445930877619,7.092755060295558
1.944982290155921,0.0,0.0,0.0,2.983250347415924,6.2166061010848646,3.8558454233565915
4.547827165697655,6.651313442266413,6.651313442266413,0.0,0.0,7.0909098220799835,6.747534295418331
4.259808293199381,7.070622147941957,0.0,7.070622147941957,0.0,7.601402334583733,7.252291169639326
7.26798215812371,6.406087593000912,5.188279261339099,6.057626749361651,0.0,7.244941546337007,6.416874326345192
3.1599594431784475,5.517854422268135,4.716711560720999,4.929425238670713,0.0,7.0909098220799835,4.720392835540541
5.1573639846906545,4.02535169073515,0.0,4.02535169073515,0.0,7.313886831633462,5.256166572898467
3.1340322347117446,4.7019338544204,3.58351893845611,4.319619174545265,0.0,8.294299608857235,4.842866033149425
2.5055562222464185,4.956671771152826,0.0,4.956671771152826,0.0,8.517393171418904,4.557933955837565
7.15338294624501,6.281761946608582,5.370545000544918,5.770662003495746,6.409630126706065,7.313886831633462,7.247594097302424
7.117485532079108,0.0,0.0,0.0,5.914212869841265,7.438971592395862,5.705674773129589
4.37424426796227,6.763965736704529,0.0,6.763965736704529,0.0,8.517393171418904,7.135885762055956
3.638147765154426,4.9004483350615,0.0,4.9004483350615,0.0,7.824445930877619,6.843579936687146
2.091786898207542,4.408181592150733,0.0,4.408181592150733,0.0,8.294299608857235,5.062634639837543
3.354312112028554,5.461625984160061,0.0,5.461625984160061,0.0,7.824445930877619,4.703032841815737
5.372667033419808,7.594733470396553,0.0,7.594733470396553,0.0,6.55250788703459,7.690734609574757
5.433834429548611,7.6781782659492395,6.395294986539685,7.3541447763680345,0.0,8.006700845440367,7.678971020485006
3.1286966429512235,5.139087140977479,0.0,5.139087140977479,0.0,7.824445930877619,5.20641185278501
6.034526907732889,8.358724870644442,7.703030255587893,7.627154830686148,0.0,8.294299608857235,8.248915028351842
2.3534710594348307,6.129050210060545,6.129050210060545,0.0,0.0,8.006700845440367,6.4659364428284904
6.704695849654485,7.771876543267397,0.0,7.771876543267397,0.0,7.601402334583733,7.462970045758397
5.824867170864919,4.176231721694285,0.0,4.176231721694285,0.0,7.601402334583733,6.047645484484542
7.778801962200619,0.0,0.0,0.0,8.926651921855074,8.853808274977197,7.374148724349159
7.707912777726992,5.3568220959206,5.3568220959206,0.0,8.297957897903345,8.006700845440367,8.19313908118393
7.058804926145312,5.58417277165841,5.049214776063731,4.712049547615187,7.104353528737156,7.313886831633462,5.6819572136148055
3.7651584803233407,6.3784261836515865,0.0,6.3784261836515865,0.0,7.824445930877619,6.417509589807843
5.357351076476163,0.0,0.0,0.0,6.794790803022857,6.90875477931522,6.305798120202361
7.411194200513203,4.61512051684126,4.61512051684126,0.0,7.617109136504628,7.601402334583733,6.357075237581254
8.391622397663934,6.228096716602747,4.731714727313047,5.977112040883582,7.379333234575563,8.517393171418904,7.099891102917567
5.072931390377483,6.6597425369885626,6.6597425369885626,0.0,0.0,7.0909098220799835,6.700817719573192
3.933362353324945,5.8309729729006765,0.0,5.8309729729006765,0.0,7.0909098220799835,4.3496974840584866
6.43382962785365,0.0,0.0,0.0,8.521080528720544,7.601402334583733,8.13361131288472
2.1523966531163716,4.5081084731449605,0.0,4.5081084731449605,0.0,8.294299608857235,4.894705362880754
5.450435791314587,5.25227342804663,5.25227342804663,0.0,4.698377055385078,7.0909098220799835,4.795300772785054
6.253682533569675,5.579729825986222,5.579729825986222,0.0,0.0,8.517393171418904,5.468047166367415
7.002512654199976,0.0,0.0,0.0,7.1689791750150995,7.0909098220799835,7.307865034755154
6.690850399124713,0.0,0.0,0.0,5.589350496678943,7.824445930877619,5.425883806034739
4.964875824728272,6.293419278846481,6.255750041753367,3.044522437723423,0.0,8.294299608857235,5.507333157367191
5.094169290890354,7.163358275970172,7.092049888027705,4.498364181670282,0.0,8.699681400989514,6.871969282510327
7.275273629417697,5.465525285531943,0.0,5.465525285531943,6.424527122676141,7.496097345175956,6.723890621820969
5.905591339430582,7.06338201176419,7.06338201176419,0.0,5.303836642285262,7.824445930877619,6.15595390316466
6.815444150723619,8.22353328727792,7.839088306121521,7.08234703771415,0.0,8.006700845440367,8.542147237927344
1.3686931140073666,5.657354518275788,0.0,5.657354518275788,0.0,7.313886831633462,5.726800909356754
4.49510764422249,5.878155861600981,5.878155861600981,0.0,0.0,7.3783837129967145,5.860326368461009
8.244463711546084,6.1454723595873295,5.4510384535657,5.457881936219375,7.786411218888939,8.412054873292933,6.856755527822346
7.291650909432897,5.442850517280335,3.4339872044851463,5.303802296778606,0.0,7.313886831633462,6.03259519239069
6.517997971386897,4.836281906951478,0.0,4.836281906951478,0.0,6.90875477931522,5.834485748587056
7.393198618223732,0.0,0.0,0.0,5.868686936175197,7.438971592395862,6.593997501842253
5.598701305162787,8.427994697155622,7.911459640264902,7.52074932910551,7.985135042837702,8.294299608857235,8.788145516388946
3.5669053042453305,4.897839799950911,0.0,4.897839799950911,0.0,7.313886831633462,5.037763494331115
5.423460349004704,7.850847617466729,0.0,7.850847617466729,0.0,8.517393171418904,7.88234825766981
6.0002070597333805,5.017279836814924,0.0,5.017279836814924,0.0,6.111467339502679,5.43684342814576
0.0,5.599458458683974,0.0,5.599458458683974,0.0,7.313886831633462,5.346868421180681
7.327452904597844,7.248660532391838,6.720702547812281,6.359262401486388,0.0,9.259225769705994,6.156622307576737
8.01188483516668,6.376335714914397,4.628886712605407,6.186969651118235,7.454675130651324,8.131824785007195,7.295552066180992
7.836519145277622,4.034240638152395,0.0,4.034240638152395,0.0,8.160803920954665,6.949774383560137
5.983782213403819,6.900206861224808,6.562472341882306,5.654101914201623,5.346168432760125,7.244941546337007,6.867205455753249
2.0915116539110574,4.371850028222321,0.0,4.371850028222321,0.0,8.517393171418904,4.170843444109958
7.403571078026472,0.0,0.0,0.0,6.565226360839332,7.550135342488429,6.204262872628279
7.868661121511188,0.0,0.0,0.0,7.436398758157637,8.006700845440367,6.56676209526278
6.85826683382127,5.81895469769802,0.0,5.81895469769802,0.0,6.90875477931522,6.638224603321643
7.73384389811543,7.9141682108813525,7.406631795671987,6.993841227895266,8.367500816130246,9.15915233520675,9.002525548975274
6.235754573330943,6.128352799170104,0.0,6.128352799170104,0.0,8.294299608857235,5.068235790203437
5.001065886349335,0.0,0.0,0.0,7.696745711329196,7.0909098220799835,7.924780751816174
7.954538324053538,0.0,0.0,0.0,8.24309666253698,8.294299608857235,8.491022273585921
6.999087316460612,6.223389429429531,0.0,6.223389429429531,6.100390344090424,6.90875477931522,7.011991183001287
7.138649424690443,0.0,0.0,0.0,8.378992638408025,8.006700845440367,8.349987585056057
4.490579155458513,6.493330149502461,4.464297627106676,6.354126532890837,0.0,8.294299608857235,6.977071460465445
8.07477035476054,0.0,0.0,0.0,8.404235140327886,8.77971129020447,8.843143686573187
5.719460732604961,0.0,0.0,0.0,6.769055187044206,6.90875477931522,5.887105224533499
8.000621600822422,4.795790545596741,4.795790545596741,0.0,6.990663299876071,8.77971129020447,6.770400856453946
6.203027853460406,7.074692433732344,7.074692433732344,0.0,0.0,7.313886831633462,6.85563734888653
3.747491746670955,6.089044875446846,0.0,6.089044875446846,0.0,6.90875477931522,6.1016076705928075
3.691519491147389,5.3981627015177525,5.3981627015177525,0.0,0.0,8.006700845440367,6.060079506861956
7.569552914071535,6.492042845922423,4.390366758948883,6.363372871687304,0.0,7.601402334583733,6.6322859583562686
6.662212230346657,7.223434254934775,7.223434254934775,0.0,0.0,7.824445930877619,7.238986844386261
7.188275708226834,0.0,0.0,0.0,6.637652574673956,7.313886831633462,6.943727760800939
7.518861760420623,0.0,0.0,0.0,6.2436850797523125,7.601402334583733,6.352774157618147
7.771864781318348,6.106599635600183,5.67136258340009,5.071291287969602,8.615436720741084,9.04793908261736,6.130214603786403
6.155609111295386,4.663439094112067,4.663439094112067,0.0,5.972159258418452,6.55250788703459,5.484499324894257
5.735096651184029,6.523562306149512,6.523562306149512,0.0,0.0,7.824445930877619,7.14122164780735
7.070635736320846,5.045873729522275,5.045873729522275,0.0,3.6427665603555894,8.294299608857235,7.554943291793084
7.525657888627717,6.922151159265869,6.3578422665081,6.083359811812238,7.126162181265157,7.601402334583733,6.485358371056362
7.136970140934325,6.2145880982221895,6.2145880982221895,0.0,7.210925028295137,8.006700845440367,6.531380199666177
7.478011012265788,0.0,0.0,0.0,5.6113772241229425,7.601402334583733,6.2454308336027
8.516498187556996,0.0,0.0,0.0,8.667082602118807,8.699681400989514,6.989234916239233
4.407796215905768,6.3202285802858755,5.75890177387728,5.479388141440339,0.0,6.90875477931522,6.3643805833547615
7.051822190362399,5.69035945432406,5.69035945432406,0.0,0.0,7.0909098220799835,6.062949841260727
8.742448277311402,7.284182848967007,4.344714099789901,7.2305631534092925,8.599125707415082,9.259225769705994,8.844310005654
5.124228563445433,7.298729228934444,0.0,7.298729228934444,7.269312474212471,7.824445930877619,7.95918715813029
6.821639301366451,6.453168201663336,5.76148518478449,5.761705410989152,0.0,8.294299608857235,5.547010938383118
8.569930222923622,0.0,0.0,0.0,6.498816663225011,8.77971129020447,7.175265374001373
5.249310188582814,6.216785725669966,0.0,6.216785725669966,0.0,8.006700845440367,6.258956050561431
7.285082837111112,0.0,0.0,0.0,5.4711146023170825,7.313886831633462,6.28667020564929
7.039567959967617,0.0,0.0,0.0,6.93847167309153,7.0909098220799835,5.709853319729258
5.4492903901119725,7.661258810082878,0.0,7.661258810082878,6.054329410649207,8.922791623969637,7.942198990519397
7.394031770333983,7.5041988093086465,6.751861414023461,6.8679744089702925,7.509999326575455,8.006700845440367,7.156310473297994
8.253619698927148,0.0,0.0,0.0,8.623346473012091,8.612685172875459,8.435901087288565
5.6365792650543565,7.220008005368123,5.820082930352362,6.937799400330514,0.0,8.517393171418904,7.201193038144386
6.515953508887506,4.050392674692918,4.050392674692918,0.0,6.041084766686087,6.68586094706836,6.06601766142123
8.076000595038124,7.04831690152786,6.594221922939923,6.042775341342409,8.548334747819963,8.77971129020447,7.683597021478383
5.095389329094342,6.812334093016856,6.812334093016856,0.0,5.830394590870655,7.02197642307216,7.110384235163205
7.751080963714878,0.0,0.0,0.0,8.466230437131129,8.699681400989514,8.171471287613727
2.4455348185502896,5.9568731023383625,0.0,5.9568731023383625,0.0,7.824445930877619,6.03406372230674
6.096589760584421,0.0,0.0,0.0,6.755329129131231,7.0909098220799835,5.619532974715932
7.829171661834755,4.700480365792417,4.700480365792417,0.0,5.763474291349103,8.987321812850125,6.126454582895134
6.961692049007177,0.0,0.0,0.0,5.481043620607672,7.0909098220799835,5.782244453636172
6.776516602360214,6.2166061010848646,0.0,6.2166061010848646,5.214695027548873,7.0909098220799835,6.237036180116347
5.0177552138715695,7.496097345175956,0.0,7.496097345175956,0.0,8.517393171418904,7.61196976090582
7.073902298693938,3.4339872044851463,3.4339872044851463,0.0,3.696946800392568,7.0909098220799835,5.579851188432824
6.607794535235078,5.799849943402434,0.0,5.799849943402434,7.051808719691451,6.90875477931522,7.786542724161555
7.758986900262208,7.491148975579531,7.127268247699982,6.305618136765555,8.036733989633847,8.612685172875459,7.251831674138905
5.673598026672503,6.313421226641622,0.0,6.313421226641622,0.0,8.294299608857235,6.364450098922184
7.0693232556675785,0.0,0.0,0.0,5.119494763270552,7.824445930877619,5.538941954311449
2.9935941894803753,5.237770866680003,0.0,5.237770866680003,0.0,8.006700845440367,5.69698371202403
5.904473434458484,7.065382764851323,7.065382764851323,0.0,0.0,7.313886831633462,6.777676232148056
5.901884629695414,0.0,0.0,0.0,6.3208348352021515,6.2166061010848646,5.392101091002868
6.612370661951716,7.384647626431295,7.100769465314835,5.989362339016112,0.0,8.160803920954665,5.61940164927533
2.888555387070764,7.926187350522719,6.2077647359401835,7.72897020358458,0.0,8.006700845440367,7.1880993988922155
2.2363886649546814,4.416186486320586,0.0,4.416186486320586,0.0,8.294299608857235,6.799391021048397
8.418743230995481,7.468319188736555,6.467978190156227,7.010744986493961,10.17617145855647,9.04793908261736,10.134794229097611
5.4866192678808705,6.177964860723353,6.177964860723353,0.0,6.136438107120215,7.0909098220799835,4.946742885960495
6.615762665482779,0.0,0.0,0.0,7.10894310162007,8.517393171418904,7.064959972558315
0.0,5.425258339989186,0.0,5.425258339989186,0.0,7.824445930877619,0.0
7.761482291579989,0.0,0.0,0.0,7.3005885692154715,8.006700845440367,6.350770977148114
7.7284609333110454,5.612872599296359,0.0,5.612872599296359,7.022377439888779,7.824445930877619,6.640910322088406
3.37265369235243,5.784348122495769,0.0,5.784348122495769,0.0,7.313886831633462,5.873544045128536
3.3011377912413793,4.828553708506909,4.828553708506909,0.0,0.0,6.90875477931522,5.737754723943858
3.327350749715081,5.9263125044712455,0.0,5.9263125044712455,0.0,8.853808274977197,5.946675590420874
5.7783416985519676,7.833215839176786,7.687900919781624,5.835512245334096,0.0,9.105090961257085,7.549180351121672
7.049140036054861,4.6913478822291435,0.0,4.6913478822291435,0.0,6.90875477931522,4.597094989171712
6.71814753588429,7.7155115747487315,7.571756821936273,5.7081728229574935,0.0,7.824445930877619,7.855446055610783
6.336873305236015,6.9161201953137645,6.848875384243848,4.198404232146879,0.0,7.601402334583733,6.230344810291277
4.79832622061585,6.484558896843658,6.484558896843658,0.0,0.0,7.824445930877619,7.191448465395466
3.517844364847822,5.860786223465865,0.0,5.860786223465865,0.0,8.006700845440367,6.046935296392905
4.9037732962224085,7.8083230503910555,0.0,7.8083230503910555,0.0,7.824445930877619,8.189395914609175
6.279398765268362,8.090555518075272,7.079807620751437,7.63856426592367,0.0,8.412054873292933,7.895097210265487
6.6849547213388725,6.811035105603906,6.110690985002419,6.127218468085602,6.595105996908337,6.90875477931522,7.372695230046636
6.754903540664964,6.45808746819424,6.184561177069895,5.034612203477704,7.707935137057681,8.006700845440367,6.095827609724879
8.807228213858776,7.996047835243392,7.996047835243392,0.0,8.950318531041308,9.105090961257085,8.01843207426925
3.5772637767706583,0.0,0.0,0.0,2.9570239810908,7.313886831633462,7.033493611188966
3.2957742714527383,5.9903889688810485,4.720639435794205,5.664105657503303,0.0,7.824445930877619,6.711824378147506
8.741545115713654,0.0,0.0,0.0,7.623999340605458,8.77971129020447,7.3618529477298384
6.331507755570203,9.35686202463895,9.303466349965667,6.401917196727186,6.776031474542445,8.612685172875459,9.405043584559278
6.8246476814115855,6.9111495120501525,6.9111495120501525,0.0,5.283590943100932,7.601402334583733,5.162683931894648
8.052246686136248,6.756967272360061,0.0,6.756967272360061,7.216613750849393,9.105090961257085,9.066092069641128
7.009793998579324,0.0,0.0,0.0,6.461893032964365,7.824445930877619,5.901639022297988
6.417268019698483,6.253598015713387,0.0,6.253598015713387,0.0,6.398594934535208,6.509308258385634
7.09508436299123,7.129642040867262,0.0,7.129642040867262,0.0,6.90875477931522,7.1818642626630185
6.399344799738637,5.866128055796684,4.6613614656378335,5.513831890697755,6.100909273261884,6.68586094706836,6.667671514054082
3.524258139682319,5.823045895483019,0.0,5.823045895483019,0.0,7.824445930877619,5.989356496730282
3.607193851794411,5.892996887707326,5.892996887707326,0.0,0.0,7.313886831633462,6.44061203971765
6.514108416483679,7.69649441782494,5.718868112074242,7.548060598322549,0.0,8.006700845440367,7.774168156366154
7.28456357081708,4.005513348515485,0.0,4.005513348515485,0.0,7.313886831633462,5.804799518080834
7.135273755937891,0.0,0.0,0.0,5.578185271511699,7.313886831633462,6.529747651350561
1.8141246600251804,5.78293247629394,0.0,5.78293247629394,0.0,7.313886831633462,5.398149086040447
6.561493893809191,5.138969873313903,5.138969873313903,0.0,7.2497377158137,7.824445930877619,5.716951316910053
8.191984659310148,0.0,0.0,0.0,7.934696775159954,8.412054873292933,6.698862163663964
4.564924452480893,4.901192382714874,2.8791984572980396,4.767714115173372,6.083108989024739,7.824445930877619,6.15331079565665
7.125995843074493,2.9231615807191558,2.9231615807191558,0.0,0.0,8.294299608857235,6.381265398838438
2.30745053749931,5.7595324897606925,0.0,5.7595324897606925,0.0,7.601402334583733,5.972277390270996
5.141037138121405,6.881924518947615,6.881924518947615,0.0,0.0,7.601402334583733,3.3700020269989284
7.243198430562643,0.0,0.0,0.0,6.768955709277812,7.601402334583733,6.300412350629774
7.078620605550412,0.0,0.0,0.0,7.4101726349323584,8.006700845440367,5.837550745889438
6.887318938252008,6.809083455178767,6.302838731816551,5.8886563271263,0.0,8.294299608857235,5.975036317173823
5.6514051648660235,3.8426729272933526,3.8426729272933526,0.0,0.0,6.90875477931522,5.116926014979023
1.9806731391101986,4.693181063310805,0.0,4.693181063310805,0.0,8.412054873292933,0.0
3.388207645827107,5.342334251964811,0.0,5.342334251964811,0.0,8.006700845440367,5.5394463578182656
6.520294704627261,0.0,0.0,0.0,7.216934669870714,7.313886831633462,7.324454684724366
6.587018607812877,7.336748093798927,6.069351085765053,7.006975984522362,7.218578509189171,7.438971592395862,7.501410082630342
4.107553587658967,5.737378424084716,5.671259282950641,3.0373539482448106,0.0,7.601402334583733,6.516343362086729
3.7762860967258165,4.545844719903276,0.0,4.545844719903276,0.0,8.517393171418904,5.059921779522358
5.654010058234936,5.365602113353633,0.0,5.365602113353633,0.0,7.313886831633462,7.093231690650553
7.3592843184618495,5.932032963338555,5.932032963338555,0.0,3.6696254293078883,7.438971592395862,6.274892306539751
7.6643701020249795,6.951963533646458,6.729776279622301,5.343481918502411,0.0,8.699681400989514,6.3951048813285025
6.2917028435825015,5.48691088010284,4.8647613782733465,4.726236713967535,0.0,6.2166061010848646,5.83290580394602
3.4926351643144202,5.978885764901122,0.0,5.978885764901122,0.0,7.313886831633462,6.658808598088007
5.347235827249022,7.327622838734075,6.489493643443355,6.762232273505236,0.0,8.160803920954665,7.47990818549936
6.528376238009113,6.561143813667682,6.561143813667682,0.0,0.0,7.313886831633462,7.522348055877819
6.127022491139355,7.149916836132109,7.149916836132109,0.0,0.0,7.824445930877619,7.876395216972786
2.6700241553828605,0.0,0.0,0.0,4.937420293381247,7.313886831633462,5.023222936263866
6.638464591433441,7.102951928245396,6.9014051595833354,5.4066335100314955,5.992964838607651,7.313886831633462,7.365307160989704
4.254806711329826,5.911230154397376,0.0,5.911230154397376,0.0,7.824445930877619,5.03775820639901
3.3151579321979106,4.914931703582751,0.0,4.914931703582751,0.0,7.313886831633462,4.552338645949203
3.977036345071567,6.49108765636598,6.49108765636598,0.0,0.0,8.294299608857235,7.384195089629903
7.043272478211927,7.22567796002763,6.535458954140448,6.531052539541625,7.005200751062771,8.294299608857235,7.442002098064135
5.992725177179891,6.608149062321951,6.019274247747249,5.801604648275727,0.0,7.0909098220799835,7.230334183678535
4.282640058895574,7.635018821477721,0.0,7.635018821477721,0.0,7.824445930877619,7.593872632104121
3.767890914850471,5.750538825997975,0.0,5.750538825997975,0.0,7.601402334583733,6.061665633742301
6.271601822145912,0.0,0.0,0.0,7.650687314081077,8.006700845440367,7.244164095020879
7.384309042930642,0.0,0.0,0.0,4.921507781488348,7.438971592395862,5.62985911469137
6.093820406804676,6.510793911365194,0.0,6.510793911365194,6.657406236566309,8.006700845440367,4.161996248054854
6.9810358564392505,0.0,0.0,0.0,4.908145520579005,7.0909098220799835,6.374924031103427
3.244970420075162,0.0,0.0,0.0,5.990786922572325,6.2166061010848646,6.631155474718491
4.028509556567119,6.2797214543106055,0.0,6.2797214543106055,0.0,7.824445930877619,6.3073859072072285
6.6008631723361955,0.0,0.0,0.0,6.062317597389076,7.0909098220799835,7.376070081086772
7.816342697579169,8.667881312069877,8.545502669888412,6.508172834032128,6.460786239199922,9.259225769705994,8.431090112199266
4.733581887832745,7.271272759282536,7.271272759282536,0.0,0.0,7.601402334583733,7.293056785810852
1.5070157422744819,3.892636291627956,0.0,3.892636291627956,0.0,7.313886831633462,4.95540565192095
7.92367372576839,0.0,0.0,0.0,8.361701115886568,8.922791623969637,6.906704830454216
6.666483236298843,6.464588303689961,6.464588303689961,0.0,6.817990672422864,7.496097345175956,7.413965078603628
8.312133576589053,0.0,0.0,0.0,7.341090916457173,8.517393171418904,7.332976115901143
8.193508998223727,7.807989796981269,3.4339872044851463,7.795720607665319,0.0,8.612685172875459,7.698055649051096
7.997192562724238,8.781767320026631,8.454398216085576,7.506426931319197,0.0,8.517393171418904,8.509372813418137
6.519742808223105,0.0,0.0,0.0,7.04787504081054,7.0909098220799835,4.851042025773115
7.541727172120464,3.486151087542319,0.0,3.486151087542319,6.203300016381905,7.601402334583733,6.804688859871414
4.751452718683754,5.961314570157099,0.0,5.961314570157099,0.0,7.824445930877619,6.889929775507914
5.310678230324901,7.431962962241385,0.0,7.431962962241385,0.0,8.294299608857235,7.403760801750411
5.705552666940923,8.153093610087904,7.1424636986662495,7.701005679808563,0.0,8.922791623969637,8.013018199754349
4.994619740376042,0.0,0.0,0.0,6.422322490885789,7.0909098220799835,5.3843941540282465
7.792687807643413,0.0,0.0,0.0,8.305674361202918,8.517393171418904,5.816308287151829
7.455469500556233,6.514416350671813,0.0,6.514416350671813,0.0,7.438971592395862,6.590879382302899
6.9431523644561155,6.55843890849573,0.0,6.55843890849573,0.0,8.131824785007195,5.617724388594899
2.7643951841970558,5.972995030824321,0.0,5.972995030824321,0.0,7.313886831633462,6.094478952550231
6.737090163934824,6.209716152341764,0.0,6.209716152341764,0.0,6.90875477931522,5.54361096037124
7.501588698691806,5.589642793914616,0.0,5.589642793914616,0.0,7.824445930877619,4.369335542363009
5.991855350734296,7.962680361216718,6.797371054492575,7.589472384407164,0.0,7.824445930877619,8.027925849940708
5.268120918353515,7.199005976310943,7.199005976310943,0.0,4.529430034862358,9.210440366976517,7.634632981059607
7.126639026200189,5.405915377146055,0.0,5.405915377146055,7.18936756826433,7.438971592395862,7.727440010358862
4.915724427222576,6.656932158561185,0.0,6.656932158561185,0.0,8.006700845440367,6.401041033572171
3.024705904616272,5.706345853059362,0.0,5.706345853059362,0.0,7.901377353792616,5.793195027902238
6.615219554595708,5.042715187559668,0.0,5.042715187559668,0.0,7.438971592395862,6.216826164693444
5.6178817933429706,6.042347757422552,0.0,6.042347757422552,0.0,7.824445930877619,6.502542093138894
0.0,6.096454994298919,0.0,6.096454994298919,0.0,8.006700845440367,0.0
5.908174023694431,6.34344097026516,6.34344097026516,0.0,0.0,6.398594934535208,6.184571461435807
6.166050265561751,6.031814430201173,6.031814430201173,0.0,6.6375141072753285,8.853808274977197,8.28555137996371
7.531697827956973,6.023447592961033,6.023447592961033,0.0,0.0,7.601402334583733,6.393766113156247
7.389735437429293,8.017070090783383,7.388544286371588,7.255541838003465,0.0,8.071218539969863,7.829997264961568
3.626414781066094,6.3323555778909055,0.0,6.3323555778909055,0.0,8.006700845440367,6.794260217435375
6.097081830298204,3.2991646560970036,3.2991646560970036,0.0,6.473786795893081,7.0909098220799835,7.106496981770007
2.9394388678395593,5.075173815233827,0.0,5.075173815233827,0.0,8.294299608857235,4.909207981392694
7.323755353611388,6.834173322304168,6.72779094176186,4.5513473792905845,0.0,8.412054873292933,7.936978653463023
4.163443061463577,6.303314704365582,0.0,6.303314704365582,0.0,8.294299608857235,6.257545620674827
8.327644714268274,0.0,0.0,0.0,8.061281624990464,8.412054873292933,7.21605268295536
4.874293984015429,6.511745329644728,0.0,6.511745329644728,0.0,7.313886831633462,6.654685009828739
5.434191430474084,6.236995617299821,5.384036241950574,5.685007319329867,0.0,8.517393171418904,6.315720762118199
5.628731964093701,7.371074114699151,6.2166061010848646,6.993327287244098,0.0,7.824445930877619,7.183800198160413
3.0874242792901136,5.976249381301502,0.0,5.976249381301502,0.0,8.294299608857235,5.783840049911523
7.288754633098906,7.783794686805999,7.6566871524816085,5.661674931950632,0.0,7.438971592395862,7.970647267191163
5.797384869753275,7.915647503793551,7.787307334898673,5.802118375377063,0.0,6.90875477931522,7.758134548519463
2.5473201020653313,4.624972813284271,4.624972813284271,0.0,0.0,7.0909098220799835,5.111177598795816
8.717043912100028,5.520380334242002,0.0,5.520380334242002,9.054291039548271,9.105090961257085,7.509685817716849
7.110519736811457,4.914418036354433,0.0,4.914418036354433,0.0,7.0909098220799835,5.798894971286131
6.492423404534193,6.1301389417957415,0.0,6.1301389417957415,0.0,7.313886831633462,4.192026533165399
8.349819615757621,9.392304364851778,9.392304364851778,0.0,6.209638894353021,9.506808731708581,6.234013478198571
5.955327931433154,6.309918278226516,5.676753802268282,5.556828061699537,0.0,6.90875477931522,6.346683996077628
4.960441332063507,7.012862762630064,7.012862762630064,0.0,5.940579648262987,7.0909098220799835,0.0
2.950784383386757,4.060443010546419,4.060443010546419,0.0,0.0,7.313886831633462,4.782803294163268
7.048422932815948,7.158085890140311,5.767289213689638,6.872936065003859,3.872135490812174,8.160803920954665,7.796413483307826
5.07212173737904,6.571778919393584,6.571778919393584,0.0,0.0,8.006700845440367,7.023155733656418
8.502298575507465,5.276071757600717,5.276071757600717,0.0,7.918422866521841,9.105090961257085,8.546796736151967
4.137620295860754,7.086085547839619,0.0,7.086085547839619,0.0,8.23715589717482,7.482328133648139
7.420871654172466,0.0,0.0,0.0,5.541309834283147,7.496097345175956,6.350168946807548
3.2022205729856306,6.731590728861922,0.0,6.731590728861922,0.0,8.160803920954665,6.655305894739448
4.1312105339928635,5.937166743700133,4.3694478524670215,5.706645040269677,0.0,7.901377353792616,5.852796042087253
6.43544478296412,5.841977973407601,5.406454025152615,4.809090142334542,7.549146858833747,7.313886831633462,6.872277296426462
6.519261097098106,4.7890738239646975,0.0,4.7890738239646975,5.208041038127706,6.55250788703459,6.226066493554786
1.3636851891590316,4.059407992341204,0.0,4.059407992341204,0.0,8.006700845440367,4.870703991380444
6.695248869642035,5.493308326442654,0.0,5.493308326442654,0.0,6.90875477931522,7.384757662833587
7.003655698197268,0.0,0.0,0.0,4.301918954056316,7.0909098220799835,5.780057552178015
7.770676061080182,0.0,0.0,0.0,7.120257616070214,8.160803920954665,8.140212362242575
1.0788611800448202,2.791165107812717,0.0,2.791165107812717,0.0,8.517393171418904,5.253604228003297
7.769163102559343,0.0,0.0,0.0,7.166341783615239,7.824445930877619,6.7062709637322655
7.029865396192287,4.874128049441593,4.874128049441593,0.0,5.922095559362464,8.343077871169383,6.645082882346805
6.693876342035631,0.0,0.0,0.0,6.821809570329883,8.006700845440367,6.22586616787178
3.2929336186201503,5.598125618797658,0.0,5.598125618797658,0.0,7.313886831633462,6.129895055692328
6.27678461660077,6.187709554553491,5.0330488889331555,5.812128529154394,6.163526928902992,7.824445930877619,7.413640868245613
7.364580795825634,5.182962630185008,0.0,5.182962630185008,0.0,7.244941546337007,0.0
7.224161303343134,5.34596402001539,5.0106352940962555,4.106931677727572,4.307240115051195,7.313886831633462,6.106497651834475
6.184373337912325,0.0,0.0,0.0,6.747333036956994,6.90875477931522,6.383042052320074
3.9034591601594695,5.558217057987366,0.0,5.558217057987366,0.0,7.313886831633462,5.290610928084265
6.565934458553959,0.0,0.0,0.0,7.124347898118741,6.90875477931522,7.126078993522082
7.478427890897627,6.110868490605405,5.981540465910289,4.019621016026164,0.0,8.006700845440367,6.500582775103026
6.165900643132286,4.844423279035369,4.844423279035369,0.0,6.117783181783051,7.0909098220799835,6.169079063984147
4.333948324576209,6.436631022067698,5.953373195985259,5.481680047850402,0.0,8.412054873292933,6.36394366015264
2.9769197219710586,5.737410655636185,0.0,5.737410655636185,0.0,7.313886831633462,5.611864797800795
6.889511968139905,0.0,0.0,0.0,6.470443963805568,7.0909098220799835,6.346793640045412
4.656919909196159,7.148023364897515,7.148023364897515,0.0,0.0,7.601402334583733,7.215588268070324
7.776714535982148,4.565181177771728,4.565181177771728,0.0,7.7989555263653925,7.824445930877619,4.984665478729546
5.298076292492022,0.0,0.0,0.0,7.2197784071134485,7.824445930877619,0.0
4.986822131343152,4.564348191467836,3.6635616461296463,4.060443010546419,0.0,7.313886831633462,5.171894074272617
3.7861872509884082,4.897839799950911,4.897839799950911,0.0,0.0,8.006700845440367,5.248333488185231
7.150307671049174,6.109869611486603,0.0,6.109869611486603,0.0,7.0909098220799835,6.166944216059222
3.551914143765401,8.138015521049455,8.009545844905304,6.0248267867143825,5.600713368749742,8.160803920954665,8.288588564285064
3.1303299474984807,4.500254016038531,4.500254016038531,0.0,0.0,7.824445930877619,5.272924350607494
7.110394822082067,7.633611633951787,6.4454023086669245,7.2707998934285465,0.0,7.313886831633462,6.461463868531939
7.27447503762713,0.0,0.0,0.0,7.810224819913402,8.006700845440367,8.073271182559813
6.976937334705956,6.481439294356502,6.481439294356502,0.0,3.7154437286858806,7.0909098220799835,5.559787823996709
6.389013187510401,6.944819823118953,6.875025454359218,4.262116338001324,0.0,7.824445930877619,5.294495743439908
3.2852274887685353,6.109958441155771,6.109958441155771,0.0,0.0,8.517393171418904,6.99152603315436
7.272683213810181,5.22413246835866,5.22413246835866,0.0,0.0,7.313886831633462,5.7070723271521775
6.300446621554217,0.0,0.0,0.0,3.8389269488074693,8.006700845440367,6.388470919098913
3.637038667774752,0.0,0.0,0.0,8.357756590893299,7.824445930877619,10.003354521660965
9.129296742180518,7.2593342605324995,6.657574493599522,6.467155100105644,9.191950565666254,9.433563920090563,8.356642382486202
8.799780824369343,4.319752215189378,4.319752215189378,0.0,8.438135884192832,9.105090961257085,7.410365036559096
3.695140239432318,6.97318715096299,5.82923969201315,6.591015078930343,5.326007292459647,8.160803920954665,7.201828226468415
1.1059751164046767,0.0,0.0,0.0,6.086602880329346,7.0909098220799835,7.477827908227949
3.6653093231802494,6.6857610669244485,0.0,6.6857610669244485,0.0,7.824445930877619,6.318838134128279
6.362675963960394,6.902863332901709,4.663439094112067,6.7913562850979154,7.855375575246519,7.824445930877619,7.770791903963348
7.190434853027275,6.990136787987924,6.534616983298384,5.987205490187598,8.111302059372761,8.006700845440367,8.327584643998946
6.612750836627627,5.074861266395527,5.074861266395527,0.0,0.0,6.68586094706836,5.5268438558206725
0.0,5.2021368080740675,4.007333185232471,4.849370479827911,0.0,7.901377353792616,5.403925026663155
3.756287183259662,6.7123606406203296,6.220490761580347,5.7700694663278895,4.708792361607987,8.294299608857235,6.877327394718192
6.895794636826585,0.0,0.0,0.0,7.039128126749028,7.0909098220799835,4.945974646390428
2.5635196435998826,5.239363223704366,0.0,5.239363223704366,0.0,6.90875477931522,5.571850347286905
2.510935198885975,4.729421148325948,4.729421148325948,0.0,0.0,8.006700845440367,6.457005985571816
0.0,5.707110264748875,0.0,5.707110264748875,0.0,8.294299608857235,8.56213197481665
6.261735059283106,6.66942194482694,6.369455678215392,5.323985113296614,6.993143155140528,6.90875477931522,7.380535011285516
6.47925468256941,6.3211279417998645,5.8289456176102075,5.38081858805978,6.380715000341685,6.90875477931522,5.865265058833624
7.749799510769558,7.65889774532922,7.65889774532922,0.0,8.097599935682103,8.517393171418904,6.828386079117956
4.677057916657351,7.608791260962319,6.7751834258523145,7.039660349862076,0.0,8.006700845440367,7.668903606365986
5.642305987814096,0.0,0.0,0.0,5.692441511688919,6.90875477931522,6.449637988879889
5.783994934074941,7.638260862749094,7.00397413672268,6.883595774264508,0.0,7.313886831633462,7.411520971779705
6.428104637789403,5.962807837858177,5.5254529391317835,4.932313327320786,6.530645530822637,7.0909098220799835,7.452606009970508
7.63878173153843,6.964135612418245,0.0,6.964135612418245,0.0,7.824445930877619,6.547889112791585
4.160104867926844,4.74493212836325,0.0,4.74493212836325,0.0,8.006700845440367,5.223499451675378
0.13493291004000685,0.0,0.0,0.0,4.5853564744304816,8.853808274977197,5.2334281545922945
6.9215016403406,0.0,0.0,0.0,6.674350017203659,7.313886831633462,7.837020946738922
2.018461348843018,3.9906493258833358,3.9906493258833358,0.0,0.0,6.90875477931522,5.738235320341411
4.43388985787115,3.7471483622379123,2.5572273113676265,3.417726683613366,0.0,7.901377353792616,5.064019593807626
6.749381144412681,3.8426729272933526,3.8426729272933526,0.0,0.0,7.0909098220799835,5.962537083430299
5.721128348040227,8.048462351829983,0.0,8.048462351829983,0.0,8.699681400989514,8.157915904317896
2.8334618425896627,5.077920040901852,0.0,5.077920040901852,0.0,7.901377353792616,5.624424441428503
6.99281739723409,0.0,0.0,0.0,7.354812614824782,7.313886831633462,8.037507204826825
8.088301214985343,7.480202674304298,5.529429087511423,7.327517691791126,7.155059651169101,9.105090961257085,8.438321657001483
4.253286545401477,5.360681650744587,5.360681650744587,0.0,0.0,7.244941546337007,6.077654837306428
7.268504980707886,0.0,0.0,0.0,7.08317419141317,7.601402334583733,6.901810085288588
8.095448282748801,6.160173031727305,5.382152872460269,5.549153902878995,8.787212512568217,8.853808274977197,7.174606542565177
4.243120007037763,6.050275760987795,5.498110404253996,5.198497031265826,0.0,6.90875477931522,6.129597400193995
7.354748999097606,6.781307310993826,6.706715626574853,4.16418152181088,0.0,7.824445930877619,6.132186561075581
6.024881167806974,0.0,0.0,0.0,7.524678958696236,7.824445930877619,8.277921527734346
6.062851815071753,5.342334251964811,5.342334251964811,0.0,5.106142139409137,7.0909098220799835,6.883658995402273
7.636728688138278,7.645498124801906,0.0,7.645498124801906,0.0,7.824445930877619,7.191425906837749
6.8819870875391596,0.0,0.0,0.0,7.631690127777651,7.438971592395862,7.490233294573625
6.438764357574673,0.0,0.0,0.0,6.858410337952477,6.90875477931522,5.8023133865726235
6.87407916051517,0.6931471805599453,0.6931471805599453,0.0,6.331544727977971,7.0909098220799835,6.624012833333038
4.425669981434257,6.158333999343015,0.0,6.158333999343015,0.0,7.0909098220799835,6.31927152537013
5.9516063952338,5.792220611118078,5.792220611118078,0.0,0.0,6.398594934535208,6.266776344727653
6.678160930945958,7.299750068342311,7.299750068342311,0.0,0.0,7.0909098220799835,6.586116214697208
3.955064429591317,7.185417318151592,7.185417318151592,0.0,0.0,8.160803920954665,7.189506288652894
7.306281787923496,0.0,0.0,0.0,7.9759257009086575,8.006700845440367,7.585490971287624
4.538991974626278,6.58079169152868,6.58079169152868,0.0,0.0,7.438971592395862,6.284936734445003
5.949682143625982,0.0,0.0,0.0,6.619780203609192,7.0909098220799835,6.34142707032272
6.000955978128271,6.868068057030546,4.530446639792155,6.7676767865102825,5.925347092110139,6.2166061010848646,7.028455539840809
7.148481348699032,0.0,0.0,0.0,7.532055920740838,8.294299608857235,7.649877099551943
4.834242702201915,6.916169777583155,0.0,6.916169777583155,0.0,7.824445930877619,7.388662237185545
6.967004584661222,5.831882477283517,3.912023005428146,5.676753802268282,0.0,7.824445930877619,5.571246601575715
4.511785714816123,7.002901809032935,7.002901809032935,0.0,5.207983614760161,8.006700845440367,7.176362309848049
4.4641961713500375,0.0,0.0,0.0,6.21479404513303,6.398594934535208,7.33237962314099
7.657567685284772,5.771441123130016,0.0,5.771441123130016,7.617832818763991,8.006700845440367,7.139664236829635
5.2689561230904705,7.73305728012592,6.809701338506749,7.227640711998951,0.0,8.006700845440367,7.486086214606671
4.430579389711615,6.811002058495249,0.0,6.811002058495249,0.0,8.006700845440367,6.660837632673584
6.900502119300399,7.611347717403621,7.611347717403621,0.0,6.398908371265688,8.131824785007195,7.50594749124268
8.609444947370392,0.0,0.0,0.0,8.50712410164951,9.105090961257085,7.2035365065517425
6.925100056867038,4.186923743515194,4.186923743515194,0.0,6.902926184652681,7.0909098220799835,4.324705445822094
5.3284934394039185,7.109863123069493,7.109863123069493,0.0,0.0,8.006700845440367,7.043888785669465
7.280421091155774,7.924738046097675,7.269219734875102,7.193242444386849,0.0,7.601402334583733,5.843309206762897
7.249206534690013,7.517520850603031,5.54907608489522,7.367708572374371,7.42991130838461,7.496097345175956,8.189883591894947
6.054365381092699,5.6104969106002045,0.0,5.6104969106002045,0.0,7.438971592395862,4.184468711726881
4.323217005386563,3.8426729272933526,3.8426729272933526,0.0,0.0,7.824445930877619,0.0
3.251090359664117,5.968835429047621,3.8264651170664994,5.846872207124035,0.0,6.90875477931522,6.050531787423393
7.0129046565518856,0.0,0.0,0.0,6.471795519977649,7.0909098220799835,6.1695597688497354
6.522713080755128,5.702081028016443,5.702081028016443,0.0,5.034727986933354,6.90875477931522,6.124997335044031
5.602617393988445,6.866860365136666,6.625259733217656,5.33286371030062,0.0,7.550135342488429,7.632629081237976
5.549179659297743,7.649483077948811,7.495152979358473,5.707973679274669,0.0,8.006700845440367,7.555138200251406
6.6791740364359535,5.801997522153156,5.801997522153156,0.0,0.0,7.601402334583733,6.557638781340651
7.40557082025353,0.0,0.0,0.0,6.722788787029001,7.824445930877619,5.811484263393986
3.3945322187308915,5.1591702351378785,0.0,5.1591702351378785,0.0,6.90875477931522,5.440265274480355
6.884885778113207,6.667465568832957,6.667465568832957,0.0,5.8526541593610855,8.160803920954665,6.7109406739045925
6.914393329295624,6.566714623005923,6.566714623005923,0.0,8.517608794641252,7.313886831633462,8.644873864260274
6.55353976245657,6.054861792237774,0.0,6.054861792237774,0.0,8.006700845440367,5.0078437079094575
2.2277677924033035,6.508769136971682,0.0,6.508769136971682,0.0,7.824445930877619,6.557875692784375
7.225990852487849,5.593781579441872,0.0,5.593781579441872,3.6863412104973947,7.313886831633462,6.1028861002618555
5.377478384108593,6.509737371509022,5.707110264748875,5.917952551171302,0.0,8.006700845440367,5.907088212615209
4.699185882856242,8.078793650029494,8.078793650029494,0.0,0.0,7.313886831633462,7.920652017260014
2.1060366117425193,4.015481713796376,4.015481713796376,0.0,0.0,7.601402334583733,5.082212181469992
7.460450200878452,6.424869023905388,0.0,6.424869023905388,0.0,7.550135342488429,6.690694915008462
5.495240179281866,8.166500319155052,0.0,8.166500319155052,0.0,6.478509642208569,8.246935232779961
7.22481414609367,6.68586094706836,0.0,6.68586094706836,0.0,7.0909098220799835,7.083136231241004
8.762461489387974,8.547867875684156,7.39206853540798,8.170097929733833,0.0,9.15915233520675,8.769898415026125
5.544970430866223,7.96270473621563,7.8846329849052355,5.378421610789698,0.0,8.922791623969637,7.808780506489722
2.822182254099148,4.803036954117508,0.0,4.803036954117508,0.0,8.517393171418904,5.560190687445529
4.361616852346383,7.7505587690865205,7.101568881865771,7.01211529430638,0.0,7.550135342488429,7.636397636205987
6.745272064140704,5.846438775057725,0.0,5.846438775057725,4.629979747837193,7.0909098220799835,7.290323513628207
6.265632279602031,4.524285457247627,3.910021002757473,3.768845235751818,0.0,8.294299608857235,5.049470259781625
6.238233093506875,5.1556587328104575,5.1556587328104575,0.0,0.0,7.0909098220799835,6.866936727164289
6.188613877106592,0.0,0.0,0.0,7.310176806093062,7.313886831633462,7.98841385665442
7.73747847440942,8.514174640170967,8.310643694055143,6.823286122355687,0.0,8.77971129020447,7.048166008240868
4.98854239332485,6.274196889833849,5.485626464853031,5.671603576291966,3.670205883193658,6.68586094706836,5.898164491399851
5.6623161858173745,7.609435945560322,7.379719485040507,6.028278520230698,0.0,7.0909098220799835,7.330463959791054
3.155124790914523,5.227089857259669,0.0,5.227089857259669,0.0,6.90875477931522,5.919474433016515
7.012104451905259,0.0,0.0,0.0,4.3316666940498445,7.313886831633462,7.433177126096397
4.7047731114885085,7.132705197831715,6.4564399308892835,6.424009659619888,0.0,7.901377353792616,6.866862255897747
5.455717028426769,7.868885524328984,6.852718143052228,7.420099748717398,0.0,8.699681400989514,7.721451797010569
7.656166257786397,0.0,0.0,0.0,6.373217714401649,8.160803920954665,6.293583429883129
0.7408586679285867,5.843022541747705,0.0,5.843022541747705,5.137885105501392,8.294299608857235,5.141053083652314
6.775257975503088,6.184231361763476,0.0,6.184231361763476,0.0,6.90875477931522,6.773572007645134
6.739363182034181,0.0,0.0,0.0,7.026630052697816,7.824445930877619,6.285261495539701
4.477728010678267,6.549035388421738,0.0,6.549035388421738,0.0,8.071218539969863,6.7006122992921195
5.936397060461275,6.298048105656029,6.298048105656029,0.0,0.0,6.90875477931522,6.343330840245028
7.9829566409245265,0.0,0.0,0.0,7.185596676933272,8.006700845440367,7.0512958282048075
7.005601140317963,7.3729787514611305,7.3729787514611305,0.0,6.106919657469872,8.006700845440367,6.552158995936658
6.437085226125507,7.204781062687051,7.003719790119561,5.505859851633596,0.0,7.696667081526462,7.2263644678346735
1.8098207119127252,0.0,0.0,0.0,4.381909115268747,6.90875477931522,4.369254428698559
7.899914887649864,0.0,0.0,0.0,8.039783854203852,8.006700845440367,6.70478970485466
7.373438952516214,3.8426729272933526,3.8426729272933526,0.0,7.290340191695846,8.517393171418904,6.2739006937203685
2.73782548476433,3.680090948080857,3.680090948080857,0.0,0.0,6.90875477931522,3.9831459826282254
6.968873020606776,0.0,0.0,0.0,5.999774248210398,7.0909098220799835,6.370813631306374
6.941659029222068,4.931375613110624,0.0,4.931375613110624,0.0,6.90875477931522,6.051914155963483
6.689664819269318,3.0325462466767075,3.0325462466767075,0.0,0.0,7.601402334583733,5.999322008744333
7.347884938607557,6.03461981742191,4.663439094112067,5.7450523688544175,0.0,7.824445930877619,6.292778955583845
6.843078919011897,5.0717303934560665,5.0717303934560665,0.0,0.0,7.438971592395862,5.085735735018451
7.259226149489987,0.0,0.0,0.0,6.10236559164965,7.313886831633462,6.496114971516476
2.7175766137319055,5.176036731839204,0.0,5.176036731839204,0.0,7.313886831633462,5.152879925958883
4.235633020038897,0.0,0.0,0.0,6.138923003879882,6.2166061010848646,0.0
8.015120241334271,5.316746502016404,0.0,5.316746502016404,6.896771785650372,8.412054873292933,8.291708337390636
7.830021564023529,0.0,0.0,0.0,8.72274699612517,8.699681400989514,6.330543978469914
6.298911060465087,7.03523338739356,0.0,7.03523338739356,7.771252297929921,6.90875477931522,7.889835770867911
4.979737743130399,0.0,0.0,0.0,6.852129996119589,6.90875477931522,6.2971767891127195
7.610056263350804,9.394773863731368,9.325907621256741,6.686197968921799,0.0,8.987321812850125,9.351613547515228
3.7005385963940984,6.040183280154843,0.0,6.040183280154843,0.0,8.006700845440367,6.48640015358677
7.855896458669217,4.840321356426578,0.0,4.840321356426578,7.228424233952275,8.006700845440367,6.503323383426006
3.575248219043369,5.513509388074627,0.0,5.513509388074627,0.0,7.824445930877619,5.2751471738631555
3.416615935813824,5.0106352940962555,5.0106352940962555,0.0,0.0,6.90875477931522,5.861288866350532
7.925088867424741,5.970036599694361,5.9156628336917,3.0782334950657346,4.340551562361409,8.006700845440367,6.612366970957454
3.364926888327541,5.138148614395216,0.0,5.138148614395216,0.0,7.313886831633462,4.764353054517321
7.6328478775685715,0.0,0.0,0.0,8.258260196185608,8.294299608857235,8.647817006079766
7.388157254424999,6.514327431484476,6.185096895047804,5.248496671564081,6.437813007853954,7.601402334583733,6.668016941468504
5.855993623379863,0.0,0.0,0.0,5.1881573014575535,6.2166061010848646,4.968014300402486
6.901459671165271,6.270761563025323,0.0,6.270761563025323,7.425391163589095,7.601402334583733,8.005938960811458
1.8198017499636474,5.910661133504376,0.0,5.910661133504376,0.0,6.90875477931522,5.995100775509069
7.217308068169933,7.178331883530979,7.010140372458424,5.317678720026657,6.70329388433402,7.438971592395862,7.420095245352357
7.079417357362219,5.972969564471738,5.972969564471738,0.0,0.0,7.0909098220799835,6.192760904984397
7.995445509196036,7.295911447967664,0.0,7.295911447967664,6.8879492562401925,8.160803920954665,7.290232687592631
7.555797228484489,7.921205388930019,3.713572066704308,7.906580380989885,0.0,8.517393171418904,6.42039683597072
7.0699296847384225,7.904135486666951,7.81195723515891,5.4785534168509695,5.78078955794225,7.438971592395862,7.736001504881742
5.938382532861848,5.755805502723353,0.0,5.755805502723353,0.0,7.313886831633462,5.333155007288941
7.308839597428125,7.483396260562889,0.0,7.483396260562889,0.0,8.517393171418904,7.585998376423662
6.07624957449451,5.842094090453713,5.842094090453713,0.0,6.85742024216122,7.438971592395862,6.2258156722774265
2.5395043619020705,4.343805421853684,4.343805421853684,0.0,0.0,8.294299608857235,6.1054906922583125
0.7242164918934454,3.0791538816930633,0.0,3.0791538816930633,0.0,7.313886831633462,5.132793562226603
2.5779151676480208,5.238142643511966,0.0,5.238142643511966,0.0,7.601402334583733,5.214312525396651
6.6053891630642685,6.625352579417992,6.625352579417992,0.0,0.0,7.824445930877619,7.23996969895335
4.360361864164716,6.206575926724928,0.0,6.206575926724928,0.0,7.313886831633462,6.035275126556148
7.269503158895151,6.026252372593646,6.026252372593646,0.0,8.008487213612677,8.160803920954665,8.220818137582707
7.130022472807272,6.318373342310371,0.0,6.318373342310371,0.0,7.0909098220799835,7.564359098081977
4.492571090465723,6.54952197857932,6.171512688316606,5.3981627015177525,0.0,8.517393171418904,6.472387833050837
5.534079973608117,6.02104762089963,6.02104762089963,0.0,0.0,6.90875477931522,6.132241810826458
7.324784708489087,0.0,0.0,0.0,7.944106127372897,8.699681400989514,8.333976195676465
8.124346501154431,0.0,0.0,0.0,7.052716525000635,8.294299608857235,6.81807249623613
7.531557166497663,0.0,0.0,0.0,7.644149726390409,7.824445930877619,7.904959734654355
7.789338467007892,0.0,0.0,0.0,6.809821773566091,7.824445930877619,6.442367675477834
6.021693731389382,7.330175827739715,7.051439952161173,5.919243255590987,0.0,6.803505257608338,6.441112577884656
4.587831923249651,8.03681594174294,7.284683728948113,7.399978954348466,0.0,8.006700845440367,8.138873681355921
6.344272213258385,4.948972633704149,4.948972633704149,0.0,0.0,7.0909098220799835,5.319896566764375
7.928194079757515,6.039492516118564,0.0,6.039492516118564,7.723596146633583,8.006700845440367,7.615023358700137
5.689413791109301,7.53955882930103,0.0,7.53955882930103,0.0,6.90875477931522,7.299809848437021
7.3901825689665195,0.0,0.0,0.0,8.495723136046207,8.517393171418904,5.912565201172228
5.2890731905088595,0.0,0.0,0.0,5.863698519921327,6.90875477931522,5.925726063636829
6.862357893723793,0.0,0.0,0.0,6.696472924722134,7.601402334583733,5.436492481012249
3.8272388046211856,5.996601331213134,0.0,5.996601331213134,0.0,6.90875477931522,6.092301297702595
3.3842959199125215,5.5603354172443025,0.0,5.5603354172443025,0.0,8.517393171418904,5.513699241835794
8.86999362606839,6.9784373895676675,6.90875477931522,4.2937417198063095,7.6445427601841125,9.210440366976517,7.516841788027003
6.916160761726161,6.067360206111239,0.0,6.067360206111239,6.534756573015036,8.294299608857235,7.331393342748274
7.813148708751348,7.372482512502471,7.372482512502471,0.0,5.651543045104604,8.77971129020447,6.703183028565359
6.598646077805952,0.0,0.0,0.0,7.370893086070382,7.313886831633462,6.36827442439763
7.056708802960806,0.0,0.0,0.0,4.313478258134412,7.0909098220799835,5.2677045544832435
7.5065552052261655,0.0,0.0,0.0,7.357436246649802,7.601402334583733,6.692813530736977
4.517239834143115,6.698009081004007,0.0,6.698009081004007,0.0,7.901377353792616,6.642619276294804
7.506835968386316,0.0,0.0,0.0,5.2899573739862875,7.824445930877619,6.352456336049334
3.395614560007043,5.589418587045473,0.0,5.589418587045473,0.0,7.313886831633462,5.415739279229589
2.1785593496224935,4.535176814167556,0.0,4.535176814167556,0.0,7.313886831633462,6.184446825931888
6.073218092770946,6.621405651764134,0.0,6.621405651764134,0.0,7.313886831633462,6.580603111670708
3.846333528862081,6.450470422144176,0.0,6.450470422144176,0.0,8.294299608857235,8.228822093107318
7.910286036164022,3.912023005428146,3.912023005428146,0.0,5.2515190964896865,8.006700845440367,6.327378093762444
4.4311747704781075,7.740616574686581,6.343089260070732,7.457228374706989,0.0,6.90875477931522,7.6185409413716965
6.9172049082675695,6.462561328644976,0.0,6.462561328644976,0.0,6.90875477931522,6.7613641509800555
7.432038264298602,7.569741975292458,6.834302476773092,6.918160951696018,6.876069892211726,7.824445930877619,6.614811214501219
6.41231137927953,0.0,0.0,0.0,3.3360383302577175,7.438971592395862,5.3276361642626435
5.360659608880019,7.826562840980567,0.0,7.826562840980567,0.0,8.24301946898925,7.988093031507854
6.120696627168833,7.217186612220868,7.217186612220868,0.0,0.0,8.294299608857235,7.405464085801215
7.8811908051368285,7.340919856665695,6.1903154058531475,6.961419261067683,7.119234917772364,8.294299608857235,6.398932726062916
5.810235307518313,6.985641817639208,6.320768294250582,6.26530121273771,0.0,7.601402334583733,6.403873909639291
6.195402008602146,5.375278407684165,4.2626798770413155,4.983606621708336,6.598038233884361,6.55250788703459,6.7831000620118855
5.746834409809698,0.0,0.0,0.0,8.5379995747807,8.987321812850125,0.0
5.32991977338129,7.069857121511234,0.0,7.069857121511234,0.0,6.90875477931522,6.898588685846314
8.102103958734851,6.131226489483141,5.14166355650266,5.66988092298052,8.26780620462599,8.517393171418904,7.369120233340291
8.607433558318961,0.0,0.0,0.0,9.037533196092333,9.105090961257085,7.156531183825999
6.530970796854895,0.0,0.0,0.0,4.716671202124848,6.55250788703459,5.73345542248645
6.149406477482533,0.0,0.0,0.0,6.845425705123127,6.68586094706836,6.3681782600670855
6.583968999064393,0.0,0.0,0.0,7.213537797016916,7.313886831633462,5.379242152768189
2.889044043540084,6.0544158718154435,0.0,6.0544158718154435,0.0,8.517393171418904,6.404229124152289
5.621271606077925,0.0,0.0,0.0,6.4152430696098754,6.55250788703459,7.079384573393114
6.5031610220729705,6.2389884671475695,4.6443908991413725,6.014546106551303,4.622512721109977,6.55250788703459,7.0447922868758726
3.072449720208578,5.773432907679949,0.0,5.773432907679949,0.0,8.294299608857235,5.616190536446242
5.707151901755798,8.097855299685424,7.897460027993206,6.393540585468134,0.0,7.244941546337007,8.01830853633063
3.84813464089296,5.989963420981715,0.0,5.989963420981715,0.0,8.294299608857235,6.002884858890777
8.125226443938063,0.0,0.0,0.0,7.124928969283449,8.517393171418904,6.936528615544712
3.273640903631914,6.226457614779341,0.0,6.226457614779341,0.0,8.006700845440367,6.142250769920342
6.224810815245124,0.0,0.0,0.0,2.9466873969481004,7.0909098220799835,7.233344942483074
7.728250264823765,7.0909098220799835,7.0909098220799835,0.0,7.874994375862543,8.006700845440367,6.875777137057062
7.7105141570079585,0.0,0.0,0.0,7.7809148213630595,7.824445930877619,6.130644907353556
3.4409716595189384,5.809642865355678,0.0,5.809642865355678,0.0,8.006700845440367,5.5743602089464535
7.916451706180872,0.0,0.0,0.0,3.630751408568362,8.006700845440367,6.297693747649488
4.832943085316475,7.172439926201215,0.0,7.172439926201215,0.0,8.006700845440367,7.460885857618933
0.9915072893200709,2.386006701133118,0.0,2.386006701133118,0.0,8.517393171418904,5.028688856722521
5.860182334608982,5.995456568377519,5.995456568377519,0.0,0.0,6.111467339502679,5.733697025909296
2.855835292061461,4.246779485265856,0.0,4.246779485265856,0.0,8.006700845440367,6.462420365065626
7.347842568183554,0.0,0.0,0.0,6.525404807407413,7.496097345175956,6.260510365198634
0.34152587402889356,3.912023005428146,3.912023005428146,0.0,0.0,8.006700845440367,0.0
4.234769169044639,6.220291914890489,0.0,6.220291914890489,0.0,7.0909098220799835,6.2776609884311245
8.865335832746153,0.0,0.0,0.0,10.173325723041142,9.105090961257085,9.91305700393323
5.358246923333318,5.592254833162325,0.0,5.592254833162325,0.0,8.294299608857235,5.0422159474587405
0.929791583844002,4.9597629637225,0.0,4.9597629637225,0.0,8.294299608857235,5.517867677900873
6.719013661631508,0.0,0.0,0.0,6.873709233074564,6.90875477931522,5.812463420578954
8.15958519145895,0.0,0.0,0.0,9.14997440465579,8.517393171418904,9.206521343561718
7.360243082269751,5.930227237636792,5.930227237636792,0.0,6.998384193286318,7.438971592395862,6.7165646338416005
5.199813440661737,7.919690680167309,0.0,7.919690680167309,0.0,6.2166061010848646,7.910081063896764
3.1298513684476985,6.0063531596017325,5.545177444479562,5.017279836814924,0.0,8.294299608857235,6.029299244897118
3.072680305346239,6.051194651315749,0.0,6.051194651315749,0.0,7.824445930877619,6.117229462637017
7.59124726631652,7.431666906296491,7.242311395302511,5.6777806721172,7.258149011047554,8.071218539969863,6.762820462332884
5.3451144601569185,7.866729950879673,7.676320644420696,6.116664454092065,0.0,8.160803920954665,7.873522510871956
7.62194313435675,4.555559685434757,0.0,4.555559685434757,6.880929255237676,7.824445930877619,6.979169049460312
6.668429341284552,6.522445677077537,4.61512051684126,6.363441811055157,6.793067403995193,6.90875477931522,7.411067155516642
1.391190853709983,3.8416005411316,0.0,3.8416005411316,0.0,7.3783837129967145,4.3069374370450895
3.4828638165307564,7.264744173633186,6.234410725718371,6.824395408937229,0.0,7.313886831633462,7.037516513609146
3.6519652050262534,6.452427431701569,0.0,6.452427431701569,0.0,8.294299608857235,6.378845428523575
6.577533939730633,8.119473013755519,8.119473013755519,0.0,0.0,8.294299608857235,7.771317013498171
4.5652212477432705,6.7076688572432905,0.0,6.7076688572432905,0.0,7.824445930877619,6.635957768222211
1.3640484965488162,5.853781691932408,0.0,5.853781691932408,0.0,8.517393171418904,5.960076075516867
0.451147591292468,3.4011973816621555,3.4011973816621555,0.0,0.0,7.824445930877619,5.768860497111762
4.973348570911503,6.310227321376853,0.0,6.310227321376853,0.0,7.313886831633462,5.656500625407697
7.370675563595558,6.111467339502679,0.0,6.111467339502679,5.605525594257596,7.496097345175956,6.399093525692186
7.7174459005517155,0.0,0.0,0.0,7.848736302663482,8.412054873292933,6.077475029828348
8.130380120399728,0.0,0.0,0.0,9.112964144664787,9.105090961257085,9.157445888263657
2.8811588378665696,2.772588722239781,2.772588722239781,0.0,5.3472284234096525,8.922791623969637,6.066602169882378
7.095260005745993,6.026421375117015,5.807752023367887,4.411099882159589,0.0,7.0909098220799835,6.16831635958731
7.2120167551628,6.20744248663728,6.20744248663728,0.0,6.118634577856023,7.601402334583733,5.639460889986212
7.562523552730399,6.2702320021701885,0.0,6.2702320021701885,8.58060791858384,8.517393171418904,8.006521318829929
0.0,3.4651107074058083,0.0,3.4651107074058083,0.0,8.294299608857235,4.167935796127702
7.384914264995252,0.0,0.0,0.0,6.700105073529748,7.601402334583733,5.951752199722394
6.107971615731219,0.0,0.0,0.0,7.055428223223358,7.244941546337007,7.579194205171434
7.806461820392454,7.8995504360868205,5.433590990605606,7.811203902842994,7.273147160090334,8.006700845440367,7.994603335969883
7.121977237374813,6.002355029939155,6.002355029939155,0.0,7.374441363130634,7.313886831633462,7.737214075075216
0.8521408285482328,6.668101175540937,0.0,6.668101175540937,0.0,8.006700845440367,6.672367478106376
7.373385164841717,5.921819677402093,5.921819677402093,0.0,0.0,8.294299608857235,5.966897969699843
5.580120975892217,8.180099561770362,7.756798757747799,7.117043284005906,0.0,7.313886831633462,8.345505811836842
7.0008058250086265,0.0,0.0,0.0,7.787170595836061,7.601402334583733,6.713856793806243
7.003267176621869,5.054971107916307,5.054971107916307,0.0,6.362443203209266,7.0909098220799835,6.776481745759305
7.482616630756415,0.0,0.0,0.0,7.802057126825521,7.824445930877619,5.993618725199388
8.777061766085202,0.0,0.0,0.0,6.562317773568776,8.922791623969637,8.440656177743756
8.011772816271048,0.0,0.0,0.0,8.458723279232299,8.699681400989514,7.712405520481992
7.909684998717285,0.0,0.0,0.0,7.988827830525756,8.006700845440367,6.613002264907705
3.5434370056707505,5.7011122461003225,0.0,5.7011122461003225,0.0,8.294299608857235,5.705609328275841
8.409081595449269,7.446439230876524,7.446439230876524,0.0,9.52266862203781,9.15915233520675,9.22093274618035
5.097304539232123,7.247379685149868,5.0401940963378005,7.13163455958117,0.0,7.824445930877619,6.95289847437124
3.949819666639062,5.117814155560866,0.0,5.117814155560866,0.0,7.313886831633462,4.789538230629906
2.8751050344830444,5.167411096700238,0.0,5.167411096700238,0.0,7.313886831633462,4.967691765992031
6.561289121885743,8.103273443351402,6.689350482015101,7.825033523105531,0.0,8.294299608857235,7.960133480879832
7.72907324280222,6.4222237129184006,6.078490507324609,5.19295685089021,7.637056544625124,7.824445930877619,6.426838194027354
3.218153604129577,7.567945289383974,7.567945289383974,0.0,0.0,7.824445930877619,8.22225927848227
6.895786643762298,4.212127597878484,4.212127597878484,0.0,6.648090496332777,7.824445930877619,5.655868544481611
5.594369849168,3.4339872044851463,3.4339872044851463,0.0,4.775583073552067,5.707110264748875,5.29672653184124
3.2761787571537444,5.484796933490655,0.0,5.484796933490655,0.0,7.601402334583733,5.242132004433786
4.880363110190452,7.300985849421959,7.300985849421959,0.0,0.0,6.90875477931522,7.800870664724797
6.146038101796775,0.0,0.0,0.0,6.798916385219757,6.90875477931522,6.468311738484425
4.056105634959288,6.155664562788242,5.903671046157313,4.663439094112067,0.0,8.412054873292933,6.245109737606663
2.242403041978705,4.92260521658922,0.0,4.92260521658922,0.0,6.90875477931522,5.813237533220472
4.188704411817805,6.0936374878425275,5.3471075307174685,5.455449312268332,0.0,7.0909098220799835,5.014854467519636
6.711754595685277,5.99393648933976,5.99393648933976,0.0,0.0,7.824445930877619,7.039785079155797
3.931909668408915,5.835220010024146,0.0,5.835220010024146,0.0,8.006700845440367,5.448953500444834
6.801760588944908,6.207986222113305,6.207986222113305,0.0,7.3316489727843175,7.0909098220799835,7.298625868659985
8.064654380016457,8.391353286176955,8.068475011111698,7.104595921875294,0.0,9.105090961257085,7.137816936917502
7.1881464472686885,6.6857610669244485,0.0,6.6857610669244485,0.0,6.90875477931522,6.153765578117605
2.6006558408060614,4.484921613391916,4.484921613391916,0.0,0.0,7.601402334583733,4.822731956105828
7.219566860145201,0.0,0.0,0.0,7.030714062649877,7.313886831633462,5.9033781324723975
7.852941683373001,0.0,0.0,0.0,8.185060201472053,8.006700845440367,7.219148246199437
6.034834522366556,7.126119427123021,7.0512840310569365,4.507557357121091,0.0,8.160803920954665,7.722534782510416
6.23277031234832,4.060443010546419,4.060443010546419,0.0,5.890893706510192,6.398594934535208,6.358511993663931
2.0183561183982115,5.675040005790547,0.0,5.675040005790547,0.0,7.601402334583733,6.164303243788128
5.934887640042544,0.0,0.0,0.0,6.834752400295331,6.90875477931522,6.917054666334379
4.907487994135394,6.966193984010557,0.0,6.966193984010557,0.0,8.294299608857235,7.0921904106023606
1.500452166897216,4.603268378698495,0.0,4.603268378698495,0.0,8.006700845440367,5.9116623450939745
7.365556668411167,3.58351893845611,3.58351893845611,0.0,0.0,7.496097345175956,6.675225915918862
7.327751903320455,6.11295182469226,0.0,6.11295182469226,0.0,7.313886831633462,6.227836728981865
6.501156900465571,0.0,0.0,0.0,7.056086985374606,7.496097345175956,7.589966264259236
6.182957903643076,7.087866060478927,6.605852570890384,6.128919482561829,0.0,8.517393171418904,7.49039372786576
5.197534938768972,7.101395866495808,5.853953818847745,6.763942643616289,6.126022393373673,7.824445930877619,7.4455527163756186
5.7538975670696475,5.707110264748875,4.454347296253507,5.375278407684165,6.324011290839453,7.0909098220799835,6.211372672070522
6.0606223306628575,0.0,0.0,0.0,7.8495989923451255,7.0909098220799835,7.956815680343393
7.022048650615338,0.0,0.0,0.0,7.106107935776465,7.824445930877619,5.706412140718322
6.6507174608795046,5.295262705818808,0.0,5.295262705818808,0.0,6.90875477931522,4.17248148581147
6.7632039619903335,0.0,0.0,0.0,7.5578659810068824,7.824445930877619,7.736942423506327
4.203425877113129,6.734591659972948,0.0,6.734591659972948,0.0,6.90875477931522,6.922667396618359
6.253626316074643,0.0,0.0,0.0,7.681144703306969,7.0909098220799835,7.216855895227624
6.915319313408246,7.202378207863236,7.202378207863236,0.0,0.0,7.0909098220799835,7.276001819505283
4.505499287053525,7.281667798577195,6.639875833826536,6.535836159344549,0.0,8.006700845440367,7.433513920364331
6.108822001106226,0.0,0.0,0.0,6.504374940730347,8.294299608857235,6.480563813595237
7.521114036285523,6.177736623646287,5.993013347097833,4.4101280647847565,7.549567605869904,8.006700845440367,7.209559898899892
1.6727613831968469,4.6163079303985475,0.0,4.6163079303985475,0.0,8.294299608857235,4.82419284206487
4.830654507560754,5.049856007249537,5.049856007249537,0.0,6.7011617277655855,7.824445930877619,7.2266678546335985
2.953901749805725,5.398434157882809,0.0,5.398434157882809,0.0,6.90875477931522,5.385760720222303
7.393092709787604,7.157860087078552,0.0,7.157860087078552,5.618706924562222,7.438971592395862,6.954929857843772
7.3152184875573605,0.0,0.0,0.0,3.6801540482337582,7.313886831633462,5.628398602734591
4.681150144167831,4.154655409326203,0.0,4.154655409326203,0.0,8.517393171418904,6.293660482656537
6.7640713738556855,6.755536066004626,5.895311512201069,6.207523058698961,0.0,7.0909098220799835,7.050944125417118
0.7880504594094857,3.044522437723423,3.044522437723423,0.0,0.0,6.2166061010848646,5.212012728850259
5.839946852098619,3.044522437723423,3.044522437723423,0.0,5.004448455015295,6.2166061010848646,6.232172691815211
5.037129612720406,7.283983799598675,6.449885733079377,6.715565187989577,0.0,7.313886831633462,6.965053488772399
7.167716342689908,5.221814220561922,0.6931471805599453,5.21640207334677,6.8110778405055195,7.601402334583733,5.693961711775407
5.890736316387991,8.28340316699806,0.0,8.28340316699806,5.008514326433697,8.412054873292933,8.297663879363558
1.2730800292742812,4.605170185988092,0.0,4.605170185988092,0.0,7.824445930877619,3.8322896032480664
7.697746211005858,0.0,0.0,0.0,7.440091085459054,8.699681400989514,6.241782283022696
4.424492976513759,5.648093568795613,0.0,5.648093568795613,0.0,6.90875477931522,6.336689245726535
7.012879137638905,5.570479627341781,5.211505969561073,4.384398818818937,7.084786589567108,7.0909098220799835,6.3523109780340254
4.765103451536119,3.6635616461296463,0.0,3.6635616461296463,0.0,7.313886831633462,4.098679635532331
6.18140692280524,0.0,0.0,0.0,2.9945745536548523,6.2166061010848646,4.895296838018935
8.11176623888014,6.9685304776965955,4.795790545596741,6.848705666187561,8.24838563883941,8.412054873292933,7.068836719787929
2.663994720607322,6.57779181427375,6.57779181427375,0.0,0.0,8.612685172875459,6.763005102477949
7.408056464222683,5.5254529391317835,0.0,5.5254529391317835,7.508345231985004,8.006700845440367,5.525328668462297
4.1393660146627544,3.591817741270805,0.0,3.591817741270805,0.0,7.313886831633462,4.334478476395718
6.584591580988285,0.0,0.0,0.0,5.985236933212412,7.824445930877619,5.2367531644017165
7.516196752632965,0.0,0.0,0.0,7.144054279069077,7.824445930877619,6.571057213263453
1.6322335073114278,4.110873864173311,0.0,4.110873864173311,0.0,7.824445930877619,4.708528158894938
3.6349020871399755,6.849426769082011,0.0,6.849426769082011,0.0,7.313886831633462,6.91663347689028
7.220942987821099,8.530470654488768,8.420836464172131,6.26744719743791,3.8968163886764007,7.438971592395862,8.382005302759413
6.649985812842525,6.621405651764134,5.5254529391317835,6.2166061010848646,0.0,8.294299608857235,5.323829136220542
7.666304429519141,8.35576543108268,7.888829501986264,7.370432132841412,0.0,8.853808274977197,8.9209773439098
2.313911605188008,4.678048831400664,0.0,4.678048831400664,0.0,8.006700845440367,4.714835983605157
6.741482709856134,3.6506582412937387,0.0,3.6506582412937387,0.0,6.90875477931522,0.0
9.292609799590807,3.8426729272933526,3.8426729272933526,0.0,8.536581354991057,9.581972891547895,7.890482878493422
5.8681323652545405,5.644775294076169,5.219328270297665,4.59511985013459,0.0,7.3783837129967145,6.728989381731924
6.085446800153169,6.514238504389814,0.0,6.514238504389814,0.0,6.90875477931522,6.5773076202921255
7.207182003954443,0.0,0.0,0.0,7.21905652101727,8.160803920954665,6.582104023592981
5.3976423806539655,7.527347411420767,7.221580131535116,6.195466052893825,0.0,7.496097345175956,6.4476020563893925
3.1507588553813544,5.654242029096065,5.654242029096065,0.0,0.0,6.90875477931522,7.364959125019812
3.2658293701518972,6.413475350475609,0.0,6.413475350475609,0.0,8.006700845440367,6.242492258456183
8.43791003862451,7.587817219993427,4.6913478822291435,7.531552381407289,7.505751106474124,8.412054873292933,7.921762003824494
7.472182293241356,0.0,0.0,0.0,7.786970157861035,7.824445930877619,5.171141909246946
6.971174794266124,0.0,0.0,0.0,6.80868856794112,7.0909098220799835,7.479131662636838
7.2595779334823565,0.0,0.0,0.0,7.481425823616541,7.824445930877619,5.760368098927966
6.760893167557062,4.6913478822291435,0.0,4.6913478822291435,6.8315248663519865,6.90875477931522,7.049418152572596
6.968446595045049,0.0,0.0,0.0,6.266116002379461,7.824445930877619,6.035995422418885
1.2304957408510298,4.174387269895637,0.0,4.174387269895637,0.0,8.294299608857235,5.029793079539682
0.0,4.997212273764115,0.0,4.997212273764115,0.0,7.824445930877619,5.0311509481741625
7.46606439931344,0.0,0.0,0.0,4.742086875772656,7.496097345175956,5.8739105730274925
3.9755289874306086,5.850649550465754,0.0,5.850649550465754,0.0,8.294299608857235,5.320875478321262
1.6952513221473857,4.2878533084066195,0.0,4.2878533084066195,0.0,8.006700845440367,5.553837614069865
6.756793023722676,4.189654742026425,4.189654742026425,0.0,6.961685666680601,8.006700845440367,7.161732007749569
6.942478166102832,0.0,0.0,0.0,5.635989793367056,6.90875477931522,6.573336487797995
4.236368842131494,6.667923246381692,0.0,6.667923246381692,0.0,7.601402334583733,6.56490402602967
8.273947633326284,6.148596492828276,6.148596492828276,0.0,9.321414362904799,8.987321812850125,8.832798859596563
7.758095293038213,7.987025034494524,6.940609615853084,7.554926581551731,0.0,8.006700845440367,7.628836701151729
0.0,5.436295109489939,0.0,5.436295109489939,0.0,8.294299608857235,6.304003240651224
4.526972346331892,5.349010480863555,0.0,5.349010480863555,0.0,7.601402334583733,6.069841703135497
4.087710488670853,7.640848870851211,7.640848870851211,0.0,0.0,7.824445930877619,7.583785010874829
3.6756751345272063,4.139955073474153,0.0,4.139955073474153,0.0,6.90875477931522,5.1166244860956915
6.1714980779490745,6.340570921546762,5.985220091010653,5.139380249986818,6.20336470570475,7.313886831633462,6.12759120069005
7.164252257619318,6.658165077652944,5.672842051749564,6.1928940455154375,0.0,7.0909098220799835,6.750453813639303
4.020226992586426,6.362338210446527,0.0,6.362338210446527,0.0,7.824445930877619,6.41128140441276
5.412901883503987,8.331461025100174,8.043852801370925,6.945908114464658,0.0,8.006700845440367,8.146597455883981
7.404158244633773,7.084377290850769,5.79669584501227,6.762694824249517,6.9348708825381,7.601402334583733,7.461870994928068
4.684639310732848,6.589504027363245,0.0,6.589504027363245,0.0,6.90875477931522,6.614343688142542
4.60557188529612,7.00397413672268,0.0,7.00397413672268,0.0,6.90875477931522,7.178642861936098
6.881004810357715,0.0,0.0,0.0,6.69031205737365,7.0909098220799835,6.623412371973614
5.882189577183332,4.23410650459726,0.0,4.23410650459726,0.0,7.313886831633462,5.4988067101123805
2.828627433057315,5.707110264748875,0.0,5.707110264748875,0.0,7.601402334583733,5.624891633052377
3.9906553898324115,6.305727691789675,0.0,6.305727691789675,3.88547243790796,7.824445930877619,6.625690669665438
6.719812532864764,6.873163834212518,6.792344427470809,4.330733340286331,0.0,7.601402334583733,6.619547551064393
6.4244251474489475,7.184128648410871,7.184128648410871,0.0,0.0,7.824445930877619,5.799077630105237
4.5567943054913265,7.736743682453495,0.0,7.736743682453495,0.0,8.412054873292933,7.834616049848719
7.106642488705941,0.0,0.0,0.0,6.833960959326635,7.824445930877619,5.562096648636487
2.8739763627197825,4.251775570170929,0.0,4.251775570170929,0.0,7.313886831633462,3.802869349344898
7.216858975535446,6.859709337810057,6.2616634252979075,6.063785208687608,7.919563440455621,7.313886831633462,8.356436252465706
7.6940458804370175,6.304137968011938,6.304137968011938,0.0,8.078133578385264,8.987321812850125,6.213156921974808
6.100647962912466,7.658954362990171,6.857713832285145,7.0642033178580785,5.3225729129071695,6.90875477931522,7.275212337350106
3.51827029857723,5.718703927333203,5.718703927333203,0.0,0.0,7.0909098220799835,6.312064504343761
7.971482249476325,5.777063914850281,4.780467127845082,5.321301202938412,7.56340702639697,8.160803920954665,6.398338895104335
7.39721287977521,3.804215052793841,3.804215052793841,0.0,6.283837727213254,8.699681400989514,8.096434521495413
7.521905250602561,7.361597767663608,6.385194398997726,6.889947660332172,0.0,8.699681400989514,6.356877824113339
6.660033605023332,0.0,0.0,0.0,7.922306937648854,8.699681400989514,9.13870677272767
4.351968918745599,6.010727813288828,6.010727813288828,0.0,0.0,8.922791623969637,6.387653548189671
6.2799053123046225,8.595050127414988,6.466953106584287,8.468490223445107,0.0,8.922791623969637,8.498947674693916
6.967561196810727,5.802118375377063,0.0,5.802118375377063,0.0,6.90875477931522,6.379404657251921
6.7347630887978065,7.934413172320281,7.676909341909775,6.453278482169792,0.0,6.90875477931522,7.910206903286436
5.936806989401213,8.431245248779804,8.42492218863127,3.3985271531062766,0.0,8.412054873292933,8.335769167079496
4.4478434595267595,7.324311980646794,6.731698060187865,6.520856740447811,0.0,7.601402334583733,7.2603865628360715
7.044078632703499,4.761746493030188,4.761746493030188,0.0,5.260898605703089,7.313886831633462,7.440736084733853
7.012661763883597,7.39446237533932,6.931139719214873,6.4040542151584425,0.0,8.006700845440367,5.6760469017880695
2.2707001273309757,4.038126882223872,0.0,4.038126882223872,0.0,7.313886831633462,5.055287378050696
6.141176153095449,6.699635798967015,6.699635798967015,0.0,5.462831003543375,6.2166061010848646,6.899464028363924
4.619257551460789,6.929643964239775,0.0,6.929643964239775,0.0,7.601402334583733,7.04301430888159
7.000320545866666,5.928338361488242,5.928338361488242,0.0,7.238681005687861,7.0909098220799835,7.763236751795451
5.839893863310215,8.209123360512427,0.0,8.209123360512427,0.0,8.412054873292933,8.118196072892486
6.4714277970771015,0.0,0.0,0.0,6.835421208687615,6.90875477931522,5.267928074144985
4.823959808696203,7.2297808054563735,0.0,7.2297808054563735,0.0,7.824445930877619,7.1812850191880795
7.308948939432847,0.0,0.0,0.0,7.767507735043944,7.824445930877619,6.299540741006429
0.0,4.713127327493184,0.0,4.713127327493184,0.0,6.90875477931522,0.0
5.444862736324611,7.646563924909964,0.0,7.646563924909964,0.0,7.601402334583733,7.564874388598581
4.980554592288822,7.2101535352695985,7.2101535352695985,0.0,0.0,7.824445930877619,6.48883723911476
0.0,6.936264987427853,0.0,6.936264987427853,0.0,7.824445930877619,6.9366860238427535
6.876459261675918,4.254761283628006,0.0,4.254761283628006,0.0,6.90875477931522,5.532898257421239
6.143280909535106,0.0,0.0,0.0,6.221753945930191,6.2166061010848646,6.505083861384111
7.414687854259023,6.648855007955808,0.0,6.648855007955808,7.083824989480978,7.824445930877619,4.092546496670671
7.985293136954868,7.686309216483951,7.560273154789295,5.556634992869901,7.568597588011203,8.517393171418904,7.322616506971193
7.917451113516598,5.017279836814924,5.017279836814924,0.0,7.3549890572117755,8.160803920954665,6.436208893900365
7.9731234598109975,7.082011061363724,6.7096945080353905,5.916309873507221,7.361053089229695,8.77971129020447,6.870876007952559
6.66785257557403,6.966797472949193,6.803305459625633,5.081404364984463,7.642177658869523,8.188966863648876,7.775627950807534
6.785786207214054,5.589343840250208,4.509760001183433,5.179871611341555,5.903968657306429,7.0909098220799835,6.999018458900173
6.429664642664738,8.457472910560222,5.98373474904604,8.369671822403564,0.0,8.412054873292933,8.440090159807939
2.0389860164598366,5.313944622433736,0.0,5.313944622433736,0.0,8.294299608857235,6.3196481599400744
6.502226024816658,6.367209006544842,0.0,6.367209006544842,7.677632942620263,7.824445930877619,6.388324846475302
4.881969841654544,4.8847696822465165,0.0,4.8847696822465165,0.0,8.006700845440367,6.639311664255291
7.616696193324429,8.060394788120501,7.373154574533339,7.361940707550877,0.0,8.699681400989514,7.535368266354233
6.021903954221664,2.4672517145492794,0.0,2.4672517145492794,0.0,7.0909098220799835,6.823461214751908
6.996657546444375,0.0,0.0,0.0,4.3611792553142745,7.0909098220799835,5.562629306141256
4.360878582699691,6.500553664018291,0.0,6.500553664018291,0.0,7.824445930877619,6.437003300993317
7.032186316070854,4.795790545596741,4.795790545596741,0.0,0.0,7.0909098220799835,5.867063083835678
7.452917056030848,7.863232108025832,7.2682927537351665,7.062028808405932,6.5456535193370105,7.824445930877619,8.186283137098762
2.996472999149039,6.405658117779986,0.0,6.405658117779986,0.0,8.294299608857235,6.627864294363907
7.199145951567384,7.416624991199611,7.416624991199611,0.0,0.0,7.313886831633462,7.42168250340808
3.3153222679717187,5.925298034845025,0.0,5.925298034845025,0.0,8.006700845440367,6.284519137331065
6.863373755808095,0.0,0.0,0.0,4.0085501716767,6.90875477931522,5.285952809494596
6.806875354909634,5.860786223465865,5.860786223465865,0.0,0.0,6.90875477931522,6.181054698548431
5.389091893996764,0.0,0.0,0.0,5.612639936157479,6.2166061010848646,5.232549241757644
5.798921897458136,0.0,0.0,0.0,6.616482670931993,7.313886831633462,6.213179196027237
6.4116222468570285,0.0,0.0,0.0,7.726429132587488,7.0909098220799835,7.775031441149821
6.381496000046952,0.0,0.0,0.0,8.388983920856065,7.601402334583733,7.903563335247891
4.686631917140642,0.0,0.0,0.0,7.238685268543059,7.313886831633462,0.0
8.46599150020141,0.0,0.0,0.0,8.679909943405853,9.105090961257085,7.521473720101471
2.7145027386340956,4.951592753462473,0.0,4.951592753462473,0.0,7.824445930877619,5.131737337230151
2.5122102410489298,4.920564697006408,4.920564697006408,0.0,0.0,7.0909098220799835,5.555212978231325
2.6843370536791844,4.993556952561504,0.0,4.993556952561504,0.0,8.294299608857235,5.0341674156911775
6.991961387048348,5.187385805840755,5.187385805840755,0.0,0.0,7.0909098220799835,5.850953858617398
4.707680193805945,5.561757974626783,5.123963979403259,4.535605722602182,0.0,7.824445930877619,5.1349921120576205
5.216488030470715,3.2088254890146994,3.2088254890146994,0.0,4.174483372969896,6.2166061010848646,6.372772674066306
8.56859818384533,0.0,0.0,0.0,8.323247962087109,8.77971129020447,7.111408281578582
7.981591407478207,6.973130949612269,0.0,6.973130949612269,0.0,8.006700845440367,7.341993970448561
6.981774250175391,5.839623697567614,0.0,5.839623697567614,6.421756450673513,7.0909098220799835,7.0442682622443344
5.21229383602284,5.066826573745998,0.0,5.066826573745998,5.375017540327901,6.90875477931522,4.938404271165632
7.211671387257392,3.9318256327243257,3.9318256327243257,0.0,6.443544357958983,8.006700845440367,6.1826080074788745
6.502805165741348,6.2262797192825925,6.2262797192825925,0.0,5.60710484965805,6.90875477931522,6.450355112178702
0.0,6.044056997227153,0.0,6.044056997227153,0.0,7.601402334583733,5.948585203320329
7.977035406253726,7.114013064819562,0.0,7.114013064819562,7.932108973333063,8.594339400592892,7.174951197571671
2.9355577629223166,5.003946305945459,5.003946305945459,0.0,0.0,9.259225769705994,4.7725773575395145
7.231344910031655,5.8888779583328805,0.0,5.8888779583328805,0.0,6.90875477931522,4.759171491802465
6.91818422498377,5.633181167472654,0.0,5.633181167472654,0.0,6.90875477931522,6.4381196252251165
6.144192374446278,6.2166061010848646,6.2166061010848646,0.0,0.0,6.90875477931522,4.707892906721817
7.459683057763766,7.372815459494733,7.372815459494733,0.0,0.0,7.901377353792616,6.1864881424447145
5.316559360021847,5.7477993600729755,5.7477993600729755,0.0,5.145033386861015,6.2166061010848646,5.243770110079299
7.343181545269043,7.336363832861487,3.3141860046725258,7.318950604656325,0.0,7.601402334583733,6.112382505975919
6.5995452191041135,5.920934780917455,0.0,5.920934780917455,0.0,8.006700845440367,6.554292274097178
4.495021983180346,6.285681470832081,0.0,6.285681470832081,0.0,7.901377353792616,5.4639223899057265
5.605991974732837,4.465908118654584,0.0,4.465908118654584,0.0,6.90875477931522,6.093888405505713
7.016068468405239,7.901962151295392,7.873818549480749,4.330733340286331,0.0,7.313886831633462,7.807101838131436
4.981009423138989,7.368648786799887,6.1372301704008,7.024399889100222,0.0,7.601402334583733,7.327520243049701
5.25922956016226,6.458636044652125,5.13308888718026,6.151987736440525,0.0,7.824445930877619,6.1736275288295746
7.196695665175018,0.0,0.0,0.0,5.032743620700786,7.313886831633462,5.746296266080695
3.2654912068646684,6.640712085377909,0.0,6.640712085377909,0.0,8.294299608857235,6.980964970373901
0.17402893451571555,5.5909869805108565,0.0,5.5909869805108565,0.0,8.294299608857235,5.296127841286081
7.457392039344073,0.0,0.0,0.0,8.46261907786444,7.824445930877619,8.509735347100134
4.360824933630293,5.632787600498577,0.0,5.632787600498577,0.0,7.824445930877619,5.840186972624604
4.9123704114535505,7.267985894023439,6.470288537348172,6.670753646494326,0.0,7.601402334583733,7.152281777640519
6.926559563982798,0.0,0.0,0.0,7.717844111111905,7.0909098220799835,7.367618055651594
6.889696251931199,5.484796933490655,0.0,5.484796933490655,0.0,6.90875477931522,7.483785091030156
6.689448063718146,8.08000828780161,7.925851414585793,6.136300551153431,0.0,8.006700845440367,6.447694850267119
7.446200371133718,7.445627814969701,5.998191867857408,7.178286106116022,0.0,8.160803920954665,7.237338645301032
8.064325712083383,0.0,0.0,0.0,8.46714771397068,8.517393171418904,6.260585776018393
6.50903349248868,8.425886785800431,8.425886785800431,0.0,0.0,9.105090961257085,8.52936232622906
5.555143790829482,7.997269640064833,7.997269640064833,0.0,0.0,8.699681400989514,8.280962251614893
7.646154011152901,5.194233813004714,0.0,5.194233813004714,7.894992805950617,8.699681400989514,7.05018998546938
4.401160325046344,5.927912206201462,0.0,5.927912206201462,0.0,7.313886831633462,5.524602178931557
2.241162352765827,0.0,0.0,0.0,4.892352030846909,7.824445930877619,5.3368261243982
5.365334383987032,5.573066163587918,0.0,5.573066163587918,0.0,6.90875477931522,4.59874066081816
1.4264816742725301,3.9651845535423784,0.0,3.9651845535423784,0.0,8.294299608857235,4.36521646974269
6.00683242158465,0.0,0.0,0.0,5.683910069925632,7.313886831633462,7.318201436374627
4.251208372465892,6.069628568077336,0.0,6.069628568077336,0.0,7.901377353792616,6.088925303672576
6.275842890752613,8.560716174979262,7.6979293467788095,8.012892897965386,0.0,8.006700845440367,8.43204433093812
4.046819894474187,5.9992590905738945,0.0,5.9992590905738945,0.0,6.90875477931522,5.700212901302976
8.399718974020585,5.474369310328396,0.0,5.474369310328396,6.592396084218194,8.612685172875459,6.678696803945905
6.981178039074542,5.99028885625426,3.8426729272933526,5.868957872615185,0.0,6.90875477931522,6.363087719004807
3.0745108748893624,6.14341280338004,0.0,6.14341280338004,0.0,8.006700845440367,6.824965334105814
3.405512225984726,5.520500456767122,0.0,5.520500456767122,0.0,8.071218539969863,5.6498708149892956
5.328473509763408,5.290385996221756,0.0,5.290385996221756,0.0,7.313886831633462,4.983925961125036
6.846932070448665,0.0,0.0,0.0,4.0508064344326025,6.90875477931522,5.374159036051063
0.0,2.4756977107026903,0.0,2.4756977107026903,0.0,8.294299608857235,0.0
6.760735032584369,5.169574490655311,0.0,5.169574490655311,5.6264540696502285,6.90875477931522,7.250204734954441
5.221504187079833,7.165307986452406,6.484268756276154,6.461468176353717,0.0,8.922791623969637,7.033395322906678
7.231348267284576,5.097179895496441,0.0,5.097179895496441,5.23243561301095,8.006700845440367,6.223453732193451
5.3828833518364405,8.435486266367521,8.076648941994073,7.2372604446875775,0.0,7.601402334583733,7.720003144938859
8.10882612409456,0.0,0.0,0.0,8.077992095822436,8.853808274977197,6.649943976933252
3.5376102147801896,4.703385233485046,4.253056253376921,3.713572066704308,0.0,7.0909098220799835,5.100232842393497
5.24244786993258,6.24781073924991,4.382026634673881,6.081944900236357,0.0,7.901377353792616,6.4014681174650585
0.4276055235228384,4.706100904566532,0.0,4.706100904566532,0.0,8.294299608857235,5.185520105610086
4.452374432832981,6.555811980276339,6.555811980276339,0.0,0.0,8.517393171418904,6.899774321699199
4.555103475880486,6.949376953672957,4.836281906951478,6.821652579928726,0.0,7.824445930877619,6.919550540566867
6.196770021732165,8.16959974272791,7.790410630650394,7.0171655831652435,0.0,8.294299608857235,7.993012293334104
6.929062035293213,5.330494098243258,5.330494098243258,0.0,0.0,7.0909098220799835,5.454128549833178
7.0374404890201445,7.531852443565273,5.640487624283887,7.368945181195788,5.067680057033741,7.0909098220799835,6.898799779939666
0.0,4.925803358579558,0.0,4.925803358579558,0.0,7.901377353792616,4.859785659817994
3.769896448554407,5.0209815861504,0.0,5.0209815861504,0.0,8.294299608857235,5.631671231813607
3.435407968914757,6.042632833682381,0.0,6.042632833682381,0.0,7.313886831633462,6.033012075165115
7.196126835934841,0.0,0.0,0.0,6.013980966677795,8.294299608857235,6.4433683680005975
6.881451476346895,6.872335333750876,5.689345426858432,6.508023702721733,0.0,7.0909098220799835,6.819855702205288
3.750686552999302,6.046426105181957,5.748915164763541,4.698205051955281,0.0,6.90875477931522,5.71857933581449
3.194881530396966,5.486745241773752,5.486745241773752,0.0,0.0,7.824445930877619,0.0
6.028124879512905,5.2390980068880655,0.0,5.2390980068880655,0.0,6.90875477931522,4.959526277465359
6.421449086957922,7.639911611856409,7.435142991047106,5.95599279779973,0.0,7.496097345175956,6.921815535676053
7.2229340270112585,7.380754417207671,0.0,7.380754417207671,0.0,7.170888478512505,7.373124633420178
3.925578177561186,6.0242221113461545,0.0,6.0242221113461545,0.0,8.294299608857235,6.3152972853934335
4.117068408795575,6.569481420414296,6.569481420414296,0.0,0.0,8.922791623969637,7.035235621624664
6.151148783532013,4.02535169073515,4.02535169073515,0.0,4.010051324107299,6.2166061010848646,5.511751360300863
2.6131652908579657,5.173660761948481,0.0,5.173660761948481,0.0,6.90875477931522,5.950295093793411
3.585584082355556,4.29592393562047,0.0,4.29592393562047,0.0,7.313886831633462,4.911246710899565
7.252214726312741,7.42768533137241,4.74493212836325,7.357498801303843,0.0,8.294299608857235,5.758513285176105
2.935885289923591,5.1101789244325175,0.0,5.1101789244325175,0.0,8.006700845440367,5.212010074359792
4.411159812369566,6.566897439648371,0.0,6.566897439648371,0.0,6.90875477931522,6.535709223915907
6.790211290876611,4.61512051684126,0.0,4.61512051684126,6.799701127631742,6.90875477931522,5.3648321460999
1.5570469632122603,4.373616367313912,0.0,4.373616367313912,0.0,6.90875477931522,0.0
5.9984961796328236,6.25234694492246,4.7641378170837365,5.998936561946683,0.0,7.438971592395862,5.085676914074696
2.7092036023458537,5.7954496631820245,0.0,5.7954496631820245,0.0,7.313886831633462,6.5415153633441445
4.0178588680906815,5.516086501524791,4.890349128221754,4.759263721325492,0.0,7.438971592395862,5.10317252373455
2.804768843103269,0.0,0.0,0.0,5.881048616010734,6.2166061010848646,5.366694144955282
7.576344628343291,0.0,0.0,0.0,7.88650987575713,7.824445930877619,8.07548584131846
7.466509226496916,0.0,0.0,0.0,7.479229413408634,8.006700845440367,6.113013310171086
3.7319991908016283,5.932245187448011,5.760477818332746,4.102643365036796,0.0,9.210440366976517,5.914451498919511
6.94723273994211,0.0,0.0,0.0,8.06266262933488,8.160803920954665,8.564321551744696
0.0,5.515201367691102,0.0,5.515201367691102,0.0,7.313886831633462,5.763165215068811
9.496996352175318,8.162156904146013,8.091716174113964,5.478344626788618,7.176139546813326,9.770013301136158,7.861658099327916
8.641168391280468,4.723308714005133,4.723308714005133,0.0,8.11550971113172,8.77971129020447,7.2350730496228435
5.837443936737992,5.035913101280524,5.035913101280524,0.0,6.916831463524286,7.0909098220799835,0.0
4.455458608749522,7.348613270622064,0.0,7.348613270622064,0.0,7.601402334583733,7.41210596873309
6.839538620449664,0.0,0.0,0.0,6.454596625922831,6.90875477931522,6.719346229344419
2.3275286984733103,0.0,0.0,0.0,6.850770862944869,7.0909098220799835,6.857352378602481
4.619112429633808,6.673297967767654,0.0,6.673297967767654,0.0,6.90875477931522,6.354320597835937
4.367754584254165,7.2473227205106525,0.0,7.2473227205106525,0.0,8.294299608857235,7.531863073759072
6.899821783867791,5.198497031265826,0.0,5.198497031265826,0.0,6.90875477931522,6.1420167494600415
2.040235558418069,5.812397688034523,0.0,5.812397688034523,0.0,8.294299608857235,5.767425194683739
3.1424981527392797,7.124140041051793,0.0,7.124140041051793,0.0,7.313886831633462,7.505927451761338
2.790039628072168,4.830311739964974,0.0,4.830311739964974,0.0,8.294299608857235,5.357129872179131
3.461993596598786,5.760792729372981,5.288267030694535,4.792479284293085,0.0,6.90875477931522,4.501051998321183
5.026953767267264,7.349565173857091,7.1147857083968695,5.788429948716486,5.449841754974868,6.90875477931522,7.707563044543416
2.7390281253634403,4.795790545596741,0.0,4.795790545596741,0.0,8.006700845440367,4.736299259102399
2.9303751240983402,5.348439975951247,0.0,5.348439975951247,0.0,7.901377353792616,4.966009323624834
1.075398931439842,5.035132765696643,0.0,5.035132765696643,0.0,7.824445930877619,5.235422400699885
6.8282958075266205,3.8426729272933526,3.8426729272933526,0.0,0.0,7.438971592395862,5.2589932184455455
6.71365955472369,7.081069726616117,0.0,7.081069726616117,0.0,6.90875477931522,7.4813197230827875
5.458543976187081,6.258108103868043,0.0,6.258108103868043,0.0,6.90875477931522,5.74670568088415
7.104722999341246,0.0,0.0,0.0,7.973601666396688,8.006700845440367,7.760807190022249
2.8086195574647475,5.056245805348308,0.0,5.056245805348308,0.0,7.601402334583733,5.134187210309549
6.540259366109156,6.311662211236443,0.0,6.311662211236443,0.0,6.90875477931522,5.759504194908947
7.091690484810585,0.0,0.0,0.0,7.591941238468515,7.601402334583733,5.031132849808381
3.633847072782054,6.370551456156081,0.0,6.370551456156081,0.0,7.824445930877619,6.534675038165152
8.172750237580363,6.786694376986867,0.0,6.786694376986867,8.42250765664058,8.517393171418904,6.866931812585799
3.6854985452771527,5.807962293565865,0.0,5.807962293565865,0.0,7.313886831633462,5.91423239092349
0.0,6.4492057997815175,0.0,6.4492057997815175,0.0,8.294299608857235,6.760118715653186
3.3412425792166305,5.75984769858915,5.75984769858915,0.0,0.0,7.824445930877619,5.748665622717658
7.896857837376063,5.127529045567755,4.640537329825382,4.189654742026425,7.978406221416168,8.006700845440367,5.934619575904463
2.834672396767998,4.74005066818191,0.0,4.74005066818191,0.0,8.006700845440367,4.852029724856972
3.985402771075286,5.589792237238514,0.0,5.589792237238514,0.0,7.601402334583733,5.910505078504197
4.718348627866258,6.1300736513074545,6.1300736513074545,0.0,0.0,7.601402334583733,6.029768323175991
7.586163253146685,0.0,0.0,0.0,7.788146294938063,7.824445930877619,5.681684806367031
5.239293817954554,6.274837347971665,0.0,6.274837347971665,0.0,7.824445930877619,6.832973592087442
6.728201480010328,0.0,0.0,0.0,5.4842806674682,6.90875477931522,6.950818748319722
6.4213199587010905,6.775525895518557,5.762051382780177,6.326399889025619,6.3128357654914415,7.496097345175956,6.311606672087087
8.03184762362162,5.800182968942516,0.0,5.800182968942516,7.718362778686649,8.160803920954665,6.730203693763943
0.13738956529530175,4.2162671661789055,0.0,4.2162671661789055,0.0,8.294299608857235,6.579049622247806
3.52867058965428,5.720016651094949,0.0,5.720016651094949,0.0,7.0909098220799835,5.873098913649452
6.026086273229116,0.0,0.0,0.0,7.019442228091747,7.0909098220799835,5.560264305485803
1.85893840764382,5.669191029886582,0.0,5.669191029886582,0.0,8.006700845440367,5.543001504619818
3.5868728079429335,5.921578419643816,0.0,5.921578419643816,0.0,7.901377353792616,5.891784875965256
5.28637938151845,7.609916708843232,6.963814199712114,6.868442561596596,0.0,8.922791623969637,7.26298859647664
7.137134762392747,7.424141414408774,0.0,7.424141414408774,0.0,6.90875477931522,6.878698845912067
5.530004195914402,4.494350350882848,4.494350350882848,0.0,7.324017635115446,7.0909098220799835,7.3076554086146235
7.4500132670281225,6.362648721239272,0.0,6.362648721239272,0.0,6.90875477931522,5.687496820353824
6.793838995793307,6.021629961439708,6.021629961439708,0.0,0.0,7.313886831633462,6.950946742492246
3.490820146009888,6.4967749901858625,5.4638318050256105,6.059123195581797,0.0,8.160803920954665,6.86300039829383
4.8010042446661485,7.17869802742962,7.17869802742962,0.0,0.0,7.824445930877619,6.357902765544547
7.67937508959627,5.0247354184750375,5.0247354184750375,0.0,6.914292395401006,7.824445930877619,6.147135850914637
2.8178403116030015,4.290459441148391,4.290459441148391,0.0,0.0,6.90875477931522,3.8088534877802487
0.004804440171897514,3.9646154555473165,0.0,3.9646154555473165,0.0,8.006700845440367,3.5336599366164836
6.110875421560021,6.671501158517832,0.0,6.671501158517832,0.0,8.006700845440367,6.041092288982684
4.879355422038798,7.46134149696913,6.448889394146858,7.010744986493961,0.0,7.601402334583733,7.565102441056077
1.1369120650687752,4.6147243987929025,0.0,4.6147243987929025,0.0,8.006700845440367,4.631141132381046
7.026699010548107,6.556849376363321,6.556849376363321,0.0,0.0,7.170888478512505,4.658490672732052
7.228680317539724,5.198497031265826,5.198497031265826,0.0,5.856322332091117,7.313886831633462,5.532877124289695
4.09467925620582,4.089332020398556,0.0,4.089332020398556,0.0,7.313886831633462,5.087009514938882
5.823843113123531,7.662392589051593,7.613947008262877,4.620846665373099,4.97816318235331,7.0909098220799835,7.369920349968776
2.83195007588063,4.926673806915383,0.0,4.926673806915383,0.0,7.824445930877619,4.891719902566882
0.0,4.951592753462473,0.0,4.951592753462473,0.0,7.696667081526462,4.83622444498311
5.921969388781828,6.467714253934107,0.0,6.467714253934107,0.0,7.313886831633462,4.8359496057137905
4.878888350300238,7.265408744012912,7.265408744012912,0.0,0.0,8.853808274977197,7.276133098061862
8.543942976137274,7.82538111920237,6.507277712385012,7.5144400227662915,0.0,8.699681400989514,6.271242530007413
6.851551254038774,5.278114659230517,0.0,5.278114659230517,4.8489996057986575,6.90875477931522,6.398431598401246
7.221312804680183,6.297716870144554,5.638497007957572,5.57325608628995,7.491009571518023,7.313886831633462,6.973616124525806
7.258341219910771,4.071758063549305,4.071758063549305,0.0,4.160219876952838,7.313886831633462,5.6885520990680964
5.968905762848275,7.053585727193677,7.053585727193677,0.0,0.0,9.259225769705994,7.44159654454524
0.0,3.654546775033431,0.0,3.654546775033431,0.0,7.313886831633462,0.0
2.931996203699585,0.0,0.0,0.0,4.731596806888155,7.696667081526462,5.3036126666666865
4.408795079038759,6.441743671005939,0.0,6.441743671005939,0.0,7.824445930877619,6.101755115310955
7.229194066746319,0.0,0.0,0.0,5.267844715673997,7.824445930877619,7.891642132889388
4.713381137291524,6.438902986693569,0.0,6.438902986693569,0.0,6.90875477931522,6.206511749262372
6.078767291437692,0.0,0.0,0.0,4.087079317463327,6.2166061010848646,5.3987780551353
6.518809474250608,5.879974171074619,5.879974171074619,0.0,7.101996059595047,7.0909098220799835,7.6225404158069
7.154052605630108,2.772588722239781,2.772588722239781,0.0,0.0,7.313886831633462,5.621218390148621
4.723306154911757,7.219539545859344,0.0,7.219539545859344,0.0,8.294299608857235,7.3141847173077545
2.682231754999055,5.983936280687191,0.0,5.983936280687191,0.0,8.006700845440367,5.974402848083598
7.984938897242222,0.0,0.0,0.0,5.842657722584728,8.006700845440367,6.857172505798812
3.497403493332972,5.810542011227735,0.0,5.810542011227735,0.0,8.294299608857235,6.186672039140808
2.5432206040671943,4.704472387061954,0.0,4.704472387061954,0.0,7.824445930877619,5.015580950816375
4.3049421679211255,5.405016985207093,0.0,5.405016985207093,0.0,7.313886831633462,5.351924861107548
5.5741601820109405,5.4637470556717735,0.0,5.4637470556717735,0.0,7.438971592395862,4.567729862999245
7.913032180192664,0.0,0.0,0.0,8.652764311855881,8.987321812850125,6.355989290843234
6.913181842516863,6.275364476264302,3.6635616461296463,6.201158050697788,0.0,6.90875477931522,6.6051823919475146
5.08356264911957,0.0,0.0,0.0,3.636087168378959,6.2166061010848646,6.0127077906298885
6.650289793678464,0.0,0.0,0.0,7.265133450698245,7.313886831633462,6.889882613171607
0.0,5.607858773352711,0.0,5.607858773352711,0.0,7.601402334583733,5.647916446502456
7.3792536811230205,5.25227342804663,5.25227342804663,0.0,2.9774949295624626,7.313886831633462,5.212963090353629
8.114886554582077,7.222347016740776,7.170888478512505,4.244200317766478,7.374834406037032,8.922791623969637,9.17115220432529
7.187389529664595,0.0,0.0,0.0,4.53174567714318,7.313886831633462,5.763258722834158
6.985144481221995,5.966685055743759,3.9318256327243257,5.829563074003591,5.255634548018187,7.0909098220799835,6.575086267323504
7.559505158940015,5.656236536116929,5.656236536116929,0.0,8.713723141229783,8.006700845440367,8.647112592420907
6.770562522021904,5.860786223465865,0.0,5.860786223465865,0.0,7.0909098220799835,5.366046040607386
5.41963008996533,5.487862768431311,0.0,5.487862768431311,0.0,6.90875477931522,5.922385712997778
2.283355381550233,4.74493212836325,0.0,4.74493212836325,0.0,8.294299608857235,5.085291390764191
3.773282985712111,6.174827228410347,0.0,6.174827228410347,0.0,6.90875477931522,6.373855175242766
6.34509393655016,4.650908077661946,4.650908077661946,0.0,6.12261044294618,8.922791623969637,7.350439247873499
4.634629371617581,6.953722414534273,6.953722414534273,0.0,0.0,6.90875477931522,7.039362477281585
6.427290790841967,6.258892890532495,0.0,6.258892890532495,0.0,7.313886831633462,5.601821403961947
4.786810944424759,7.049810242547537,5.902633333401366,6.669041132676969,0.0,7.601402334583733,6.793788852921723
6.840469845065105,0.0,0.0,0.0,6.348647520977653,7.601402334583733,6.215094086310945
7.464410172936941,7.3969915201549785,0.0,7.3969915201549785,0.0,7.313886831633462,6.979039496662554
1.1444084514756543,5.480305534440753,0.0,5.480305534440753,0.0,7.824445930877619,5.23256984820111
2.9944229667858493,4.499365127091115,0.0,4.499365127091115,0.0,7.313886831633462,6.716113645691006
2.146441678990236,4.494908791730554,0.0,4.494908791730554,0.0,7.313886831633462,4.246424986262206
6.910187843895583,0.0,0.0,0.0,7.002421164000418,7.0909098220799835,5.16803602962333
6.480902874452643,6.397845902000499,6.397845902000499,0.0,0.0,7.496097345175956,5.301842949370799
4.588023935596657,6.0606873921489886,0.0,6.0606873921489886,0.0,7.824445930877619,6.325751812703312
6.056428090410835,0.0,0.0,0.0,6.549442232657428,6.2166061010848646,5.7949241692948785
5.519964346557854,7.877112731792985,7.877112731792985,0.0,0.0,8.517393171418904,7.794043405916898
7.624280479653786,7.572189149771024,7.383958401595643,5.812457491281857,7.306337392873223,8.294299608857235,7.245635539586462
5.836971733759725,0.0,0.0,0.0,7.857574290888114,8.006700845440367,7.561581569571271
7.632936938454997,0.0,0.0,0.0,7.312263483403968,8.006700845440367,6.30060661530883
7.028762598156413,6.04867157087756,6.04867157087756,0.0,5.018324019942745,7.0909098220799835,5.125176375106861
4.913529672116497,5.407171771460119,0.0,5.407171771460119,0.0,7.438971592395862,5.001569409538462
6.950838756660612,6.3578422665081,0.0,6.3578422665081,3.9095076245084215,6.90875477931522,6.5994319295858475
6.242058187628236,7.495791912639463,6.212104968204073,7.172194312703518,4.349217477497317,7.313886831633462,6.9318470633064715
3.5293230437843106,5.629310333636944,0.0,5.629310333636944,0.0,7.313886831633462,5.273925099349472
7.8925466004990845,0.0,0.0,0.0,7.949292913008281,8.006700845440367,0.0
0.0,4.821087692210561,0.0,4.821087692210561,0.0,8.294299608857235,4.631221426445018
5.368002437076612,6.735316724042131,6.448272115061723,5.351858133476067,0.0,7.0909098220799835,5.456747900434417
7.59568640806713,0.0,0.0,0.0,3.930107687312548,7.601402334583733,6.186437254141209
6.865150319883113,4.214495163352562,0.0,4.214495163352562,7.837048211893746,8.006700845440367,5.284031731027127
3.010813675344464,5.135210028677887,0.0,5.135210028677887,0.0,6.90875477931522,5.847451929273674
7.228555796786868,0.0,0.0,0.0,6.9716320055569865,7.824445930877619,5.843432187545461
7.932014139374636,7.293697720601438,6.930230801497307,6.1076240433149245,8.0554610302645,8.853808274977197,6.615864574650434
1.624552115243989,6.3929885659828845,0.0,6.3929885659828845,0.0,7.601402334583733,5.7449216668639504
3.6631268080115102,5.494048610251909,0.0,5.494048610251909,0.0,7.601402334583733,6.497404320019763
0.0,5.03226631422255,0.0,5.03226631422255,0.0,8.294299608857235,0.0
1.795165827662728,4.61561544384963,0.0,4.61561544384963,0.0,8.294299608857235,5.8895074249971096
5.429964660998774,7.865187954187467,0.0,7.865187954187467,0.0,8.071218539969863,7.828728174002811
8.181397238983314,6.22455842927536,6.22455842927536,0.0,0.0,8.160803920954665,6.549512898685184
7.073405214211815,6.631804129406055,5.630674002835563,6.175867270105761,0.0,7.0909098220799835,6.9462311080473675
3.7118785359292676,5.993836731253038,5.675280114183489,4.703928958011355,0.0,7.0909098220799835,0.0
7.041329019959956,2.2407096892759584,2.2407096892759584,0.0,4.0167329054815335,7.0909098220799835,5.673781450849112
6.657677022183473,5.574432802628352,0.0,5.574432802628352,0.0,6.90875477931522,4.886986118736954
3.0860575950254954,4.709530201312334,0.0,4.709530201312334,0.0,6.90875477931522,4.055524849990535
7.984493699074032,0.0,0.0,0.0,7.905093588494235,8.006700845440367,6.062546260112338
7.128219097417227,6.441839283964755,6.441839283964755,0.0,7.414142197655824,7.824445930877619,5.524947743813032
3.507649291532591,5.791335371664062,4.343805421853684,5.527244162617974,0.0,6.90875477931522,5.500121617929212
1.0462363031187936,6.405757243818826,0.0,6.405757243818826,0.0,7.313886831633462,6.325673835907367
5.976088087961402,6.111467339502679,6.111467339502679,0.0,6.2503568624834145,6.2166061010848646,6.646499203746072
6.465082457276899,7.00357442015274,0.0,7.00357442015274,0.0,8.294299608857235,5.792064774237019
3.7371411929770195,6.2224175253136735,0.0,6.2224175253136735,0.0,8.294299608857235,6.61914315550028
4.8076705003127715,7.135257318273299,6.815047709447627,5.84354441703136,0.0,6.90875477931522,7.127483291177839
2.8435521841707136,4.570061008874523,0.0,4.570061008874523,0.0,6.90875477931522,4.926978023977747
5.561518507659639,7.953423789155822,6.301336101932016,7.741099090035366,0.0,7.824445930877619,7.913806348555499
7.213016711307517,3.959097412814075,0.0,3.959097412814075,8.075547346779988,8.160803920954665,5.955473914822157
2.4218775666532637,4.957515771765594,0.0,4.957515771765594,0.0,8.006700845440367,4.811341357873427
4.9098589218458075,6.4768185049003035,6.4768185049003035,0.0,5.692571907071535,7.0909098220799835,6.151929874657972
2.7583507795769964,5.081404364984463,0.0,5.081404364984463,0.0,7.496097345175956,5.934986995546345
3.206490279686067,5.115415641489016,5.115415641489016,0.0,0.0,8.160803920954665,6.133844307830846
3.183314095860443,5.370405442942291,0.0,5.370405442942291,0.0,7.601402334583733,5.705485064427306
6.7905545864810595,5.854211953681605,0.0,5.854211953681605,0.0,6.90875477931522,5.7100000520659675
6.659998380467222,6.024778426137916,0.0,6.024778426137916,5.371720576844023,8.294299608857235,7.49242393516556
8.095593273009797,0.0,0.0,0.0,8.39673850465116,8.412054873292933,8.245672261349972
7.213610058484426,0.0,0.0,0.0,7.242956643387248,7.824445930877619,6.136869182980278
7.17228111403328,0.0,0.0,0.0,4.632462985891268,7.244941546337007,5.997421268066589
7.527773158026293,0.0,0.0,0.0,6.914027623635752,7.824445930877619,5.668022998106495
4.884997079646988,5.887325507366836,0.0,5.887325507366836,0.0,7.313886831633462,5.6787295785881975
6.82192445141519,5.512702676188347,0.0,5.512702676188347,6.831900606234732,7.0909098220799835,7.2534594286259475
4.108102601540224,6.27979640840126,0.0,6.27979640840126,3.6969837008137354,8.699681400989514,6.467583534687469
2.614361306304785,5.119908146573998,0.0,5.119908146573998,0.0,7.824445930877619,6.042754054363361
7.454161474001218,6.972278174997637,6.972278174997637,0.0,8.00836137269932,8.006700845440367,8.667107905107772
7.266605121014467,7.558537608764313,6.48859684374197,7.139216145336384,5.20591286367278,7.496097345175956,7.394291860172422
3.6867740893881633,6.336825731146441,0.0,6.336825731146441,0.0,7.601402334583733,6.314449451483528
6.862951151701786,6.214528095222021,0.0,6.214528095222021,0.0,6.90875477931522,6.640665120950297
7.452827943635538,0.0,0.0,0.0,6.951064734324946,7.696667081526462,6.0620275975518325
4.01223153235423,7.636713520277701,7.636713520277701,0.0,0.0,9.105090961257085,7.124906314988265
6.853081464438023,5.5385539952884235,5.5385539952884235,0.0,5.032250617335263,6.90875477931522,6.518404540195168
4.918834392897958,7.01427512235981,7.01427512235981,0.0,0.0,6.957497370876951,8.324233375672833
6.836964098649518,5.707276363910457,0.0,5.707276363910457,0.0,7.0909098220799835,6.242348074786779
3.09927921067197,6.070044647230839,5.028475212224587,5.638354669333745,0.0,8.006700845440367,6.385592685607001
3.4964440442977924,0.0,0.0,0.0,4.925483488849041,6.2166061010848646,0.0
7.135854434979003,0.0,0.0,0.0,8.25167357405459,7.601402334583733,7.935321986867813
7.423258028921132,0.0,0.0,0.0,7.7272548372818814,7.824445930877619,5.8140585232623625
8.131612793705932,0.0,0.0,0.0,7.878885778267516,8.853808274977197,6.637991979440857
7.252830718836783,5.602118820879701,0.0,5.602118820879701,6.568763238319588,7.313886831633462,7.155029060389078
5.426299155443517,0.0,0.0,0.0,6.671064959392163,7.0909098220799835,5.224138095698777
7.0737892799213835,0.0,0.0,0.0,4.312540949810078,7.0909098220799835,5.86774084432937
3.7933735595467977,6.256996864913979,4.727387818712341,6.015303136587824,0.0,7.601402334583733,6.247580328478939
7.42196668032893,0.0,0.0,0.0,6.8789697505273395,7.601402334583733,6.0814875196878
7.0853511765833845,5.74444445637509,5.011634794429339,5.095588999976419,7.0905200508751,7.824445930877619,6.451333062601116
7.817923136660935,0.0,0.0,0.0,7.981010887115557,8.160803920954665,5.747713739182731
7.591409356789214,6.8320182883903815,6.6909168088025215,4.812184355372417,7.901568649082065,8.294299608857235,6.606280362416425
7.601781596987489,6.688068247016164,6.688068247016164,0.0,0.0,8.006700845440367,6.289936565040871
7.822546907762531,4.509760001183433,4.509760001183433,0.0,8.57383682326756,8.699681400989514,6.368769781617484
8.88408318997759,0.0,0.0,0.0,8.892434979130234,8.922791623969637,6.697255449125564
2.2068695810537484,6.246106765481563,0.0,6.246106765481563,0.0,8.006700845440367,5.9926048167533805
3.46832701172573,4.934761661517082,0.0,4.934761661517082,0.0,7.901377353792616,4.191678994873804
7.1526536973983825,4.2017030805426,4.2017030805426,0.0,8.394750682379206,7.824445930877619,8.170192987034977
5.223468058134019,6.014594964496837,0.0,6.014594964496837,0.0,6.90875477931522,5.689973781989073
1.88804235761614,4.74493212836325,4.74493212836325,0.0,0.0,8.294299608857235,6.0771909970573255
1.9824621945905583,3.58351893845611,3.58351893845611,0.0,2.959070519470369,6.90875477931522,4.712398686874654
1.2998016677724586,0.0,0.0,0.0,4.530979504260181,7.0909098220799835,5.66788866388756
4.915279130568029,7.373732061351931,7.032668390680934,6.134525389948634,0.0,5.707110264748875,7.553958825336369
6.255894463185894,0.0,0.0,0.0,7.700969732777607,7.601402334583733,8.091780051619187
6.944320894519674,5.9050893313612365,0.0,5.9050893313612365,0.0,6.90875477931522,6.545713604156303
6.999587312496922,6.131226489483141,6.131226489483141,0.0,7.587533046894646,8.006700845440367,6.693230407415714
6.904072130510485,4.855851080295389,4.51852237926242,3.6320445173613978,2.955148636041114,6.90875477931522,6.131099614043488
6.1605552884925165,7.350721674159467,7.1098794630722715,5.81209861813966,6.9889488862704106,7.313886831633462,7.272917423822241
7.014014700103362,6.413049037096029,6.148104982063913,4.962285033155209,0.0,7.0909098220799835,5.9232400999502755
5.403200794417581,4.774912960575186,0.0,4.774912960575186,5.60865917205591,7.0909098220799835,6.44441695356406
5.961425261752912,5.601860484930817,5.601860484930817,0.0,7.517127440618775,8.294299608857235,8.653351747298275
5.1406147318244955,7.364623008834732,4.912654885736052,7.275255418493026,0.0,6.90875477931522,7.112020314421648
0.0,4.925150024739034,0.0,4.925150024739034,0.0,8.006700845440367,5.745159444749021
3.871128820802248,0.0,0.0,0.0,7.771354415090355,8.160803920954665,8.644842521831599
7.604622012918722,5.398026945697014,0.0,5.398026945697014,5.736356632289643,7.601402334583733,6.274701725638884
2.7362456796181376,5.303304908059076,0.0,5.303304908059076,0.0,8.006700845440367,5.677515905629346
2.2869026640113392,4.767969076293182,0.0,4.767969076293182,0.0,8.006700845440367,6.520595940201733
5.249649753618895,7.4977228972089724,6.702635813512178,6.898088707865367,5.560506988843394,6.90875477931522,7.150559501634904
4.771209266477991,5.043425116919247,0.0,5.043425116919247,0.0,7.313886831633462,5.698267025826611
3.762485452085411,6.653340334779825,0.0,6.653340334779825,0.0,8.006700845440367,6.501224124848774
5.589192386114544,7.409814590668004,6.813938982777852,6.610251800699333,0.0,7.601402334583733,7.002670891864262
3.7468250788553945,5.275918371604558,5.275918371604558,0.0,0.0,7.696667081526462,6.155773396867295
4.99820306655058,5.879638731925725,0.0,5.879638731925725,0.0,7.901377353792616,5.956532034864694
6.638866279954026,0.0,0.0,0.0,7.575108591079496,7.0909098220799835,7.110488098894338
7.382669292533516,7.530737472824953,7.172424577124845,6.3323555778909055,0.0,8.77971129020447,6.550580410101753
5.133447516978388,7.575958940477314,7.126448944222716,6.561426627097549,7.926335496003481,7.601402334583733,8.456877956809643
7.196611598735623,5.879890321835502,3.8426729272933526,5.8121584392744845,7.0110506557077015,8.160803920954665,7.092772845772959
3.7524220497948466,4.634728988229636,4.634728988229636,0.0,0.0,6.90875477931522,5.631288549483972
6.929844071402388,5.707110264748875,0.0,5.707110264748875,0.0,6.90875477931522,6.249195585123978
6.954804120309526,6.111467339502679,0.0,6.111467339502679,0.0,6.90875477931522,6.2239613025158045
7.512528888642005,0.0,0.0,0.0,6.750616922323243,7.601402334583733,5.951769552701126
6.651116631739985,0.0,0.0,0.0,6.878708599183506,7.824445930877619,4.84310111905663
4.747518797439727,6.903285303510685,5.523618588416046,6.61472560020376,0.0,6.90875477931522,7.003582523267398
2.5679567537853596,4.61512051684126,0.0,4.61512051684126,0.0,8.006700845440367,6.010945789432211
0.0,3.979681653901961,0.0,3.979681653901961,0.0,8.006700845440367,4.069142935522692
6.667209324153618,7.0970690001865435,7.0970690001865435,0.0,0.0,7.0909098220799835,5.927542206758698
6.964126122770193,0.0,0.0,0.0,7.236497210782091,7.601402334583733,6.7275602136018104
0.36275591728598466,2.066862759472976,2.066862759472976,0.0,0.0,9.04793908261736,1.7090216747351301
6.604993468653313,4.690797271955528,4.690797271955528,0.0,7.909989713484442,7.313886831633462,7.303672619877517
5.397030164512154,7.097863110576525,0.0,7.097863110576525,0.0,6.90875477931522,7.136550801373425
7.035744492188074,7.04705624555906,7.033144866883786,2.826129489167811,0.0,7.280008252884188,6.994105019138383
5.514001453104793,5.5053315359323625,5.5053315359323625,0.0,0.0,6.2166061010848646,0.0
7.040250626972716,6.0863882886182825,0.0,6.0863882886182825,6.449415325440999,7.496097345175956,6.69538366521679
7.898455247054016,6.389737184634642,6.389737184634642,0.0,5.8502861073489285,8.160803920954665,8.344913012974066
3.0104247091708483,5.351858133476067,0.0,5.351858133476067,0.0,6.90875477931522,5.695325669804286
3.13817167182123,5.346154695962197,0.0,5.346154695962197,0.0,6.90875477931522,5.328415135171589
6.02117525771378,0.0,0.0,0.0,6.896815043244759,6.2166061010848646,6.935682330253542
7.596634759852741,4.02535169073515,4.02535169073515,0.0,8.667064799862217,8.160803920954665,8.061964266462674
5.149831029829872,6.62870253322841,0.0,6.62870253322841,0.0,7.901377353792616,6.741532651017575
6.883206259506781,0.0,0.0,0.0,6.907652032652418,7.0909098220799835,7.1512547507721305
7.271387935007488,0.0,0.0,0.0,5.0468330516943665,8.006700845440367,6.008946468943247
6.20242916740343,0.0,0.0,0.0,7.51074937528166,7.824445930877619,7.424321348815087
6.632157376620141,6.731543022352359,0.0,6.731543022352359,0.0,6.90875477931522,7.696209157976711
6.180075328949777,4.677211738853062,0.0,4.677211738853062,0.0,7.824445930877619,5.2212561709966225
6.040782786107068,0.0,0.0,0.0,7.019500798350172,7.0909098220799835,5.2114702487943925
0.20585251932031964,4.110873864173311,4.110873864173311,0.0,0.0,7.313886831633462,6.086181328158814
4.062454967960647,3.3600281046240843,3.3600281046240843,0.0,5.945868531834196,8.412054873292933,7.10411610409954
4.130541799017321,5.64130405227947,0.0,5.64130405227947,0.0,7.313886831633462,5.2595067488941
8.39785943516394,8.700664087466713,8.672379905802874,5.127054437110816,6.343831007597303,9.259225769705994,7.409394009778085
6.684294343556918,5.456004642383631,0.0,5.456004642383631,6.659751918632259,7.313886831633462,7.439789444224826
8.64112084352447,6.609200984199126,0.0,6.609200984199126,8.433876067354513,9.305741456739435,7.192495205313547
7.0086677592818045,5.303304908059076,5.303304908059076,0.0,0.0,7.0909098220799835,5.7341260627239095
3.072485005958325,5.672566967503279,0.0,5.672566967503279,0.0,7.901377353792616,5.839012464680339
6.078829767321047,3.340030946424668,3.340030946424668,0.0,0.0,6.2166061010848646,5.084733234294896
2.5170150308048345,5.310838647101709,0.0,5.310838647101709,0.0,8.294299608857235,5.353958963102058
6.965766269886061,5.2574953720277815,5.2574953720277815,0.0,7.4029577128034125,7.601402334583733,5.147750263864598
7.913423140145876,5.9294561558240355,5.9294561558240355,0.0,8.293965913597061,8.517393171418904,7.629089942829227
3.135482607166116,5.842819516673411,0.0,5.842819516673411,0.0,8.294299608857235,5.82311205897464
5.181736773917189,6.639496676988346,6.639496676988346,0.0,0.0,7.0909098220799835,5.754467350661486
2.573254848111465,0.0,0.0,0.0,6.4409140919405985,6.90875477931522,6.523596872365603
8.175920804726312,6.443829144296428,4.875197323201151,6.2122252617203975,8.489797991865444,8.517393171418904,6.793756970327454
3.952960321298639,4.954064942607862,0.0,4.954064942607862,0.0,6.90875477931522,5.852892101126401
5.093299455064383,7.264611206542345,7.264611206542345,0.0,0.0,9.546884034617925,0.0
2.2244373720318458,0.0,0.0,0.0,4.329489764735104,8.294299608857235,5.782388671041275
6.244501640748527,3.8426729272933526,3.8426729272933526,0.0,0.0,6.90875477931522,4.653444579075245
6.004667419342642,5.176149732573829,0.0,5.176149732573829,0.0,6.90875477931522,5.066667444680522
4.181623227098251,5.303404405596594,0.0,5.303404405596594,0.0,7.0909098220799835,6.094324194199268
4.137224948799117,6.127545811045741,0.0,6.127545811045741,0.0,7.313886831633462,5.900594157333703
6.285862247293223,0.0,0.0,0.0,6.3349790128521,7.0909098220799835,6.396803972318382
6.539848216022091,6.088863453095115,0.0,6.088863453095115,0.0,6.90875477931522,5.099839366482434
7.670913730484227,0.0,0.0,0.0,9.555946951743355,8.160803920954665,9.439292195372623
5.05175286093071,6.109647502785692,5.3706380281276624,5.464594226173135,0.0,7.496097345175956,5.79639214773601
6.2867893177220555,8.102589452936918,7.793347599506888,6.779455889811979,0.0,7.601402334583733,8.069861071071958
8.253087020069469,5.443369638247176,0.0,5.443369638247176,8.247343248195394,8.294299608857235,6.401300967095706
3.0503397699020307,5.365134539585354,0.0,5.365134539585354,0.0,7.824445930877619,5.271513295647644
6.777293786531294,0.0,0.0,0.0,6.994585141415663,6.90875477931522,7.234723609073728
6.676263349228548,0.0,0.0,0.0,7.493360548592849,7.601402334583733,5.396364855591615
2.5719123670393915,0.0,0.0,0.0,3.6928363403040927,6.90875477931522,3.9409289732604487
4.045472194674064,6.320948134193518,4.727387818712341,6.0960497622980565,0.0,7.901377353792616,6.27064268400366
3.7941006300644364,5.273512247629066,0.0,5.273512247629066,0.0,8.006700845440367,4.8225606198127435
4.105985311697122,6.515719591185634,0.0,6.515719591185634,0.0,6.90875477931522,6.699265205376804
4.5602197959414195,6.705639094860003,0.0,6.705639094860003,0.0,7.824445930877619,6.5439909014326005
3.153925955138397,5.833347679010845,4.787491742782046,5.404927101606295,0.0,7.824445930877619,6.025928742386728
5.9601970233329435,0.0,0.0,0.0,5.675357032719163,6.2166061010848646,6.427780633565294
7.673318542615444,0.0,0.0,0.0,7.016894767020979,8.006700845440367,8.080602781970246
4.189591436992401,6.311734809152915,0.0,6.311734809152915,0.0,7.824445930877619,6.219917798979706
5.2552568423470545,6.432361147047411,5.393627546352362,5.998042862468105,0.0,7.824445930877619,6.023761984212889
6.878942421704457,0.0,0.0,0.0,7.231701763455109,7.438971592395862,6.515530270637166
3.257791068293432,5.681877639268151,5.681877639268151,0.0,0.0,7.601402334583733,5.737521134287916
5.95315424460513,8.175671427362898,8.175671427362898,0.0,0.0,9.259225769705994,8.145345020364855
6.913675064425703,5.020255537473246,3.9390543444791764,4.615912282519994,7.5457320044608975,8.517393171418904,6.0777879483298785
8.229424937917644,6.875748482847051,5.3867860145356445,6.621405651764134,8.39419948843135,8.294299608857235,7.619305214336545
5.805466248374739,8.247220052745229,0.0,8.247220052745229,0.0,7.762596048540069,8.081791980629669
1.3702122341710339,3.730501128804756,3.730501128804756,0.0,0.0,8.160803920954665,3.4095182668776607
4.660546575187102,6.664715095953471,0.0,6.664715095953471,0.0,7.901377353792616,6.600366883476774
3.467984373094759,5.462050558530638,0.0,5.462050558530638,0.0,7.601402334583733,5.418879669793105
4.70056338961857,6.620313177734963,0.0,6.620313177734963,0.0,6.90875477931522,6.828309779694168
5.958024336411977,0.0,0.0,0.0,7.782708620208934,7.824445930877619,0.0
7.098401721721693,4.6531028397433944,4.6531028397433944,0.0,8.684708093732791,7.824445930877619,8.683564932982446
7.951193836553335,6.8015054791394265,6.8015054791394265,0.0,6.866164353493556,8.517393171418904,6.464872459575536
7.565311519066191,0.0,0.0,0.0,6.882260703580536,7.824445930877619,6.6682470271483245
5.785299061789433,0.0,0.0,0.0,7.054337965367038,7.824445930877619,0.0
6.393898479173619,6.249975242259483,0.0,6.249975242259483,7.802968358028415,7.313886831633462,7.659567652813971
6.150650534896062,6.194262523756762,5.468608513958018,5.536546555280287,4.891453262801664,6.90875477931522,6.584742800044907
5.41530163438544,7.071335644956851,6.769423812987611,5.7298075324803515,4.597336351475546,5.707110264748875,6.980288695602223
7.922296433362062,7.3356600572065345,5.953347224994854,7.047517221357296,6.533484774268812,8.006700845440367,6.644897861134504
3.8186071562460673,6.103944658191983,4.493903373559505,5.88374012852081,0.0,8.294299608857235,6.600978922779642
7.252698520119407,6.550908891776419,0.0,6.550908891776419,6.856301990743622,7.0909098220799835,4.389227967720281
5.396846582419179,6.376114515502226,0.0,6.376114515502226,0.0,6.90875477931522,5.06221415670532
7.6386176977287015,0.0,0.0,0.0,6.905030707706404,7.824445930877619,6.180554684871252
4.454217578538203,5.638354669333745,5.638354669333745,0.0,0.0,7.824445930877619,5.92703942754021
3.9017127974269643,5.571431337636887,0.0,5.571431337636887,0.0,6.90875477931522,5.448784051649282
7.114132960485167,6.7303018535850425,0.0,6.7303018535850425,5.948462735804118,7.244941546337007,7.060220832066232
7.069235566628159,5.457626149032919,5.457626149032919,0.0,7.4177153272457135,7.601402334583733,5.230148851614406
6.89984401731367,0.0,0.0,0.0,7.202248866552979,7.313886831633462,5.326835856007176
7.041676363666845,0.0,0.0,0.0,5.17572417310969,7.0909098220799835,6.120642592338795
6.963941691915556,0.0,0.0,0.0,8.099409844979494,8.006700845440367,7.935924414656143
8.367247111357724,0.0,0.0,0.0,8.67870031624226,8.699681400989514,5.953347991148727
5.637685238909497,5.993712019648461,0.0,5.993712019648461,0.0,6.90875477931522,6.290931586364467
4.018153020945,6.725849635684172,0.0,6.725849635684172,0.0,7.601402334583733,6.700437587999791
7.751261557541905,4.204692619390966,4.204692619390966,0.0,7.468163384379736,8.006700845440367,6.4985342652829345
6.906535578449769,0.0,0.0,0.0,4.052707079031327,7.0909098220799835,6.593927646823346
4.581884046101118,6.959664383719566,0.0,6.959664383719566,0.0,7.601402334583733,6.836471362196856
3.6895404855844847,5.074923783978618,0.0,5.074923783978618,0.0,7.313886831633462,4.774510322565355
4.2902095469137285,6.132291139932975,0.0,6.132291139932975,0.0,6.90875477931522,5.985420971439103
7.839266288146149,7.735022428921319,7.31979207947333,6.656945009306207,6.647674097196831,8.294299608857235,6.256540055905578
2.7514334567909473,4.699115798830619,4.699115798830619,0.0,0.0,6.90875477931522,5.143864792822067
4.205405797854559,6.515704791170833,6.515704791170833,0.0,0.0,6.398594934535208,6.289814310004448
5.252778373838472,6.333261865992601,0.0,6.333261865992601,0.0,6.90875477931522,5.923879785554462
8.126081595814068,6.920977479151259,6.920977479151259,0.0,8.100393917940444,8.294299608857235,6.572576382036482
5.439264045975457,0.0,0.0,0.0,6.624017055324877,7.0909098220799835,2.622720609119049
7.813662527798251,0.0,0.0,0.0,7.28849167598172,8.006700845440367,6.557851700372537
3.3187413587289405,5.29931686688112,0.0,5.29931686688112,0.0,7.901377353792616,5.186690547444863
3.0037812435101636,6.460029642159371,0.0,6.460029642159371,0.0,7.824445930877619,6.462732312933774
7.72881506367298,0.0,0.0,0.0,7.134413717038176,7.824445930877619,7.215237889022032
7.587830057803625,0.0,0.0,0.0,7.606179572556083,7.601402334583733,5.788024276856259
3.4025317576530583,5.672050980494704,0.0,5.672050980494704,0.0,6.90875477931522,5.498904692171383
6.841660579092933,6.90875477931522,6.90875477931522,0.0,0.0,7.0909098220799835,5.323553840974842
6.762523337703586,4.989139233751369,0.0,4.989139233751369,5.757799977848449,6.90875477931522,6.256837319933928
7.663800268415851,0.0,0.0,0.0,7.8140534070736365,8.517393171418904,6.798066935104597
7.170140640150168,6.596395079175779,4.32055008757213,6.489539221948539,7.94612704416277,7.313886831633462,7.739785739919868
7.634223355353105,6.04528963380289,6.04528963380289,0.0,7.649964382019975,7.824445930877619,6.554727826280612
8.701165805131943,0.0,0.0,0.0,9.024669630800297,9.105090961257085,7.154850576903522
7.2595919838956595,7.22992573089249,6.043914672108901,6.866495688730835,5.849626284921943,7.313886831633462,7.272703929222303
7.174471376626354,6.84582668235997,6.7345322051734415,4.605170185988092,6.57820076743077,8.699681400989514,5.987857612433084
3.7659394718332027,6.487272975113748,5.29023479035468,6.129790676588269,0.0,6.2166061010848646,6.131582682560593
6.043459299666215,8.290854541205487,6.726521130745137,8.056426767522984,0.0,7.313886831633462,8.039486714304708
6.457649144689365,5.316991906812845,5.207352731173943,3.098288861879083,7.047142531169694,7.313886831633462,4.351226505679977
7.882029839103578,0.0,0.0,0.0,9.255311648706599,8.294299608857235,9.192128682491044
5.169971102167451,0.0,0.0,0.0,6.582253243068997,7.313886831633462,5.406523458211479
6.925125391287657,3.8066624897703196,3.8066624897703196,0.0,6.975834481066959,7.0909098220799835,4.025059308709976
7.6406627242266385,0.0,0.0,0.0,8.011658614011136,8.006700845440367,6.482125159784717
5.670640279424011,0.0,0.0,0.0,6.9564200371933325,7.0909098220799835,4.09684495031146
6.984815091166171,0.0,0.0,0.0,5.9699472362818735,7.0909098220799835,6.316389584989469
2.111195989977885,4.060443010546419,4.060443010546419,0.0,0.0,7.313886831633462,5.68927575584844
6.002185177738737,5.342334251964811,5.342334251964811,0.0,6.085737079651638,8.294299608857235,3.7031933448365177
2.79790589584887,3.9516282600205055,3.9516282600205055,0.0,0.0,8.294299608857235,4.2946952519424215
6.999387730590772,6.213026848905861,0.0,6.213026848905861,7.08153769503394,7.0909098220799835,6.134196348994457
5.542282707988452,7.689700572700881,0.0,7.689700572700881,0.0,8.294299608857235,7.5444894448819495
4.713794591358136,7.166590245876198,5.600272098286537,6.933345049981133,0.0,7.824445930877619,7.244731111634723
2.928476624365055,0.0,0.0,0.0,3.4151532440087724,7.601402334583733,5.188995147027763
4.357958852773651,5.4579671840775745,3.2816628129669656,5.342334251964811,5.643084119079833,6.90875477931522,6.53806341853338
0.0,3.702289141023854,0.0,3.702289141023854,0.0,8.006700845440367,5.204086579489707
6.656996764009933,6.435364803483858,0.0,6.435364803483858,7.235943013686397,6.90875477931522,6.997048700709167
3.2899006146103495,5.629633476019879,0.0,5.629633476019879,0.0,6.90875477931522,5.617319307372168
5.0232029492412105,0.0,0.0,0.0,6.80436258256407,7.824445930877619,0.0
5.26403534595151,4.466252886801422,4.466252886801422,0.0,6.905879003878364,7.0909098220799835,0.0
2.4945172364660047,5.3815549651180925,0.0,5.3815549651180925,0.0,6.90875477931522,5.302545858860078
6.687966999941103,5.789715492647929,0.0,5.789715492647929,0.0,6.90875477931522,6.185777382781259
4.666581171480727,5.726847747587197,5.726847747587197,0.0,0.0,8.699681400989514,4.634602057844218
3.5247367069375546,5.230038525794742,0.0,5.230038525794742,0.0,6.90875477931522,4.63294674077557
5.2666548941933105,4.02535169073515,4.02535169073515,0.0,6.124473865663051,7.601402334583733,5.468091098461856
4.001579189979882,6.760959154655469,0.0,6.760959154655469,0.0,7.824445930877619,6.916083042699775
5.441345347867649,4.422208424306714,0.0,4.422208424306714,0.0,6.90875477931522,5.321973783936954
5.220398191748412,6.268944757075166,0.0,6.268944757075166,0.0,7.313886831633462,5.986430148261655
6.4414922545429105,6.864471924465779,5.8888779583328805,6.3929885659828845,0.0,8.922791623969637,7.6624459033475745
1.7231888300170803,3.674273301724574,0.0,3.674273301724574,0.0,6.90875477931522,4.327440715013964
6.086639467765201,6.785180782589623,6.732699264099912,3.833628938000134,6.17766143924707,6.90875477931522,6.81524697425724
1.931848459566473,5.510399970502822,0.0,5.510399970502822,0.0,6.90875477931522,5.760784779089488
7.112996242205895,0.0,0.0,0.0,7.450293262671226,7.313886831633462,6.31111264650286
6.186694382443917,0.0,0.0,0.0,7.719163546247186,8.006700845440367,8.172607477090903
3.9405156472896326,6.53134399126471,0.0,6.53134399126471,0.0,6.90875477931522,6.443064264773476
7.347513398913239,5.860558277260183,0.0,5.860558277260183,0.0,7.313886831633462,5.776920163618348
7.0560934238534,4.429625613473161,0.0,4.429625613473161,8.089569354022188,7.824445930877619,8.005698893804379
3.3011474804368564,0.0,0.0,0.0,6.19744769736983,6.90875477931522,7.032692203997853
6.352348442221514,6.094088822672927,5.830826201145169,4.640440800070011,0.0,6.398594934535208,6.0135058872038405
6.902193810646601,7.016842840567592,7.016842840567592,0.0,0.0,7.313886831633462,6.368262303597732
6.781263995105978,4.084294226368599,0.0,4.084294226368599,5.263515309539105,7.601402334583733,4.894059259720668
5.53480783417855,7.81923445385907,0.0,7.81923445385907,0.0,6.111467339502679,7.76149759050054
5.776432368854525,7.814924536406731,6.968963260023252,7.255012010467591,0.0,7.601402334583733,6.817283014570049
5.3766456531335365,6.396979653966188,5.564520407322694,5.82903384901182,0.0,6.90875477931522,5.412157898517756
7.109128273320145,6.621405651764134,0.0,6.621405651764134,7.805122672959859,7.824445930877619,6.31955467681981
7.426307197909933,7.521756433063109,7.521756433063109,0.0,0.0,8.160803920954665,5.8626278258201046
6.485931604146674,6.447305862541213,6.447305862541213,0.0,0.0,7.824445930877619,6.593530748797644
3.1118514813717413,5.2699178920263385,0.0,5.2699178920263385,0.0,7.824445930877619,5.582937099821931
7.566763241694999,6.171074096398463,3.9318256327243257,6.0607573736039315,7.702181521889446,7.824445930877619,6.409214060327487
4.967292820279512,7.409136443920128,0.0,7.409136443920128,0.0,6.90875477931522,7.482188246599668
2.4336908085412285,6.282229363019668,5.686907557431357,5.484796933490655,0.0,6.90875477931522,7.132801342571614
8.25804991379663,0.0,0.0,0.0,7.663038293725212,8.517393171418904,6.427311728509423
7.068921539685839,0.0,0.0,0.0,7.269464969287891,7.313886831633462,5.220022412745853
4.719377449517908,7.009309560111,0.0,7.009309560111,0.0,7.601402334583733,6.913408144389771
4.744993839502556,7.830381896673797,7.830381896673797,0.0,0.0,7.601402334583733,6.888490330810626
3.1850224513422787,5.929589143389895,0.0,5.929589143389895,0.0,7.824445930877619,5.967981657195486
3.732040063940474,0.0,0.0,0.0,7.226884483008382,7.0909098220799835,7.711205196281008
7.855790921626199,0.0,0.0,0.0,8.7745810649336,8.853808274977197,7.256186671122308
3.221190224577837,6.093073032696079,3.929862923556477,5.973504221730989,0.0,7.313886831633462,5.704583547045354
5.971441032918088,7.869783902530146,0.0,7.869783902530146,0.0,7.601402334583733,7.690438816958926
6.992489010271624,0.0,0.0,0.0,7.5588297743800785,8.006700845440367,5.836070834618966
5.728352783832856,7.515072202936889,7.515072202936889,0.0,4.100134518031069,6.55250788703459,7.143104188939306
2.0788623739946064,4.3538843287276014,0.0,4.3538843287276014,0.0,8.294299608857235,5.682921193383596
6.023809195855697,0.0,0.0,0.0,8.30292419251301,8.987321812850125,5.281945516200672
4.54209456229408,7.138470095792665,0.0,7.138470095792665,0.0,6.90875477931522,7.0995864300802305
5.143620762731391,6.3766419102694245,4.283862385886651,6.246939751785455,0.0,6.90875477931522,6.221634026682294
5.968372997631761,6.602601460618316,5.975589197949692,5.841542414360687,6.218653431019659,7.0909098220799835,7.877098091572019
3.749011130923531,5.501094931909374,0.0,5.501094931909374,0.0,8.006700845440367,7.045588818835955
2.705576744629285,4.926673806915383,0.0,4.926673806915383,0.0,6.90875477931522,4.907985582368648
4.129620807462345,6.675406993788242,5.3706380281276624,6.360732366904259,3.036938802131548,6.90875477931522,6.848837338081949
1.8938502451082546,3.8815637979434374,0.0,3.8815637979434374,0.0,8.006700845440367,4.2704533178058295
4.7562648523880515,7.183157258792103,7.01427512235981,5.326224319801044,0.0,6.2166061010848646,7.089708380404748
3.3088669380312847,7.046917041285263,7.046917041285263,0.0,0.0,8.699681400989514,7.058905108186187
5.307810667236254,7.00397413672268,7.00397413672268,0.0,0.0,7.00397413672268,7.572592860096725
5.367068777552419,7.669476576697009,5.116735536089082,7.588915906995903,0.0,7.824445930877619,7.67473682791256
5.893493743481065,6.332711082889495,5.3706380281276624,5.854154596143375,0.0,7.313886831633462,5.536012614492921
4.188256006676314,6.30678610536318,4.875197323201151,6.0361510647303875,0.0,7.824445930877619,6.999586225996618
6.847316253816579,0.0,0.0,0.0,7.623834348822174,8.006700845440367,5.680255291605594
5.951812342075468,7.056227006900694,7.044957426136122,2.6390573296152584,0.0,6.2166061010848646,7.206341146160264
1.2976464639431062,4.642369626977198,0.0,4.642369626977198,0.0,8.294299608857235,5.319243729863382
4.403141341992946,6.526890096242187,6.343792556803018,4.7477108727702015,0.0,8.922791623969637,6.97190803572219
8.464793797526115,5.991464547107982,0.0,5.991464547107982,7.0150366500154835,8.517393171418904,7.138912770326615
6.783983296582073,7.7924892941120705,7.416234151279658,6.6340813001182,0.0,8.517393171418904,7.600063654843764
6.966976795494782,0.0,0.0,0.0,4.381669808519001,7.0909098220799835,5.457650835348828
6.968926973715127,5.797181738914751,4.948759890378168,5.243702773274814,7.178179595324391,7.244941546337007,6.322625615124414
6.690294388224252,6.428218351912871,5.350435320810143,6.01461939257447,0.0,7.0909098220799835,5.480241448526008
0.33738539099739223,3.481240089335692,0.0,3.481240089335692,0.0,8.006700845440367,4.8015372413344135
4.0359646379360585,6.175825689199708,6.175825689199708,0.0,6.84970017288088,7.0909098220799835,7.516230173472316
7.212616734413711,0.0,0.0,0.0,6.013433886661427,7.313886831633462,6.467013334444845
2.1808252854518524,4.836281906951478,0.0,4.836281906951478,0.0,7.824445930877619,4.530304097305871
0.0,4.183880527532955,0.0,4.183880527532955,0.0,6.90875477931522,0.0
2.012768477358359,4.138520924554929,0.0,4.138520924554929,0.0,6.90875477931522,5.458579574313746
7.05494050310652,5.799092654460526,3.6375861597263857,5.680172609017068,0.0,7.824445930877619,6.403988386981125
4.529036680749661,6.604824195767617,0.0,6.604824195767617,0.0,7.824445930877619,6.500369048699919
5.721326946394054,5.672463791398774,0.0,5.672463791398774,0.0,7.824445930877619,6.509741672847199
6.134117189988365,0.0,0.0,0.0,7.473509594404109,8.006700845440367,5.881360074436671
6.673063473777984,0.0,0.0,0.0,8.640459642080208,8.006700845440367,8.69129075082389
8.688725180774831,0.0,0.0,0.0,5.715969368543196,8.699681400989514,6.972565074259052
2.991133766609191,4.844187086458591,4.844187086458591,0.0,0.0,6.90875477931522,6.468362362991531
3.499307305190463,6.3526642389181305,0.0,6.3526642389181305,0.0,7.601402334583733,6.329974782384148
4.479482737610015,6.614216087045958,6.148511030047266,5.629777061345705,4.714397794793537,6.90875477931522,6.87902076068522
6.270096372465897,6.149322631723562,0.0,6.149322631723562,6.662349670476951,7.601402334583733,7.766112336391234
2.3714328472853397,4.867072805452385,0.0,4.867072805452385,0.0,8.006700845440367,5.140864313216211
6.938006470593044,7.040720261226582,4.709530201312334,6.939457413712651,7.50279115529921,8.006700845440367,6.044987967914005
6.129630237890307,6.540770225191819,6.120077614575958,5.476128767864105,5.392155440608932,6.90875477931522,5.842093498290984
6.237033463724369,6.235488576001547,6.235488576001547,0.0,6.546966471842869,7.824445930877619,7.205667708917553
4.807177492333255,5.837613822289722,5.662960480135946,4.024637149797281,0.0,6.90875477931522,6.442171979268858
7.059809033511754,0.0,0.0,0.0,7.825507328211801,7.824445930877619,7.985588399993701
8.271964671114404,0.0,0.0,0.0,9.388729483499247,8.853808274977197,8.977131006910911
5.99534313564945,0.0,0.0,0.0,7.055040366186711,8.006700845440367,7.6615128756105575
5.893646967402238,0.0,0.0,0.0,5.746562659469781,6.2166061010848646,6.086748856123116
6.206903554500699,0.0,0.0,0.0,6.730147272734289,6.90875477931522,6.462595937067481
3.156719615770526,5.677712246923017,4.992403432501452,4.983538126211888,0.0,6.90875477931522,6.336321742218452
0.9960212677502227,3.497718948652777,0.0,3.497718948652777,0.0,7.824445930877619,4.786925841023179
6.463825071692537,5.86615639364046,5.86615639364046,0.0,6.9069688628380055,7.0909098220799835,7.549895248965498
3.391050778548847,5.8888779583328805,0.0,5.8888779583328805,0.0,7.601402334583733,5.867470310882906
4.826893561329627,0.0,0.0,0.0,7.394360491173306,7.601402334583733,0.0
1.3480793820464967,4.749789875598035,0.0,4.749789875598035,0.0,6.90875477931522,6.001941783676405
5.317965217161041,5.103214475389349,0.0,5.103214475389349,0.0,7.313886831633462,5.246059264778227
2.293105200467414,4.729950902885397,0.0,4.729950902885397,0.0,6.90875477931522,5.712671166262205
5.092245320576045,5.736572297479192,0.0,5.736572297479192,0.0,6.90875477931522,6.447269201013403
4.944468197771944,5.673323267171493,5.673323267171493,0.0,7.029435535487239,6.90875477931522,8.002773295318779
8.209137269928199,7.843836873377385,7.627042804150354,6.210600077024653,8.366765831588921,8.699681400989514,7.814599037185639
5.952936058511989,5.616807460641794,0.0,5.616807460641794,6.77824039338315,6.2166061010848646,7.103155324119458
8.609834255024298,0.0,0.0,0.0,8.698112120654582,8.699681400989514,7.115122668903573
5.767712160491167,5.708405107141645,4.681112189563248,5.270432163058501,5.1004784417249915,6.90875477931522,4.868105102987066
6.58937157378673,5.448244855530987,0.0,5.448244855530987,6.836100517092092,6.90875477931522,5.521449177793332
3.8036709529159656,0.0,0.0,0.0,6.314955336376806,7.0909098220799835,6.753255628938522
1.8149222944039334,3.9446837876676946,0.0,3.9446837876676946,0.0,8.006700845440367,0.0
4.572671353489976,5.393445711639614,0.0,5.393445711639614,0.0,7.824445930877619,4.800132872628585
1.8915011789193552,4.154498485041848,0.0,4.154498485041848,0.0,7.313886831633462,3.4819496529205143
5.729087455808227,0.0,0.0,0.0,7.2638051343937375,7.824445930877619,5.137801999166777
7.772620707334867,7.1789039244741994,0.0,7.1789039244741994,8.207505747006591,8.006700845440367,8.436966662798666
5.448556354245,6.714085574844582,6.714085574844582,0.0,0.0,7.0909098220799835,4.803305682365224
4.665159340055306,6.669612296534018,6.627340072122261,3.5151211279804695,0.0,7.824445930877619,6.735270436686267
2.3975885894121918,4.48796198508255,0.0,4.48796198508255,0.0,6.90875477931522,5.372692571920353
7.121594445647003,6.478509642208569,6.478509642208569,0.0,0.0,7.313886831633462,6.040689116909623
7.7724614184666505,0.0,0.0,0.0,6.648885001028488,7.824445930877619,6.329964410632279
5.898371469465276,7.586144088566537,7.307336443931327,6.174827228410347,0.0,7.0909098220799835,7.2653484758975315
7.668767755821647,4.237289838207198,4.237289838207198,0.0,8.75207021361634,8.517393171418904,8.014273928841702
5.520421441794144,7.521756433063109,6.577805723350118,7.029840159532374,0.0,6.90875477931522,7.319684706284918
6.454820809610228,5.900417766089615,0.0,5.900417766089615,0.0,6.90875477931522,3.4306644321218185
6.998073490529261,6.359781459580641,0.0,6.359781459580641,0.0,6.957497370876951,6.751575873348255
8.428099058559248,4.189654742026425,4.189654742026425,0.0,8.532282659796207,8.612685172875459,6.489869471867507
5.772564196297037,0.0,0.0,0.0,6.832987522757228,7.0909098220799835,7.619468275734008
4.17965109929766,5.642084360185986,0.0,5.642084360185986,0.0,7.313886831633462,4.4261805441952475
3.72956860781124,5.465102184192863,0.0,5.465102184192863,0.0,6.90875477931522,5.635626681293008
6.8249863812103,8.006700845440367,0.0,8.006700845440367,6.715358086620706,7.601402334583733,8.395589994953362
3.0736386547524033,5.139673273108439,0.0,5.139673273108439,0.0,6.90875477931522,5.263652233763316
7.648478386347418,5.113733252099823,5.113733252099823,0.0,7.766681535457707,7.824445930877619,6.118848464228374
4.4645485511832685,0.0,0.0,0.0,6.44469583815284,8.006700845440367,6.527205722514027
5.166091081899479,8.134048127485022,8.094857573151963,4.882801922586371,0.0,8.006700845440367,8.427238734649247
3.8975987745925407,5.789715492647929,0.0,5.789715492647929,0.0,7.824445930877619,5.854131500201548
6.4022668171948665,6.873163834212518,6.873163834212518,0.0,0.0,7.0909098220799835,5.5597128234114175
3.1775284840444047,5.303304908059076,0.0,5.303304908059076,0.0,7.601402334583733,6.196746342815425
7.42838573648245,7.725056269761726,6.731745759301863,7.2631684271913555,6.665717602558631,8.294299608857235,7.788339997774103
7.624485929944532,7.223091428215734,6.0484118275497325,6.854649817295032,7.505938029609381,7.824445930877619,5.496113300202883
6.7334989906945415,0.0,0.0,0.0,6.414218221312388,7.496097345175956,7.908730707991018
3.3756830415461785,5.771441123130016,0.0,5.771441123130016,0.0,6.90875477931522,6.313970947783675
6.835306284118147,7.392031567514591,7.392031567514591,0.0,0.0,7.496097345175956,5.5984784055533865
2.9017854289857046,4.700480365792417,0.0,4.700480365792417,0.0,6.90875477931522,4.972663103081407
4.295511466370538,6.3784261836515865,0.0,6.3784261836515865,0.0,7.824445930877619,6.361210165885805
8.083332109706173,0.0,0.0,0.0,7.426263177366548,8.294299608857235,7.030501622356753
4.223206605800742,0.0,0.0,0.0,4.5170213623512225,6.2166061010848646,6.896477848131185
5.98680024112571,0.0,0.0,0.0,7.081045457881285,7.0909098220799835,5.45403798480537
7.536161203188449,5.9845909781648094,5.9845909781648094,0.0,7.614034896378929,7.824445930877619,5.870744556882144
0.3307149810991911,3.7916616487569623,0.0,3.7916616487569623,0.0,7.0909098220799835,0.0
1.4795720222113249,4.296468746312235,0.0,4.296468746312235,0.0,6.90875477931522,5.275332087384121
4.029686762860054,6.621405651764134,0.0,6.621405651764134,0.0,7.601402334583733,6.5675487995468655
1.2335344220974973,0.0,0.0,0.0,3.6789883732554527,6.2166061010848646,0.0
0.0,4.802544545408338,0.0,4.802544545408338,0.0,6.90875477931522,5.6205084396410125
3.494450234498701,5.903616456534786,0.0,5.903616456534786,0.0,7.51443638820993,6.713099720146795
3.5765717793981797,7.848933726364071,0.0,7.848933726364071,0.0,7.741099090035366,7.841973916862103
2.741391162343098,5.231856999847767,0.0,5.231856999847767,0.0,7.824445930877619,5.208646417849001
6.019727157714241,6.717804695023691,4.762173934797756,6.566672429803241,6.6220745757874955,6.90875477931522,7.467980826119484
5.670215187797465,8.041445094262944,7.770476443513535,6.604621101971435,0.0,7.170888478512505,7.884991293914239
1.1134171538127844,3.315276319154516,3.315276319154516,0.0,0.0,7.824445930877619,5.056072389038683
2.645044158452749,5.860786223465865,5.860786223465865,0.0,0.0,6.90875477931522,8.27655839858944
6.954812560672862,7.455090251164196,0.0,7.455090251164196,0.0,6.90875477931522,8.174646597223505
5.09032384060059,7.4779492063154045,5.771503426485071,7.278345948520499,0.0,7.601402334583733,7.432168036172978
1.1314904946819655,4.189654742026425,4.189654742026425,0.0,0.0,8.006700845440367,5.646820642669244
7.233766791078631,8.011089733985576,6.830215270276626,7.644828431735466,0.0,8.79497643168877,7.106028446305576
5.05092961021875,6.990035481595865,0.0,6.990035481595865,0.0,8.294299608857235,6.977198779453928
0.9725126406634423,3.772531026609547,3.772531026609547,0.0,0.0,7.0909098220799835,5.448807215130572
3.7107790968218377,6.073781589597195,0.0,6.073781589597195,0.0,8.699681400989514,6.118525036021044
2.8370845471533817,5.046324136504762,0.0,5.046324136504762,0.0,8.294299608857235,5.710604915457352
0.0,4.736198448394496,0.0,4.736198448394496,0.0,8.294299608857235,5.596647838027881
7.299175465309428,0.0,0.0,0.0,5.324447579442075,7.313886831633462,5.951378869981196
7.283594913739622,0.0,0.0,0.0,8.069894611792389,8.294299608857235,5.002779081379668
8.031219783763461,0.0,0.0,0.0,8.126586770920582,8.294299608857235,8.086534881098622
0.020882436249457407,0.0,0.0,0.0,6.828514553218456,8.294299608857235,3.6289334910190667
2.5586722359533765,5.626865432552101,5.626865432552101,0.0,0.0,8.006700845440367,0.0
6.992615789766558,0.0,0.0,0.0,5.382263859909836,7.0909098220799835,5.650414633392333
6.0875862134770955,6.761271797590838,6.761271797590838,0.0,4.514397350849023,6.90875477931522,6.672261005529342
3.443221916840473,0.0,0.0,0.0,6.7199962531109145,6.90875477931522,6.87137071511257
4.617223630479255,6.461921198723586,4.769836807543325,6.260326884067138,0.0,7.313886831633462,5.60155327353407
2.5809204456328554,4.975008116453105,0.0,4.975008116453105,0.0,7.313886831633462,5.803637236429147
2.0342866058042275,5.437383414671034,0.0,5.437383414671034,0.0,8.294299608857235,5.454424662381723
2.93556848928562,5.040841136153322,0.0,5.040841136153322,0.0,6.90875477931522,5.339344394447512
4.3073567643003035,6.6823591926146335,6.470489858324175,5.0330488889331555,0.0,7.0909098220799835,6.47203045482973
6.684622565109202,5.267651952237151,0.0,5.267651952237151,6.328636635204583,7.601402334583733,6.540355497594564
6.6815557416456794,6.277094515433632,0.0,6.277094515433632,6.790218699452947,6.90875477931522,6.530671520481415
1.473558164580611,6.369798237824113,0.0,6.369798237824113,0.0,7.601402334583733,3.367774646370094
4.973543873988684,6.031814430201173,0.0,6.031814430201173,0.0,8.006700845440367,5.980183165950263
7.683365150385194,4.273466561441981,4.273466561441981,0.0,7.834066441430635,7.824445930877619,6.302758498978119
2.5453895360702328,4.403665809777363,4.403665809777363,0.0,0.0,7.601402334583733,0.0
3.216240555594287,5.587623120115915,0.0,5.587623120115915,0.0,8.294299608857235,5.75013591369071
7.534031914683015,0.0,0.0,0.0,7.549079030974025,7.601402334583733,6.12106234609979
5.01906567833638,6.750446283589474,0.0,6.750446283589474,0.0,8.006700845440367,6.768968002365952
2.51732293511261,4.620058798481842,0.0,4.620058798481842,0.0,8.006700845440367,5.010156779626466
2.647991160980957,4.6819460247901405,0.0,4.6819460247901405,0.0,7.824445930877619,5.621285952173417
7.390725419742384,6.091717038997073,3.9318256327243257,5.97172091807137,6.553864394522203,8.006700845440367,6.871238378191566
2.086227713441486,6.061410297794649,0.0,6.061410297794649,0.0,7.313886831633462,5.999787242199238
3.3240054898820675,6.311734809152915,0.0,6.311734809152915,0.0,7.601402334583733,6.368032495141141
4.851033321825449,6.3447587828872365,0.0,6.3447587828872365,0.0,7.601402334583733,7.166432576470914
8.062468806692602,6.120583092428111,0.0,6.120583092428111,8.37205743181468,8.294299608857235,7.465797822016535
3.247238144619669,5.638497007957572,0.0,5.638497007957572,0.0,7.824445930877619,6.291382879620422
6.170150415288377,3.912023005428146,3.912023005428146,0.0,0.0,6.2166061010848646,4.735871666937075
3.149413157330078,4.564348191467836,4.564348191467836,0.0,7.0587975610284674,7.824445930877619,8.31758583478669
6.895529882428477,6.326471424900891,0.0,6.326471424900891,3.835387870378859,6.90875477931522,7.345678671089402
3.098658874643353,5.469746482175568,2.2407096892759584,5.43372200355424,0.0,7.824445930877619,5.384533328112008
6.751765003135211,6.88679718439066,6.770732082815469,4.684997485847646,6.951547355399204,7.313886831633462,7.919742556375407
3.0084915269749417,5.225854194814321,0.0,5.225854194814321,0.0,7.824445930877619,5.455430780284455
4.889114757677242,7.712005455553492,0.0,7.712005455553492,0.0,7.601402334583733,8.397047203611068
6.271191178789573,6.515482764659955,0.0,6.515482764659955,0.0,7.824445930877619,4.857992610005002
6.812856573910472,6.054439346269371,0.0,6.054439346269371,7.2853214162395,7.601402334583733,6.611953399272778
6.18086007633955,0.0,0.0,0.0,6.977456878462062,7.244941546337007,6.555454737663717
8.109923440819916,9.013201986111985,7.704938097937493,8.698262297554539,0.0,9.210440366976517,7.572026927793081
2.849007834151383,7.03214753664512,7.03214753664512,0.0,0.0,8.006700845440367,6.83945110279013
3.5978127654519736,5.651787179537821,0.0,5.651787179537821,0.0,7.824445930877619,5.7161593310607515
6.306798976441069,0.0,0.0,0.0,5.498546570021486,7.601402334583733,5.452882936010972
6.271864956860757,0.0,0.0,0.0,8.555016553151686,6.90875477931522,8.463330029113404
7.375252217226472,6.504288173536645,6.345636360828596,4.59511985013459,7.539902790341669,7.824445930877619,5.520445454453753
4.379798516761725,7.196499287380296,6.872873937123954,5.913584083432458,0.0,6.90875477931522,7.14511317019922
7.169150537961572,6.851650427597365,0.0,6.851650427597365,7.232164990709493,7.313886831633462,7.89605924099767
5.472257417281088,0.0,0.0,0.0,8.244643852462847,6.90875477931522,8.436151828052061
5.40631995136527,0.0,0.0,0.0,6.807586356983785,6.2166061010848646,6.497044971837084
6.6026207111894575,5.860843201899544,0.0,5.860843201899544,0.0,6.90875477931522,4.903981928252855
5.684005462431952,7.942252068137521,7.829507072079971,5.707110264748875,0.0,6.90875477931522,7.792023933241512
4.773603098861362,6.495718625490934,0.0,6.495718625490934,6.1713363264794125,7.0909098220799835,6.334870986479101
7.070079875998578,7.006441571480835,7.006441571480835,0.0,4.922909640253458,7.0909098220799835,4.998359689555095
3.469228297284554,6.156237185095862,0.0,6.156237185095862,0.0,8.006700845440367,6.209369245565101
6.92769092488193,0.0,0.0,0.0,7.051779509236807,7.0909098220799835,4.74643312304603
2.489612974315147,5.816664631712873,0.0,5.816664631712873,0.0,8.006700845440367,6.263506942400045
4.910356319585169,7.781939858825276,0.0,7.781939858825276,0.0,8.160803920954665,7.800481822535708
4.762483562071959,4.94021282979971,4.94021282979971,0.0,6.026464275483505,7.313886831633462,5.763885536169979
5.949021452856969,0.0,0.0,0.0,7.001881284292155,7.313886831633462,6.5232511432059
1.442037440513067,5.2533200006173,0.0,5.2533200006173,0.0,7.313886831633462,5.6935204126866035
3.9126801694485622,5.891533708482933,0.0,5.891533708482933,0.0,6.90875477931522,5.776705844493191
5.558916231306382,7.723690725884173,7.644723153465761,5.1515559851526325,0.0,7.496097345175956,7.146572900542796
6.3572577993799735,0.0,0.0,0.0,8.19690330411923,8.006700845440367,8.430225879564816
3.002006350307624,5.623511963259589,5.153175980878366,4.652816839455444,5.907229987553435,7.0909098220799835,0.0
2.100356050606472,4.7808027546312495,0.0,4.7808027546312495,0.0,7.601402334583733,6.791266932478938
7.696509113575398,0.0,0.0,0.0,7.815119756118136,7.824445930877619,5.622931085921593
0.6520058642285735,5.531411248715415,5.531411248715415,0.0,0.0,7.0909098220799835,6.569992945944288
6.95799590595971,0.0,0.0,0.0,7.253641837907392,7.313886831633462,7.147962029567868
4.9063291483210225,7.456263895754023,7.456263895754023,0.0,0.0,7.0909098220799835,7.459903550864453
3.5617035652785765,4.6913478822291435,0.0,4.6913478822291435,0.0,6.90875477931522,4.238903156161657
3.395785296045019,6.185549970822179,0.0,6.185549970822179,0.0,6.90875477931522,6.186283691041733
3.98278751729975,5.01926462079431,0.0,5.01926462079431,0.0,6.90875477931522,4.020384266343188
5.362441153257673,0.0,0.0,0.0,7.316004606219231,7.601402334583733,8.053316909020747
7.116469552776133,5.5254529391317835,5.5254529391317835,0.0,6.663912166071413,7.496097345175956,7.0188879619829745
2.363725158417186,5.554857008480675,0.0,5.554857008480675,0.0,7.313886831633462,5.5330224846308615
7.064199100976566,0.0,0.0,0.0,4.575651237352381,7.0909098220799835,5.546054204544354
3.681007299855134,0.0,0.0,0.0,6.057803221996104,6.2166061010848646,7.481254590101032
6.133574771413969,6.47774129795256,0.0,6.47774129795256,6.678119433258897,6.90875477931522,6.439536409704387
2.6410305957301836,0.0,0.0,0.0,6.022189736816283,7.0909098220799835,6.046906529277091
6.0365432059643584,0.0,0.0,0.0,6.564863724758508,7.0909098220799835,3.3462942815128165
7.544400064474757,0.0,0.0,0.0,8.004872745960792,8.006700845440367,8.954835928285164
6.937422071509025,0.0,0.0,0.0,7.001592462641927,7.0909098220799835,0.0
8.454791258041906,6.405773763870038,6.077642243349034,5.137737731872486,8.764248321105182,8.987321812850125,6.7357396155640785
6.942182259962329,4.546905277856116,0.0,4.546905277856116,6.071105706479481,7.313886831633462,5.690106790650526
7.126291941259961,0.0,0.0,0.0,7.265038338281237,8.160803920954665,6.333923511388519
3.4831131340916506,5.707110264748875,0.0,5.707110264748875,0.0,6.90875477931522,6.3797208765840425
4.875512533059289,6.36695143169646,0.0,6.36695143169646,5.838889975818865,6.90875477931522,6.213656860138477
7.157998227767188,6.930895467673652,5.150976778649327,6.747363497265235,7.05534323459493,7.0909098220799835,6.742879388149615
7.519795990399885,7.277579392425961,0.0,7.277579392425961,7.280127099026392,7.601402334583733,6.852960482537669
6.7996836181559575,6.238324625039508,0.0,6.238324625039508,6.989759300483182,7.244941546337007,7.194189883669452
7.031588463521625,0.0,0.0,0.0,7.454868429659701,7.313886831633462,7.548657743222505
2.884106114126963,6.988413181999592,6.988413181999592,0.0,0.0,7.0909098220799835,8.270379401565402
1.876350739564989,3.828641396489095,0.0,3.828641396489095,0.0,6.90875477931522,6.247738522588798
6.487359391978732,5.9627563829712384,0.0,5.9627563829712384,0.0,7.601402334583733,7.013037204351828
3.6408339850902305,4.445470807230416,0.0,4.445470807230416,0.0,7.313886831633462,0.0
7.864213803849385,0.0,0.0,0.0,6.271214321277201,8.699681400989514,7.184303839004907
6.70986846281856,0.0,0.0,0.0,7.03228173635371,7.0909098220799835,6.070821807608579
6.029799120158916,0.0,0.0,0.0,6.607815269387298,6.2166061010848646,6.685642224024126
3.0908939423310993,5.693462742249347,0.0,5.693462742249347,0.0,6.90875477931522,5.624789417573354
4.730840365083427,5.6017497490910495,3.929862923556477,5.3981627015177525,0.0,7.313886831633462,5.323790372113559
6.906250892960721,7.396844366655219,7.396844366655219,0.0,5.626758356730774,7.0909098220799835,6.793030784466541
3.502015516310302,5.3452486612324694,0.0,5.3452486612324694,0.0,6.90875477931522,4.996783654893142
3.010786488098512,5.018867979022732,0.0,5.018867979022732,0.0,7.313886831633462,5.26492395126643
1.3591423078331901,3.9830404926634264,0.0,3.9830404926634264,0.0,6.2166061010848646,5.673572174335864
3.830143897603547,5.39034945199453,0.0,5.39034945199453,0.0,6.90875477931522,5.319211794671547
1.6847101208873696,0.0,0.0,0.0,3.0131413523224864,6.2166061010848646,4.574543273720073
3.12410627089939,5.547518452181536,0.0,5.547518452181536,0.0,7.313886831633462,5.995116358620312
5.990096727068522,0.0,0.0,0.0,6.475091681670734,6.2166061010848646,5.783441708813166
6.153411372860614,5.952749705979869,0.0,5.952749705979869,6.770254772981118,7.313886831633462,4.07625888112986
3.7745468366808734,8.309667050997104,8.309667050997104,0.0,0.0,6.2166061010848646,8.220909076319433
0.8363679170131881,0.0,0.0,0.0,5.69600691317688,7.0909098220799835,7.122176922398652
4.717723061503916,7.758034405262377,7.649435447787479,5.488276350471202,5.533461999932511,6.2166061010848646,7.152046752277705
7.075876605555387,5.589792237238514,0.0,5.589792237238514,6.745057720589995,6.90875477931522,4.794648389452438
4.464766524755423,0.0,0.0,0.0,5.6324586922773525,6.2166061010848646,5.271702928558681
7.502908615429854,5.39725731440294,5.39725731440294,0.0,7.457666873747169,7.824445930877619,6.141790930053467
5.879201681613199,7.506591780070841,6.621272487105839,6.975507381032956,0.0,7.0909098220799835,7.2466010401355145
5.610606736975392,6.35662835844262,5.3996999808366395,5.874818364988662,0.0,7.313886831633462,5.872361883625676
2.1629566367092226,4.721173861744398,4.721173861744398,0.0,4.631388892041824,7.0909098220799835,0.0
2.0474302282397607,5.629202596300466,0.0,5.629202596300466,0.0,6.90875477931522,5.578186994924784
2.670139935603878,4.051958845725663,0.0,4.051958845725663,0.0,6.90875477931522,5.254530831073677
0.06335219272820941,4.248495242049359,0.0,4.248495242049359,0.0,7.313886831633462,6.229868405375795
4.276040895826987,6.425954334256763,0.0,6.425954334256763,0.0,6.2166061010848646,6.536026519954457
6.920760029451634,5.747735562184664,0.0,5.747735562184664,0.0,6.90875477931522,5.788755280170255
7.011077123160725,0.0,0.0,0.0,5.767958636399536,7.0909098220799835,5.994750679356237
7.332449593149199,0.0,0.0,0.0,7.794681483990065,8.160803920954665,7.620986590839744
5.838783982381779,5.558756702605943,4.436514819957951,5.170597624945666,5.424154582263943,6.90875477931522,6.5329879635399735
4.3825128914319,6.621405651764134,0.0,6.621405651764134,0.0,7.170888478512505,7.802543194273065
4.7588438663549075,5.941013003611884,0.0,5.941013003611884,0.0,6.90875477931522,5.642446131292729
5.403988638915995,7.265807274350189,6.48436038870799,6.655079925061889,0.0,6.55250788703459,7.153754534950227
6.318790557443706,6.130704614199486,0.0,6.130704614199486,0.0,6.90875477931522,5.067461312699028
4.2649689031083815,6.396929655216146,0.0,6.396929655216146,0.0,6.90875477931522,6.916068781854075
6.849416140832091,6.111467339502679,6.111467339502679,0.0,6.584363592328783,7.0909098220799835,5.64200834949721
6.528233685150746,4.454347296253507,4.454347296253507,0.0,0.0,8.006700845440367,6.105323819307433
1.630707110847765,3.979681653901961,0.0,3.979681653901961,0.0,6.2166061010848646,4.425199635411986
2.913081864614356,5.582744146279145,0.0,5.582744146279145,0.0,6.90875477931522,5.714560057301638
3.922361914240466,5.351858133476067,5.351858133476067,0.0,6.103708753955738,6.2166061010848646,6.786993244260915
2.1243106953917366,6.175264177679167,6.175264177679167,0.0,4.567464300104416,8.006700845440367,7.082582011281419
6.947966098933258,0.0,0.0,0.0,7.238244143739243,7.244941546337007,5.673768597550462
3.6100047120196463,5.380450196086559,0.0,5.380450196086559,0.0,6.90875477931522,5.0177385130638426
2.4236343443114463,4.110873864173311,0.0,4.110873864173311,0.0,6.90875477931522,5.275359852927465
3.1989345935669298,5.551757312093597,5.551757312093597,0.0,0.0,7.0909098220799835,7.235445113677024
4.619838498355482,7.353081920515432,0.0,7.353081920515432,0.0,6.90875477931522,7.300480324705497
3.123170282918562,5.210960475329785,0.0,5.210960475329785,0.0,7.313886831633462,5.176884355327813
7.7322954584942005,0.0,0.0,0.0,6.004701175136823,7.824445930877619,6.09698277207904
6.16426558347953,0.0,0.0,0.0,6.924940703998181,7.0909098220799835,6.028803700371752
0.006628979683657893,0.0,0.0,0.0,5.106780676536889,7.0909098220799835,1.8034782025321954
5.6847746891895445,0.0,0.0,0.0,5.51739812388038,6.2166061010848646,6.281806893516095
6.299353562168314,0.0,0.0,0.0,7.312012279622262,8.006700845440367,6.012108810325345
5.530545222337652,7.536129244199314,0.0,7.536129244199314,0.0,6.90875477931522,7.378078108528036
7.6355218586369755,0.0,0.0,0.0,7.955104295268171,8.006700845440367,5.299002806580336
5.592484198672398,5.060060177423779,0.0,5.060060177423779,0.0,6.90875477931522,5.0669625448380575
6.3777907254240445,0.0,0.0,0.0,6.963224620085982,7.0909098220799835,7.098734318059267
4.106183076331464,5.726326439091095,0.0,5.726326439091095,0.0,6.90875477931522,5.848075945722866
5.046111370224148,6.182642602415141,6.182642602415141,0.0,4.695582883589553,6.2166061010848646,5.588118669344058
3.2814915360910533,4.993828175779875,4.993828175779875,0.0,0.0,6.2166061010848646,5.66396002209407
5.612519632984502,6.267276446989276,0.0,6.267276446989276,0.0,7.313886831633462,4.735886601529702
6.0999639607670035,5.3917621712579,5.3917621712579,0.0,0.0,6.2166061010848646,5.41508408592995
6.853090622671972,6.293419278846481,0.0,6.293419278846481,6.816839870806638,6.90875477931522,5.903991307112417
6.744587915767241,0.0,0.0,0.0,7.224182754266518,7.313886831633462,5.584646695705034
5.794561711283509,7.8154814393949055,7.258630436628332,6.965429670793665,0.0,7.601402334583733,7.453283396024434
6.398445088034239,8.506803404016184,8.055345015868228,7.494836139307241,0.0,8.006700845440367,8.522266302997396
6.925424292526758,0.0,0.0,0.0,7.219534389387847,7.313886831633462,4.947632602745884
4.105876760075567,5.9177103585193205,0.0,5.9177103585193205,0.0,7.313886831633462,5.676286566418281
7.01563670577175,2.6390573296152584,2.6390573296152584,0.0,5.552742735830157,7.313886831633462,5.984078741571902
3.13260517710729,4.736198448394496,0.0,4.736198448394496,0.0,7.313886831633462,4.633089800835549
4.392739100770764,6.059963963532675,0.0,6.059963963532675,0.0,6.90875477931522,6.019489280062829
6.1575594039746155,3.928880122494569,3.928880122494569,0.0,6.129383672974126,6.2166061010848646,4.871025886753704
4.8898746923865986,7.118243083102442,0.0,7.118243083102442,0.0,7.601402334583733,6.5981510612821
4.756406463066352,6.950239890588293,6.950239890588293,0.0,0.0,7.601402334583733,7.559591856609676
3.1873256720034586,5.961829741978291,5.075173815233827,5.435118408040182,0.0,7.0909098220799835,4.469721344804898
7.552434872239139,0.0,0.0,0.0,7.6898613219087615,8.006700845440367,6.889560573666274
3.7028954692565623,5.886770475993316,0.0,5.886770475993316,0.0,7.313886831633462,6.901382995037685
2.1495894958019113,4.555139252382526,0.0,4.555139252382526,0.0,6.90875477931522,5.60352380759321
7.090631123796767,0.0,0.0,0.0,5.90569208234956,7.0909098220799835,6.315830889693097
7.018798470608456,0.0,0.0,0.0,2.9909329753240734,7.0909098220799835,5.580331822108681
0.49960733339179575,5.556828061699537,0.0,5.556828061699537,0.0,6.90875477931522,5.771863404673124
7.81894625839584,0.0,0.0,0.0,8.305088628400105,8.294299608857235,5.980275909594494
6.939290329100567,0.0,0.0,0.0,7.019335585873099,7.0909098220799835,5.067272034480858
7.18222469343353,0.0,0.0,0.0,7.266283012944889,7.313886831633462,5.630627991377195
2.9712807056600123,5.566051801190121,0.0,5.566051801190121,0.0,7.313886831633462,5.523335843090924
6.13130514508536,6.628041376179533,5.225746673713202,6.3473892096560105,0.0,7.601402334583733,5.205856261273696
4.529039151900792,6.715989263360183,6.60435024606512,4.4796069630127455,0.0,7.313886831633462,5.173199888884689
7.56556281724062,6.433116925977859,6.433116925977859,0.0,8.80871091130822,8.699681400989514,7.786512753755867
7.082493646772355,0.0,0.0,0.0,7.72861836891356,8.006700845440367,7.7933667247230645
3.8495654748602885,0.0,0.0,0.0,4.517991605929899,6.2166061010848646,4.802424623589864
0.7680732822401346,4.7764307954226215,0.0,4.7764307954226215,0.0,7.313886831633462,6.006833243850235
7.972288106701373,0.0,0.0,0.0,8.013706284936903,8.006700845440367,5.445850068646631
5.911659854023393,8.994042088267166,8.994042088267166,0.0,0.0,7.601402334583733,8.983136342692829
6.12992829501932,0.0,0.0,0.0,7.7189643349857056,7.0909098220799835,7.867974887807134
6.43783162893798,6.2166061010848646,6.2166061010848646,0.0,0.0,8.517393171418904,4.691788253141547
6.899644807848584,0.0,0.0,0.0,7.0346198616075775,7.0909098220799835,4.974543013490836
5.578358773315362,7.209118338489782,6.967626676019528,5.673323267171493,0.0,7.313886831633462,6.731906971429014
6.552098243941172,0.0,0.0,0.0,7.127513002444847,7.313886831633462,7.390721618717024
3.826553304898971,5.126163938669708,0.0,5.126163938669708,0.0,6.90875477931522,4.07856662598052
4.706110224718362,6.967438281143311,0.0,6.967438281143311,0.0,6.90875477931522,6.792540444172983
2.4555233238162613,5.348059458442851,0.0,5.348059458442851,0.0,6.2166061010848646,0.0
6.7738584241558675,7.782411186079011,6.978642355329787,7.189612922330127,7.413464236307824,7.824445930877619,7.615784241963247
2.4219838892725782,0.0,0.0,0.0,6.198781388162291,6.2166061010848646,7.658373287020252
7.360951223385907,0.0,0.0,0.0,8.080600623004548,8.412054873292933,6.9305297457894826
2.4264609960454377,4.641116312761561,0.0,4.641116312761561,0.0,7.313886831633462,5.254531901951399
4.124170545596066,6.803505257608338,0.0,6.803505257608338,0.0,6.90875477931522,7.098197955037404
4.237389428740529,5.964863865310803,0.0,5.964863865310803,0.0,6.90875477931522,5.718381922193085
3.339393996627256,6.29047594965132,0.0,6.29047594965132,0.0,7.313886831633462,6.1299886018772
8.896132608291483,0.0,0.0,0.0,9.28393536171978,9.105090961257085,8.249394413333757
4.005852981179865,5.684939386854721,0.0,5.684939386854721,0.0,6.90875477931522,5.3739851273130625
4.375114198741697,7.536993073790668,6.886378413222552,6.800537484092964,0.0,7.0909098220799835,7.413067876507169
6.701050053759649,5.873890864535713,5.638710477912486,4.324529928325356,6.722822328666195,7.0909098220799835,5.312738037061699
5.20551684840675,5.263881189226909,5.263881189226909,0.0,7.099013872892467,7.601402334583733,6.993220937380731
2.959774885957119,4.776177982881773,0.0,4.776177982881773,0.0,7.313886831633462,5.231120114114696
4.177880131975244,6.041206639002796,0.0,6.041206639002796,0.0,6.90875477931522,6.009151049735948
4.905274563623592,7.303843225277705,0.0,7.303843225277705,0.0,6.90875477931522,7.2110228424799665
0.3524545505942776,0.0,0.0,0.0,4.658122419574771,7.824445930877619,6.790080041890279
4.741130581195847,6.593866114361182,0.0,6.593866114361182,0.0,6.90875477931522,6.392820788707136
2.3099719429159955,6.3219546406230736,0.0,6.3219546406230736,0.0,7.313886831633462,6.30663009443435
6.171381529812801,6.914730892718563,6.849193527983872,4.1725394098071575,0.0,6.2166061010848646,6.3318791007896795
5.4024235884081815,7.5144400227662915,0.0,7.5144400227662915,0.0,6.90875477931522,7.410803968031585
2.989999723843248,4.060443010546419,4.060443010546419,0.0,0.0,7.313886831633462,0.0
5.113436335091502,0.0,0.0,0.0,6.993704806992963,7.313886831633462,0.0
7.908312236262795,6.061456918928017,0.0,6.061456918928017,7.905838733559882,8.006700845440367,6.871035037841441
1.7653044336489399,5.91155516387968,0.0,5.91155516387968,0.0,6.90875477931522,6.842149642546175
6.96344332936736,0.0,0.0,0.0,7.280568362706003,7.313886831633462,7.555367655807477
6.6190922028368755,6.697021901911263,6.697021901911263,0.0,5.138909574791398,6.90875477931522,5.15175749351088
8.007630437893836,7.80954132465341,7.80954132465341,0.0,6.682307763078677,8.006700845440367,6.070082760671372
7.226402528102128,7.504006022296386,7.376382962047941,5.3867860145356445,0.0,8.77971129020447,7.889608825725881
7.262630890592939,6.33402535356975,0.0,6.33402535356975,7.50434251555774,7.496097345175956,6.894207975251459
5.340233822726572,4.110873864173311,0.0,4.110873864173311,5.562776504465884,6.90875477931522,4.104101309982835
3.6904252088193337,5.697160598347314,0.0,5.697160598347314,0.0,6.90875477931522,5.698197407162063
7.8214278681097,0.0,0.0,0.0,7.873462496559723,8.006700845440367,6.433099989922789
3.8447624469060107,0.0,0.0,0.0,5.310887944721244,7.0909098220799835,6.199499776334056
3.842583212658183,5.407171771460119,0.0,5.407171771460119,0.0,7.313886831633462,5.1757996260959676
3.9526195793430854,0.0,0.0,0.0,5.889429324308262,6.2166061010848646,0.0483262470527156
2.5211099143778637,4.418840607796598,0.0,4.418840607796598,0.0,6.90875477931522,4.428994472748609
6.0122459330087485,0.0,0.0,0.0,7.21913500384968,7.313886831633462,4.600098798212053
3.594289889604031,5.6568306197604095,0.0,5.6568306197604095,0.0,6.90875477931522,5.454556849021598
6.7478796974656285,7.601402334583733,7.601402334583733,0.0,8.31552877671196,7.0909098220799835,7.717703683156499
7.837798261284923,8.636722257429621,8.001998035132305,7.8819035136099656,7.80498868325928,9.105090961257085,9.009197269213939
6.889882516458435,7.223295679562314,7.223295679562314,0.0,0.0,7.244941546337007,6.393064664084606
7.221619422766273,5.0369526024136295,0.0,5.0369526024136295,7.305461419332882,7.313886831633462,0.0
7.3275333054967815,0.0,0.0,0.0,8.050739550140184,8.517393171418904,6.580369388007132
4.443041450942794,7.003065458786462,0.0,7.003065458786462,0.0,6.90875477931522,6.893041158308804
4.477632327628076,6.407737703932739,0.0,6.407737703932739,0.0,7.313886831633462,6.2395686009805
3.7367343953844463,6.160679756396636,6.06928170315462,3.746676552840153,0.0,9.472781556562168,0.0
6.892155018221817,6.319148277696116,6.319148277696116,0.0,6.632576631897961,7.0909098220799835,5.9334125641540405
6.909568456182403,0.0,0.0,0.0,8.150833495006705,8.699681400989514,5.465319206769562
7.957693038844789,7.0909098220799835,7.0909098220799835,0.0,7.445022172472878,8.006700845440367,0.0
2.8580968136115783,6.092440464447984,4.8338981155962015,5.761422254102616,0.0,6.90875477931522,6.181150271734292
6.9506392118456874,8.281723990411392,8.281723990411392,0.0,0.0,8.055475141757274,8.744485363849142
3.663955568532028,5.370405442942291,0.0,5.370405442942291,0.0,7.313886831633462,5.1028889955046095
2.2350532964741814,5.968707559985366,0.0,5.968707559985366,0.0,7.313886831633462,6.01987897149793
0.4357142868717184,5.43372200355424,0.0,5.43372200355424,0.0,6.90875477931522,5.479367761591453
0.682622489793697,0.0,0.0,0.0,5.801908836809076,6.2166061010848646,7.1836798114090366
0.2015938147109867,5.820082930352362,0.0,5.820082930352362,0.0,6.90875477931522,6.362716553289587
6.123525729815857,5.967940002061025,3.822098297900159,5.846438775057725,5.627269908140295,6.90875477931522,3.903873770427628
1.3953143088057842,0.0,0.0,0.0,4.41363889750969,6.2166061010848646,0.0
3.817833791107187,5.9983408510474145,0.0,5.9983408510474145,0.0,7.313886831633462,5.677059505536276
7.9163184395449955,0.0,0.0,0.0,8.27293422659899,8.294299608857235,5.78996387425431
7.503037418607684,7.979023777124671,7.979023777124671,0.0,0.0,8.006700845440367,5.5144333824779155
4.225040064591662,5.69035945432406,0.0,5.69035945432406,0.0,6.90875477931522,5.508129970318303
5.730514482688046,6.813774215511243,6.016888599448141,6.2166061010848646,5.473861399392822,6.90875477931522,6.850420794348518
5.756969722547657,6.14921587965514,3.713572066704308,6.059940618410053,5.367383346695818,6.90875477931522,5.801405468751535
2.4767592160719807,4.800407968048592,0.0,4.800407968048592,0.0,7.313886831633462,4.505232473651717
6.764043750449859,5.0106352940962555,0.0,5.0106352940962555,6.959835002802981,7.0909098220799835,6.468479947269135
6.564299993327457,7.72015996319163,6.116598277864748,7.496097345175956,0.0,7.824445930877619,7.676423464787011
4.254181189227471,5.916202062607435,5.916202062607435,0.0,5.947105933721356,6.2166061010848646,6.64855668777939
2.805121495899434,5.690291884473702,0.0,5.690291884473702,0.0,7.313886831633462,5.686385368772055
3.276643211024641,5.902633333401366,0.0,5.902633333401366,0.0,7.313886831633462,5.543953993243222
6.603569963395167,6.0472776119271945,0.0,6.0472776119271945,6.910299513670455,6.90875477931522,6.321383852956881
4.76713241605749,6.952862478880902,5.429959475599752,6.70808408385307,0.0,9.105090961257085,7.138387712089574
3.8671273288875385,6.096500009941863,0.0,6.096500009941863,0.0,6.90875477931522,5.99791469262148
5.653710994952512,0.0,0.0,0.0,6.4809454750009765,7.313886831633462,6.065214530905804
2.284482525776462,4.8283137373023015,0.0,4.8283137373023015,0.0,6.90875477931522,5.27199630675696
3.2457193713213717,5.583496308781699,0.0,5.583496308781699,0.0,6.90875477931522,5.6214285620939615
7.857962852161753,5.82600010738045,0.0,5.82600010738045,0.0,9.105090961257085,6.765358296034936
3.467325919303252,6.102670445181327,0.0,6.102670445181327,0.0,6.90875477931522,5.962925518095923
3.6064933277784887,5.315174483614459,0.0,5.315174483614459,0.0,6.90875477931522,5.321174700923199
7.8374820737380455,0.0,0.0,0.0,7.878998483796711,8.006700845440367,5.909911829943734
4.40051810866647,6.2166061010848646,6.2166061010848646,0.0,6.302581134369588,7.0909098220799835,7.195973626862542
6.265573143441813,0.0,0.0,0.0,6.928414626443675,7.0909098220799835,5.303832530036146
6.454434677313846,0.0,0.0,0.0,7.428414843263846,7.313886831633462,7.679379678939574
3.9417001501815023,6.3818160174060985,0.0,6.3818160174060985,0.0,7.313886831633462,6.294205051377238
6.132991743548465,0.0,0.0,0.0,6.1954156031176275,6.2166061010848646,4.977058089814271
2.3319894172850684,4.687671407499835,0.0,4.687671407499835,0.0,6.90875477931522,4.509417291199949
1.6787518257149532,4.2626798770413155,4.2626798770413155,0.0,0.0,6.2166061010848646,5.8978376338153575
7.666065039820485,5.771441123130016,5.771441123130016,0.0,7.7287941356322225,7.824445930877619,6.630164359150842
4.553589860937497,6.334167333479831,0.0,6.334167333479831,0.0,6.90875477931522,6.075025782113305
3.18076357234538,5.017279836814924,0.0,5.017279836814924,0.0,7.313886831633462,5.44127585972403
4.898581651576608,7.065613363597717,0.0,7.065613363597717,0.0,6.90875477931522,6.9749488978511165
6.754922562759165,0.0,0.0,0.0,6.7608654874895855,6.90875477931522,4.5455165888245865
5.837679186376909,6.352977767686964,5.43415858945945,5.846727750641299,5.2584354040175665,6.2166061010848646,6.217884933728321
5.3931283672377415,0.0,0.0,0.0,6.105022799812374,6.2166061010848646,4.092395530760319
7.071034402359312,6.455230009386571,5.856389105910893,5.661431534115671,7.569617726869119,7.783640596221253,6.311504430530683
0.24314772692561412,0.0,0.0,0.0,5.797432668354729,7.0909098220799835,7.044121265970405
4.0960360142435785,6.668228248417403,0.0,6.668228248417403,0.0,6.90875477931522,6.499876916316164
7.299182274249165,5.505372185512662,5.505372185512662,0.0,8.384467445828113,7.824445930877619,8.06141726634201
6.762716764654165,5.086361004624392,0.0,5.086361004624392,7.723536169411044,8.006700845440367,5.381467070199135
4.592157811059314,6.454490765740678,0.0,6.454490765740678,0.0,6.90875477931522,6.332320123557388
3.4031222944948167,5.10230248262208,0.0,5.10230248262208,0.0,7.313886831633462,4.716156710934811
2.0285435638812275,6.063785208687608,0.0,6.063785208687608,0.0,6.90875477931522,6.203196074275688
2.4782198428428788,4.570578741218473,0.0,4.570578741218473,0.0,6.90875477931522,4.370617080046375
5.620476768633552,7.572502985020384,7.572502985020384,0.0,0.0,6.2166061010848646,7.271787533811597
6.06123752423339,0.0,0.0,0.0,6.998113657009478,7.0909098220799835,4.854981553015948
6.519834856820464,5.650030018656954,0.0,5.650030018656954,6.506792673877329,6.90875477931522,0.0
7.441655503062334,0.0,0.0,0.0,8.482165372774439,8.517393171418904,6.35381883151812
5.885526717614366,5.988460038087683,5.84586057324919,3.9889840465642745,5.713469401184532,6.2166061010848646,5.759355494274461
3.283880974617705,5.940171252720432,0.0,5.940171252720432,0.0,6.90875477931522,5.872293957055588
3.4884161565877907,4.564348191467836,4.564348191467836,0.0,0.0,6.2166061010848646,4.813692217975994
5.957035726277934,6.059356813150901,3.9318256327243257,5.9351587108968875,6.697756544771805,6.90875477931522,5.841005347044245
1.9053065830587634,4.435922788681409,0.0,4.435922788681409,0.0,7.313886831633462,4.376510875805614
3.376829378880319,5.980909033168466,3.824284091120139,5.860786223465865,0.0,6.90875477931522,5.864387477597808
5.132952467588872,5.9020867359567655,5.9020867359567655,0.0,0.0,6.2166061010848646,4.642846707490904
2.2565034574470357,0.0,0.0,0.0,4.048989583541042,7.0909098220799835,5.011531026141834
8.112543825400003,0.0,0.0,0.0,8.66982279081556,8.853808274977197,6.837731574226231
2.50584996612028,5.047545648116353,0.0,5.047545648116353,0.0,7.313886831633462,4.8228766229485345
5.281236058102604,0.0,0.0,0.0,5.967466949313863,6.2166061010848646,4.50143954136855
6.773183554542937,4.110873864173311,4.110873864173311,0.0,7.994565341229844,7.601402334583733,7.411252563141646
2.9149898961686778,4.912654885736052,0.0,4.912654885736052,0.0,6.90875477931522,4.424266068152731
4.48531113941147,5.868816571799645,0.0,5.868816571799645,0.0,6.90875477931522,5.449164256294618
6.098486073772932,0.0,0.0,0.0,6.850444630260929,7.824445930877619,5.531465211615827
2.8530843657839164,5.340130869361447,0.0,5.340130869361447,0.0,6.90875477931522,4.849032815117624
3.895101012717344,5.765347830314356,5.122772794033106,5.025523906590006,0.0,7.0909098220799835,6.0547268988188865
4.557110583893189,5.843515431104025,0.0,5.843515431104025,0.0,6.90875477931522,5.794906297824245
4.19786136929331,6.260537030310592,0.0,6.260537030310592,0.0,7.313886831633462,6.291593070753448
4.495724749501252,6.111467339502679,0.0,6.111467339502679,0.0,6.90875477931522,5.813103694360118
4.302469009328886,6.4859168567560275,6.1353267674944725,5.272743115428606,0.0,7.313886831633462,6.365593400007257
3.547471782018205,5.964709809799162,0.0,5.964709809799162,0.0,6.90875477931522,5.7637392876556035
3.439632209165112,5.4668357631983,0.0,5.4668357631983,0.0,7.313886831633462,5.147883773120835
6.64137371275276,0.0,0.0,0.0,7.975399971163932,7.824445930877619,7.525045282343916
2.8957494388816243,5.7276617484461445,0.0,5.7276617484461445,0.0,7.313886831633462,6.568930376611934
0.2404756784560027,0.0,0.0,0.0,6.861739388254927,7.0909098220799835,7.958275535330055
5.784853828476455,0.0,0.0,0.0,6.275116387825215,6.2166061010848646,5.462351918160136
2.136837427321124,4.165113633110308,3.586015818654697,3.377928754722801,0.0,6.2166061010848646,4.435774003481022
5.645014464935075,0.0,0.0,0.0,6.195481104154607,6.2166061010848646,5.470183400192348
5.259456624597347,6.236369590203704,0.0,6.660575149839686,0.0,6.90875477931522,6.131606504224913
7.533467214146941,7.199185319020395,7.16691441250068,3.7727609380946383,8.049959312627886,8.006700845440367,8.082442178059758
4.7277184543118524,6.915415861648748,0.0,6.915415861648748,0.0,6.90875477931522,6.9087913380875
5.611756494625736,7.519692404116539,6.154858094016418,7.2254814727822945,0.0,6.90875477931522,7.298687038409556
7.893140091781396,5.015954455573856,5.015954455573856,0.0,7.951268173279953,8.006700845440367,0.0
8.093286291403254,7.0684104728030235,0.0,7.0684104728030235,8.324557662807754,8.517393171418904,6.7070796589523045
7.859185634218169,6.670005575278565,0.0,6.670005575278565,8.233144597612016,8.006700845440367,7.461874063755827
5.020984951148697,5.911717629017726,5.911717629017726,0.0,0.0,7.0909098220799835,4.237643329607911
3.605506676657627,0.0,0.0,0.0,4.708625485874408,6.2166061010848646,5.036693835170039
6.623521705616477,7.601402334583733,7.601402334583733,0.0,0.0,7.601402334583733,5.586942008391687
7.08340026533343,6.383168739966109,6.383168739966109,0.0,6.948809324016589,8.006700845440367,6.168530873502924
6.689958252000604,0.0,0.0,0.0,7.848199004317471,8.006700845440367,5.716588308834811
6.845123975814245,5.581238121898107,0.0,5.581238121898107,6.873534376319357,6.90875477931522,5.7502583724997365
5.41917332039587,7.014877242379619,0.0,7.014877242379619,0.0,7.313886831633462,6.803911864166871
6.533795292854371,5.53338948872752,0.0,5.53338948872752,7.467317248326508,7.601402334583733,6.081922624478982
2.078455680878734,4.581287245524759,0.0,4.581287245524759,0.0,7.313886831633462,4.493476200630775
4.6348422633671635,6.684611727667927,0.0,6.684611727667927,0.0,6.90875477931522,6.811839559375587
6.834759546368326,0.0,0.0,0.0,7.084013822802886,7.0909098220799835,4.710227444668168
2.87302144122681,4.824305715904762,0.0,4.824305715904762,0.0,7.313886831633462,5.260896062287094
6.291870447864117,0.0,0.0,0.0,7.006970388252029,7.0909098220799835,5.891606321605184
1.5755056706323094,3.828641396489095,3.828641396489095,0.0,0.0,6.2166061010848646,0.0
3.9299893988587282,0.0,0.0,0.0,6.321193716335701,6.2166061010848646,6.736617798594915
5.430311876898786,7.236051324319173,5.668293456725897,7.003120002753458,4.688227367106127,6.90875477931522,7.105354401353416
7.754148200321198,7.186144304522325,0.0,7.186144304522325,9.61097989498766,9.210440366976517,9.00683600739659
6.7018793332354445,3.9318256327243257,3.9318256327243257,0.0,7.69005764343469,8.006700845440367,6.589866841305153
2.623540637420741,4.561322786207815,0.0,4.561322786207815,0.0,7.313886831633462,4.977021039077972
4.337562128840035,5.354130431367249,0.0,5.354130431367249,0.0,6.90875477931522,4.418681691555623
3.837841359791369,5.8888779583328805,0.0,5.8888779583328805,0.0,6.90875477931522,5.734800218597045
5.581865622792853,7.048386408721883,7.048386408721883,0.0,0.0,7.0909098220799835,8.016443410758436
7.232687113442284,5.820082930352362,0.0,5.820082930352362,8.333268101089311,8.294299608857235,6.627057345884195
4.493559165449971,6.538718527487524,5.470167623474696,6.120077614575958,0.0,7.601402334583733,6.374947532344051
3.396298200247248,5.531609248914061,4.110873864173311,5.260355860260918,0.0,6.2166061010848646,5.001106398026972
4.163952804329708,5.511976078651031,0.0,5.511976078651031,0.0,6.90875477931522,4.852434846127697
6.090435388960299,6.398594934535208,6.398594934535208,0.0,0.0,6.90875477931522,5.376742261652871
5.944999221406139,0.0,0.0,0.0,6.558114883062465,6.2166061010848646,5.775737208827443
7.68350612792383,6.674788638719165,6.674788638719165,0.0,7.629296739330288,8.006700845440367,5.707404892438221
4.61934545051361,6.677436043918831,0.0,6.677436043918831,0.0,6.90875477931522,6.522139479433506
6.1365508118285215,6.373319789577012,6.373319789577012,0.0,0.0,6.90875477931522,5.556954038320135
6.398682103780784,5.616771097666572,0.0,5.616771097666572,6.712808958974845,6.90875477931522,5.025880736186405
6.932333746521625,6.374752210271443,0.0,6.374752210271443,6.86469036370297,6.90875477931522,5.361787080777441
6.533241807525536,6.047868509754521,5.0106352940962555,5.6138942361933335,6.593499867448792,6.90875477931522,6.034428658456863
2.8346116600741755,5.338883328294698,0.0,5.338883328294698,0.0,6.90875477931522,5.1594770838141155
4.806432013061156,5.956510717844453,5.956510717844453,0.0,5.139056506127375,6.2166061010848646,4.597393193423411
4.027986110459423,5.1017548874637395,0.0,5.1017548874637395,0.0,6.90875477931522,4.152912293618483
6.768870488746536,0.0,0.0,0.0,7.051790863283274,7.0909098220799835,5.0222675364756
4.93263695915688,6.091309882077698,0.0,6.091309882077698,0.0,6.90875477931522,5.137266083060194
5.805346196606349,4.409155302062135,4.409155302062135,0.0,6.041067223956711,6.2166061010848646,4.768661282278559
7.674125432056266,7.009174036107233,0.0,7.009174036107233,7.705864425189404,7.824445930877619,6.449568313945102
3.182901436695382,0.0,0.0,0.0,6.827600871153704,6.2166061010848646,6.375319994317742
6.838306383532062,7.041516645160715,0.0,7.041516645160715,7.016541820605011,6.90875477931522,6.865287418266885
1.9331717881128274,0.0,0.0,0.0,3.0307463627968505,6.2166061010848646,3.5072214471221104
3.391794344683036,5.147494476813453,4.212127597878484,4.658710952916121,0.0,7.313886831633462,4.488964765242633
6.079239256435339,0.0,0.0,0.0,6.1340156916918085,6.2166061010848646,4.268564262431179
5.325154575407985,5.955345020301596,5.135798437050262,5.379021393963,0.0,6.90875477931522,4.509998575582584
2.456598820586632,4.464642950851115,0.0,4.464642950851115,0.0,6.90875477931522,4.296946940782561
6.010262324122944,7.097780420161124,6.681231019508449,6.0233991656383274,4.355624623769345,7.601402334583733,5.169140081026486
4.465172928928604,6.200570024118265,0.0,6.200570024118265,0.0,6.90875477931522,6.017213116613704
2.9262500323452074,5.199877293734784,0.0,5.199877293734784,0.0,6.90875477931522,5.026950658410343
1.1950212585208804,0.0,0.0,0.0,5.064196699041968,6.2166061010848646,6.350825015046951
5.90879775056445,5.638354669333745,0.0,5.638354669333745,5.542434369280207,6.90875477931522,4.18351516058123
3.756100483481991,5.090431817622808,3.673765816303888,4.820765319544972,0.0,7.313886831633462,3.761858364116805
6.7967672507588075,6.866724929424145,6.866724929424145,0.0,6.3419646775646585,7.0909098220799835,6.383144505133752
7.019828178799071,5.6788748389500165,0.0,5.6788748389500165,7.376365387103166,7.601402334583733,4.318233502331712
5.798142448612449,7.9401494144980225,7.859231671044955,5.390212631252292,0.0,7.0909098220799835,7.494367283129259
5.940930530185803,6.311734809152915,3.9318256327243257,6.2166061010848646,5.965680553553006,6.2166061010848646,6.235204357767952
1.7608212810710353,0.0,0.0,0.0,3.679533592282553,6.2166061010848646,3.9515025504661803
3.2696660067158594,5.177561165412237,0.0,5.177561165412237,0.0,7.313886831633462,5.261553221558878
5.941799518481218,0.0,0.0,0.0,6.185062533233038,6.2166061010848646,4.551198539594836
3.556746597367767,5.207407491188194,0.0,5.207407491188194,0.0,7.313886831633462,4.914034705405724
6.147877270869396,6.854575996710656,6.212626135630879,6.109691928472632,0.0,7.313886831633462,3.683258762580718
3.8057873736345345,6.3658688922627755,0.0,6.3658688922627755,0.0,6.90875477931522,6.193776468884751
3.516600164540932,5.831882477283517,0.0,5.831882477283517,0.0,6.90875477931522,6.145044872171024
4.908402327000164,4.403054001865957,0.0,4.403054001865957,6.569017812263381,6.90875477931522,4.615601430886531
1.2696091289067397,4.763028270603671,0.0,4.763028270603671,0.0,7.313886831633462,5.551571719180575
3.1071514136251333,5.365368353797646,0.0,5.365368353797646,0.0,6.90875477931522,5.139988692712716
6.4650282676392905,6.621405651764134,6.621405651764134,0.0,0.0,6.90875477931522,4.66892348016565
5.878040200425575,6.144185634125646,6.144185634125646,0.0,0.0,6.90875477931522,4.785616552377639
3.4566059765726336,6.543076964774693,0.0,6.543076964774693,0.0,6.90875477931522,7.052305811649046
5.933696179342777,6.255750041753367,5.638354669333745,5.484796933490655,7.072763162063542,6.90875477931522,6.835631428233989
3.2842459501271932,4.647463098178343,0.0,4.647463098178343,0.0,7.313886831633462,4.324232267187685
5.208895710805261,0.0,0.0,0.0,7.531655143544015,7.601402334583733,8.426470900038465
5.946314598930472,4.3694478524670215,0.0,4.3694478524670215,6.8414112558396525,6.90875477931522,4.970634996612727
3.1391558517769225,5.162497643405501,0.0,5.162497643405501,0.0,7.313886831633462,5.349260155015563
7.53999360027151,0.0,0.0,0.0,7.756601909405619,7.824445930877619,5.405233526563484
2.509126305023217,5.049856007249537,0.0,5.049856007249537,0.0,6.90875477931522,5.01455160864885
2.7424373926135526,5.030437921392435,5.030437921392435,0.0,0.0,7.313886831633462,0.0
6.9623264920693035,0.0,0.0,0.0,7.507204888784573,7.601402334583733,4.021685765147778
1.4855528723585256,4.067658296959595,0.0,4.067658296959595,0.0,7.313886831633462,4.240788175909694
3.5499861980715273,4.990296523100725,0.0,4.990296523100725,0.0,7.313886831633462,4.001425843926176
6.189622218933287,7.549546005265252,6.845975615361671,6.867755862718272,0.0,7.0909098220799835,6.507336874813985
2.1206799294963687,4.31748811353631,4.31748811353631,0.0,0.0,8.006700845440367,5.374912641725878
4.63048702322191,6.039278044016987,0.0,6.039278044016987,0.0,6.90875477931522,6.048645571247872
3.9907854046256825,6.364750756851911,0.0,6.364750756851911,0.0,7.313886831633462,6.465060880481477
4.528711147627482,5.756374924775372,5.002603122398992,5.126342101808226,0.0,6.90875477931522,5.447920468944436
4.1482016772110715,6.2166061010848646,0.0,6.2166061010848646,0.0,6.90875477931522,6.126312319486868
5.920310355937144,0.0,0.0,0.0,7.290571102266476,7.313886831633462,0.0
5.44042446125042,4.442651256490317,0.0,4.442651256490317,5.7234263344475265,6.90875477931522,4.831299164476542
3.867321495309353,5.46721590300985,0.0,5.46721590300985,0.0,7.313886831633462,5.247499085639507
3.7025948663620607,5.198497031265826,0.0,5.198497031265826,0.0,6.90875477931522,4.93593502349151
6.602116007463551,6.43068675201428,5.547596391466873,5.899842557560669,6.306097174371584,6.90875477931522,4.6741233513534315
3.0568610506157516,4.7140245909001735,0.0,4.7140245909001735,0.0,7.313886831633462,5.0905351546445505
5.219366167961661,6.146115101976891,0.0,6.146115101976891,0.0,7.313886831633462,0.0
4.700273817189995,6.570182436916891,0.0,6.570182436916891,0.0,6.90875477931522,6.408061393543165
5.099876360701696,0.0,0.0,0.0,5.61837151086735,6.90875477931522,4.776926013193247
4.379754142017276,0.0,0.0,0.0,7.015879442444929,7.0909098220799835,7.243348651658405
6.592157220047748,6.600414568867172,6.600414568867172,0.0,5.484344706770236,6.90875477931522,4.297693989403979
4.881578098261208,6.383911958134843,0.0,6.383911958134843,0.0,6.90875477931522,6.16651654037067
8.694246775106889,5.373192901193144,0.0,5.373192901193144,9.054435909871426,9.105090961257085,6.8744083100487385
3.7336077849579783,4.738651577362572,0.0,4.738651577362572,0.0,6.90875477931522,4.559009256350294
1.927413274606999,3.086486636822455,3.086486636822455,0.0,0.0,6.2166061010848646,4.088408361125816
5.270800845729365,6.921391876505046,6.921391876505046,0.0,0.0,8.294299608857235,0.0
3.3841704764825464,5.677164676751909,0.0,5.677164676751909,0.0,6.90875477931522,5.788719223870862
3.0048513183906005,5.707110264748875,0.0,5.707110264748875,0.0,6.90875477931522,5.623516738224711
3.194528745574323,4.979488565099419,0.0,4.979488565099419,0.0,6.90875477931522,4.410015941338243
2.6712177378085515,0.0,0.0,0.0,3.6259071191995114,6.2166061010848646,3.9806150312538757
5.923474944499889,6.997824476071004,6.997824476071004,0.0,4.852342777582135,7.0909098220799835,4.1614641869440385
